ISO-10303-21;
HEADER;
FILE_DESCRIPTION(('KiCad electronic assembly'),'2;1');
FILE_NAME('dndbacklightmap.step','2026-02-17T22:55:09',('Pcbnew'),(
    'Kicad'),'Open CASCADE STEP processor 7.9','KiCad to STEP converter'
  ,'Unknown');
FILE_SCHEMA(('AUTOMOTIVE_DESIGN { 1 0 10303 214 1 1 1 1 }'));
ENDSEC;
DATA;
#1 = APPLICATION_PROTOCOL_DEFINITION('international standard',
  'automotive_design',2000,#2);
#2 = APPLICATION_CONTEXT(
  'core data for automotive mechanical design processes');
#3 = SHAPE_DEFINITION_REPRESENTATION(#4,#10);
#4 = PRODUCT_DEFINITION_SHAPE('','',#5);
#5 = PRODUCT_DEFINITION('design','',#6,#9);
#6 = PRODUCT_DEFINITION_FORMATION('','',#7);
#7 = PRODUCT('dndbacklightmap 1','dndbacklightmap 1','',(#8));
#8 = PRODUCT_CONTEXT('',#2,'mechanical');
#9 = PRODUCT_DEFINITION_CONTEXT('part definition',#2,'design');
#10 = SHAPE_REPRESENTATION('',(#11,#15,#19,#23,#27,#31,#35,#39,#43,#47,
    #51,#55,#59,#63,#67,#71,#75,#79,#83,#87,#91,#95,#99,#103,#107,#111,
    #115,#119,#123,#127,#131,#135,#139,#143,#147,#151,#155,#159,#163,
    #167,#171),#175);
#11 = AXIS2_PLACEMENT_3D('',#12,#13,#14);
#12 = CARTESIAN_POINT('',(0.,0.,0.));
#13 = DIRECTION('',(0.,0.,1.));
#14 = DIRECTION('',(1.,0.,-0.));
#15 = AXIS2_PLACEMENT_3D('',#16,#17,#18);
#16 = CARTESIAN_POINT('',(106.4999,-122.0622,1.595));
#17 = DIRECTION('',(0.,0.,1.));
#18 = DIRECTION('',(1.,0.,0.));
#19 = AXIS2_PLACEMENT_3D('',#20,#21,#22);
#20 = CARTESIAN_POINT('',(112.7363,-94.8436,1.595));
#21 = DIRECTION('',(0.,0.,1.));
#22 = DIRECTION('',(1.,0.,0.));
#23 = AXIS2_PLACEMENT_3D('',#24,#25,#26);
#24 = CARTESIAN_POINT('',(112.7252,-123.9774,1.595));
#25 = DIRECTION('',(0.,0.,1.));
#26 = DIRECTION('',(1.,0.,0.));
#27 = AXIS2_PLACEMENT_3D('',#28,#29,#30);
#28 = CARTESIAN_POINT('',(101.8794,-71.3232,1.595));
#29 = DIRECTION('',(-0.,0.,1.));
#30 = DIRECTION('',(1.110223024625E-16,-1.,0.));
#31 = AXIS2_PLACEMENT_3D('',#32,#33,#34);
#32 = CARTESIAN_POINT('',(106.4745,-71.2622,1.595));
#33 = DIRECTION('',(0.,0.,1.));
#34 = DIRECTION('',(1.,0.,0.));
#35 = AXIS2_PLACEMENT_3D('',#36,#37,#38);
#36 = CARTESIAN_POINT('',(152.6794,-122.1232,1.595));
#37 = DIRECTION('',(-0.,0.,1.));
#38 = DIRECTION('',(1.110223024625E-16,-1.,0.));
#39 = AXIS2_PLACEMENT_3D('',#40,#41,#42);
#40 = CARTESIAN_POINT('',(127.2794,-96.7232,1.595));
#41 = DIRECTION('',(-0.,0.,1.));
#42 = DIRECTION('',(1.110223024625E-16,-1.,0.));
#43 = AXIS2_PLACEMENT_3D('',#44,#45,#46);
#44 = CARTESIAN_POINT('',(138.1252,-123.9774,1.595));
#45 = DIRECTION('',(0.,0.,1.));
#46 = DIRECTION('',(1.,0.,0.));
#47 = AXIS2_PLACEMENT_3D('',#48,#49,#50);
#48 = CARTESIAN_POINT('',(112.7363,-69.4436,1.595));
#49 = DIRECTION('',(0.,0.,1.));
#50 = DIRECTION('',(1.,0.,0.));
#51 = AXIS2_PLACEMENT_3D('',#52,#53,#54);
#52 = CARTESIAN_POINT('',(152.6794,-96.7232,1.595));
#53 = DIRECTION('',(-0.,0.,1.));
#54 = DIRECTION('',(1.110223024625E-16,-1.,0.));
#55 = AXIS2_PLACEMENT_3D('',#56,#57,#58);
#56 = CARTESIAN_POINT('',(163.5252,-73.1774,1.595));
#57 = DIRECTION('',(0.,0.,1.));
#58 = DIRECTION('',(1.,0.,0.));
#59 = AXIS2_PLACEMENT_3D('',#60,#61,#62);
#60 = CARTESIAN_POINT('',(152.6794,-71.3232,1.595));
#61 = DIRECTION('',(-0.,0.,1.));
#62 = DIRECTION('',(1.110223024625E-16,-1.,0.));
#63 = AXIS2_PLACEMENT_3D('',#64,#65,#66);
#64 = CARTESIAN_POINT('',(101.8794,-96.7232,1.595));
#65 = DIRECTION('',(-0.,0.,1.));
#66 = DIRECTION('',(1.110223024625E-16,-1.,0.));
#67 = AXIS2_PLACEMENT_3D('',#68,#69,#70);
#68 = CARTESIAN_POINT('',(157.3276,-122.0216,1.595));
#69 = DIRECTION('',(0.,0.,1.));
#70 = DIRECTION('',(1.,0.,0.));
#71 = AXIS2_PLACEMENT_3D('',#72,#73,#74);
#72 = CARTESIAN_POINT('',(163.5363,-120.2436,1.595));
#73 = DIRECTION('',(0.,0.,1.));
#74 = DIRECTION('',(1.,0.,0.));
#75 = AXIS2_PLACEMENT_3D('',#76,#77,#78);
#76 = CARTESIAN_POINT('',(131.9807,-96.7486,1.595));
#77 = DIRECTION('',(0.,0.,1.));
#78 = DIRECTION('',(1.,0.,0.));
#79 = AXIS2_PLACEMENT_3D('',#80,#81,#82);
#80 = CARTESIAN_POINT('',(163.5252,-123.9774,1.595));
#81 = DIRECTION('',(0.,0.,1.));
#82 = DIRECTION('',(1.,0.,0.));
#83 = AXIS2_PLACEMENT_3D('',#84,#85,#86);
#84 = CARTESIAN_POINT('',(157.3276,-71.374,1.595));
#85 = DIRECTION('',(0.,0.,1.));
#86 = DIRECTION('',(1.,0.,0.));
#87 = AXIS2_PLACEMENT_3D('',#88,#89,#90);
#88 = CARTESIAN_POINT('',(112.7252,-98.5774,1.595));
#89 = DIRECTION('',(0.,0.,1.));
#90 = DIRECTION('',(1.,0.,0.));
#91 = AXIS2_PLACEMENT_3D('',#92,#93,#94);
#92 = CARTESIAN_POINT('',(112.7252,-73.1774,1.595));
#93 = DIRECTION('',(0.,0.,1.));
#94 = DIRECTION('',(1.,0.,0.));
#95 = AXIS2_PLACEMENT_3D('',#96,#97,#98);
#96 = CARTESIAN_POINT('',(138.1252,-98.5774,1.595));
#97 = DIRECTION('',(0.,0.,1.));
#98 = DIRECTION('',(1.,0.,0.));
#99 = AXIS2_PLACEMENT_3D('',#100,#101,#102);
#100 = CARTESIAN_POINT('',(163.5363,-94.8436,1.595));
#101 = DIRECTION('',(0.,0.,1.));
#102 = DIRECTION('',(1.,0.,0.));
#103 = AXIS2_PLACEMENT_3D('',#104,#105,#106);
#104 = CARTESIAN_POINT('',(127.2794,-71.3232,1.595));
#105 = DIRECTION('',(-0.,0.,1.));
#106 = DIRECTION('',(1.110223024625E-16,-1.,0.));
#107 = AXIS2_PLACEMENT_3D('',#108,#109,#110);
#108 = CARTESIAN_POINT('',(106.553,-96.7232,1.595));
#109 = DIRECTION('',(0.,0.,1.));
#110 = DIRECTION('',(1.,0.,0.));
#111 = AXIS2_PLACEMENT_3D('',#112,#113,#114);
#112 = CARTESIAN_POINT('',(127.2794,-122.1232,1.595));
#113 = DIRECTION('',(-0.,0.,1.));
#114 = DIRECTION('',(1.110223024625E-16,-1.,0.));
#115 = AXIS2_PLACEMENT_3D('',#116,#117,#118);
#116 = CARTESIAN_POINT('',(138.1363,-120.2436,1.595));
#117 = DIRECTION('',(0.,0.,1.));
#118 = DIRECTION('',(1.,0.,0.));
#119 = AXIS2_PLACEMENT_3D('',#120,#121,#122);
#120 = CARTESIAN_POINT('',(157.2514,-96.774,1.595));
#121 = DIRECTION('',(0.,0.,1.));
#122 = DIRECTION('',(1.,0.,0.));
#123 = AXIS2_PLACEMENT_3D('',#124,#125,#126);
#124 = CARTESIAN_POINT('',(163.5252,-98.5774,1.595));
#125 = DIRECTION('',(0.,0.,1.));
#126 = DIRECTION('',(1.,0.,0.));
#127 = AXIS2_PLACEMENT_3D('',#128,#129,#130);
#128 = CARTESIAN_POINT('',(138.1363,-69.4436,1.595));
#129 = DIRECTION('',(0.,0.,1.));
#130 = DIRECTION('',(1.,0.,0.));
#131 = AXIS2_PLACEMENT_3D('',#132,#133,#134);
#132 = CARTESIAN_POINT('',(138.1252,-73.1774,1.595));
#133 = DIRECTION('',(0.,0.,1.));
#134 = DIRECTION('',(1.,0.,0.));
#135 = AXIS2_PLACEMENT_3D('',#136,#137,#138);
#136 = CARTESIAN_POINT('',(112.7363,-120.2436,1.595));
#137 = DIRECTION('',(0.,0.,1.));
#138 = DIRECTION('',(1.,0.,0.));
#139 = AXIS2_PLACEMENT_3D('',#140,#141,#142);
#140 = CARTESIAN_POINT('',(163.5363,-69.4436,1.595));
#141 = DIRECTION('',(0.,0.,1.));
#142 = DIRECTION('',(1.,0.,0.));
#143 = AXIS2_PLACEMENT_3D('',#144,#145,#146);
#144 = CARTESIAN_POINT('',(131.9807,-71.3232,1.595));
#145 = DIRECTION('',(0.,0.,1.));
#146 = DIRECTION('',(1.,0.,0.));
#147 = AXIS2_PLACEMENT_3D('',#148,#149,#150);
#148 = CARTESIAN_POINT('',(131.9022,-122.047,1.595));
#149 = DIRECTION('',(0.,0.,1.));
#150 = DIRECTION('',(1.,0.,0.));
#151 = AXIS2_PLACEMENT_3D('',#152,#153,#154);
#152 = CARTESIAN_POINT('',(138.1363,-94.8436,1.595));
#153 = DIRECTION('',(0.,0.,1.));
#154 = DIRECTION('',(1.,0.,0.));
#155 = AXIS2_PLACEMENT_3D('',#156,#157,#158);
#156 = CARTESIAN_POINT('',(101.8794,-122.1232,1.595));
#157 = DIRECTION('',(-0.,0.,1.));
#158 = DIRECTION('',(1.110223024625E-16,-1.,0.));
#159 = AXIS2_PLACEMENT_3D('',#160,#161,#162);
#160 = CARTESIAN_POINT('',(124.4451,-119.507,-8.5E-02));
#161 = DIRECTION('',(0.,-1.224646799147E-16,-1.));
#162 = DIRECTION('',(1.,0.,0.));
#163 = AXIS2_PLACEMENT_3D('',#164,#165,#166);
#164 = CARTESIAN_POINT('',(105.6782,-115.7224,-8.5E-02));
#165 = DIRECTION('',(0.,-1.224646799147E-16,-1.));
#166 = DIRECTION('',(1.,0.,0.));
#167 = AXIS2_PLACEMENT_3D('',#168,#169,#170);
#168 = CARTESIAN_POINT('',(124.3695,-125.7046,-8.5E-02));
#169 = DIRECTION('',(0.,-1.224646799147E-16,-1.));
#170 = DIRECTION('',(1.,0.,0.));
#171 = AXIS2_PLACEMENT_3D('',#172,#173,#174);
#172 = CARTESIAN_POINT('',(0.,0.,0.));
#173 = DIRECTION('',(0.,0.,1.));
#174 = DIRECTION('',(1.,0.,-0.));
#175 = ( GEOMETRIC_REPRESENTATION_CONTEXT(3) 
GLOBAL_UNCERTAINTY_ASSIGNED_CONTEXT((#179)) GLOBAL_UNIT_ASSIGNED_CONTEXT
((#176,#177,#178)) REPRESENTATION_CONTEXT('Context #1',
  '3D Context with UNIT and UNCERTAINTY') );
#176 = ( LENGTH_UNIT() NAMED_UNIT(*) SI_UNIT(.MILLI.,.METRE.) );
#177 = ( NAMED_UNIT(*) PLANE_ANGLE_UNIT() SI_UNIT($,.RADIAN.) );
#178 = ( NAMED_UNIT(*) SI_UNIT($,.STERADIAN.) SOLID_ANGLE_UNIT() );
#179 = UNCERTAINTY_MEASURE_WITH_UNIT(LENGTH_MEASURE(1.E-07),#176,
  'distance_accuracy_value','confusion accuracy');
#180 = PRODUCT_RELATED_PRODUCT_CATEGORY('part',$,(#7));
#181 = SHAPE_DEFINITION_REPRESENTATION(#182,#188);
#182 = PRODUCT_DEFINITION_SHAPE('','',#183);
#183 = PRODUCT_DEFINITION('design','',#184,#187);
#184 = PRODUCT_DEFINITION_FORMATION('','',#185);
#185 = PRODUCT('SOT-23','SOT-23','',(#186));
#186 = PRODUCT_CONTEXT('',#2,'mechanical');
#187 = PRODUCT_DEFINITION_CONTEXT('part definition',#2,'design');
#188 = ADVANCED_BREP_SHAPE_REPRESENTATION('',(#11,#189),#2171);
#189 = MANIFOLD_SOLID_BREP('',#190);
#190 = CLOSED_SHELL('',(#191,#229,#292,#315,#344,#367,#422,#461,#484,
    #507,#524,#547,#635,#651,#681,#714,#745,#778,#795,#812,#845,#875,
    #898,#921,#938,#967,#1021,#1044,#1067,#1090,#1129,#1151,#1195,#1270,
    #1294,#1362,#1379,#1454,#1478,#1546,#1621,#1645,#1713,#1730,#1747,
    #1793,#1809,#1825,#1842,#1854,#1871,#1888,#1905,#1922,#1939,#1956,
    #1968,#1985,#2002,#2019,#2036,#2053,#2065,#2082,#2099,#2116,#2133,
    #2150,#2162));
#191 = ADVANCED_FACE('',(#192),#224,.F.);
#192 = FACE_BOUND('',#193,.F.);
#193 = EDGE_LOOP('',(#194,#204,#211,#219));
#194 = ORIENTED_EDGE('',*,*,#195,.T.);
#195 = EDGE_CURVE('',#196,#198,#200,.T.);
#196 = VERTEX_POINT('',#197);
#197 = CARTESIAN_POINT('',(-0.571621551758,1.433243103516,0.1));
#198 = VERTEX_POINT('',#199);
#199 = CARTESIAN_POINT('',(0.571621551758,1.433243103516,0.1));
#200 = LINE('',#201,#202);
#201 = CARTESIAN_POINT('',(-0.571621551758,1.433243103516,0.1));
#202 = VECTOR('',#203,1.);
#203 = DIRECTION('',(1.,1.110223024625E-16,0.));
#204 = ORIENTED_EDGE('',*,*,#205,.T.);
#205 = EDGE_CURVE('',#198,#206,#208,.T.);
#206 = VERTEX_POINT('',#207);
#207 = CARTESIAN_POINT('',(0.605,1.5,0.575));
#208 = B_SPLINE_CURVE_WITH_KNOTS('',1,(#209,#210),.UNSPECIFIED.,.F.,.F.,
  (2,2),(0.,1.),.PIECEWISE_BEZIER_KNOTS.);
#209 = CARTESIAN_POINT('',(0.571621551758,1.433243103516,0.1));
#210 = CARTESIAN_POINT('',(0.605,1.5,0.575));
#211 = ORIENTED_EDGE('',*,*,#212,.F.);
#212 = EDGE_CURVE('',#213,#206,#215,.T.);
#213 = VERTEX_POINT('',#214);
#214 = CARTESIAN_POINT('',(-0.605,1.5,0.575));
#215 = LINE('',#216,#217);
#216 = CARTESIAN_POINT('',(-0.605,1.5,0.575));
#217 = VECTOR('',#218,1.);
#218 = DIRECTION('',(1.,1.110223024625E-16,0.));
#219 = ORIENTED_EDGE('',*,*,#220,.F.);
#220 = EDGE_CURVE('',#196,#213,#221,.T.);
#221 = B_SPLINE_CURVE_WITH_KNOTS('',1,(#222,#223),.UNSPECIFIED.,.F.,.F.,
  (2,2),(0.,1.),.PIECEWISE_BEZIER_KNOTS.);
#222 = CARTESIAN_POINT('',(-0.571621551758,1.433243103516,0.1));
#223 = CARTESIAN_POINT('',(-0.605,1.5,0.575));
#224 = B_SPLINE_SURFACE_WITH_KNOTS('',1,1,(
    (#225,#226)
    ,(#227,#228
    )),.UNSPECIFIED.,.F.,.F.,.F.,(2,2),(2,2),(0.,1.21),(0.,1.),
  .PIECEWISE_BEZIER_KNOTS.);
#225 = CARTESIAN_POINT('',(-0.571621551758,1.433243103516,0.1));
#226 = CARTESIAN_POINT('',(-0.605,1.5,0.575));
#227 = CARTESIAN_POINT('',(0.571621551758,1.433243103516,0.1));
#228 = CARTESIAN_POINT('',(0.605,1.5,0.575));
#229 = ADVANCED_FACE('',(#230),#287,.T.);
#230 = FACE_BOUND('',#231,.T.);
#231 = EDGE_LOOP('',(#232,#233,#241,#249,#257,#265,#273,#281));
#232 = ORIENTED_EDGE('',*,*,#195,.T.);
#233 = ORIENTED_EDGE('',*,*,#234,.T.);
#234 = EDGE_CURVE('',#198,#235,#237,.T.);
#235 = VERTEX_POINT('',#236);
#236 = CARTESIAN_POINT('',(0.633243103516,1.371621551758,0.1));
#237 = LINE('',#238,#239);
#238 = CARTESIAN_POINT('',(0.571621551758,1.433243103516,0.1));
#239 = VECTOR('',#240,1.);
#240 = DIRECTION('',(0.707106781187,-0.707106781187,0.));
#241 = ORIENTED_EDGE('',*,*,#242,.T.);
#242 = EDGE_CURVE('',#235,#243,#245,.T.);
#243 = VERTEX_POINT('',#244);
#244 = CARTESIAN_POINT('',(0.633243103516,-1.371621551758,0.1));
#245 = LINE('',#246,#247);
#246 = CARTESIAN_POINT('',(0.633243103516,1.371621551758,0.1));
#247 = VECTOR('',#248,1.);
#248 = DIRECTION('',(1.110223024625E-16,-1.,0.));
#249 = ORIENTED_EDGE('',*,*,#250,.T.);
#250 = EDGE_CURVE('',#243,#251,#253,.T.);
#251 = VERTEX_POINT('',#252);
#252 = CARTESIAN_POINT('',(0.571621551758,-1.433243103516,0.1));
#253 = LINE('',#254,#255);
#254 = CARTESIAN_POINT('',(0.633243103516,-1.371621551758,0.1));
#255 = VECTOR('',#256,1.);
#256 = DIRECTION('',(-0.707106781187,-0.707106781187,0.));
#257 = ORIENTED_EDGE('',*,*,#258,.T.);
#258 = EDGE_CURVE('',#251,#259,#261,.T.);
#259 = VERTEX_POINT('',#260);
#260 = CARTESIAN_POINT('',(-0.571621551758,-1.433243103516,0.1));
#261 = LINE('',#262,#263);
#262 = CARTESIAN_POINT('',(0.571621551758,-1.433243103516,0.1));
#263 = VECTOR('',#264,1.);
#264 = DIRECTION('',(-1.,-1.110223024625E-16,0.));
#265 = ORIENTED_EDGE('',*,*,#266,.T.);
#266 = EDGE_CURVE('',#259,#267,#269,.T.);
#267 = VERTEX_POINT('',#268);
#268 = CARTESIAN_POINT('',(-0.633243103516,-1.371621551758,0.1));
#269 = LINE('',#270,#271);
#270 = CARTESIAN_POINT('',(-0.571621551758,-1.433243103516,0.1));
#271 = VECTOR('',#272,1.);
#272 = DIRECTION('',(-0.707106781187,0.707106781187,0.));
#273 = ORIENTED_EDGE('',*,*,#274,.T.);
#274 = EDGE_CURVE('',#267,#275,#277,.T.);
#275 = VERTEX_POINT('',#276);
#276 = CARTESIAN_POINT('',(-0.633243103516,1.371621551758,0.1));
#277 = LINE('',#278,#279);
#278 = CARTESIAN_POINT('',(-0.633243103516,-1.371621551758,0.1));
#279 = VECTOR('',#280,1.);
#280 = DIRECTION('',(-1.110223024625E-16,1.,0.));
#281 = ORIENTED_EDGE('',*,*,#282,.T.);
#282 = EDGE_CURVE('',#275,#196,#283,.T.);
#283 = LINE('',#284,#285);
#284 = CARTESIAN_POINT('',(-0.633243103516,1.371621551758,0.1));
#285 = VECTOR('',#286,1.);
#286 = DIRECTION('',(0.707106781187,0.707106781187,0.));
#287 = PLANE('',#288);
#288 = AXIS2_PLACEMENT_3D('',#289,#290,#291);
#289 = CARTESIAN_POINT('',(-0.571621551758,1.433243103516,0.1));
#290 = DIRECTION('',(0.,0.,-1.));
#291 = DIRECTION('',(0.370454302632,-0.928850692879,0.));
#292 = ADVANCED_FACE('',(#293),#310,.F.);
#293 = FACE_BOUND('',#294,.F.);
#294 = EDGE_LOOP('',(#295,#296,#303,#309));
#295 = ORIENTED_EDGE('',*,*,#234,.T.);
#296 = ORIENTED_EDGE('',*,*,#297,.T.);
#297 = EDGE_CURVE('',#235,#298,#300,.T.);
#298 = VERTEX_POINT('',#299);
#299 = CARTESIAN_POINT('',(0.7,1.405,0.575));
#300 = B_SPLINE_CURVE_WITH_KNOTS('',1,(#301,#302),.UNSPECIFIED.,.F.,.F.,
  (2,2),(0.,1.),.PIECEWISE_BEZIER_KNOTS.);
#301 = CARTESIAN_POINT('',(0.633243103516,1.371621551758,0.1));
#302 = CARTESIAN_POINT('',(0.7,1.405,0.575));
#303 = ORIENTED_EDGE('',*,*,#304,.F.);
#304 = EDGE_CURVE('',#206,#298,#305,.T.);
#305 = LINE('',#306,#307);
#306 = CARTESIAN_POINT('',(0.605,1.5,0.575));
#307 = VECTOR('',#308,1.);
#308 = DIRECTION('',(0.707106781187,-0.707106781187,0.));
#309 = ORIENTED_EDGE('',*,*,#205,.F.);
#310 = B_SPLINE_SURFACE_WITH_KNOTS('',1,1,(
    (#311,#312)
    ,(#313,#314
    )),.UNSPECIFIED.,.F.,.F.,.F.,(2,2),(2,2),(0.,0.134350288425),(0.,1.)
  ,.PIECEWISE_BEZIER_KNOTS.);
#311 = CARTESIAN_POINT('',(0.571621551758,1.433243103516,0.1));
#312 = CARTESIAN_POINT('',(0.605,1.5,0.575));
#313 = CARTESIAN_POINT('',(0.633243103516,1.371621551758,0.1));
#314 = CARTESIAN_POINT('',(0.7,1.405,0.575));
#315 = ADVANCED_FACE('',(#316),#339,.F.);
#316 = FACE_BOUND('',#317,.F.);
#317 = EDGE_LOOP('',(#318,#319,#326,#334));
#318 = ORIENTED_EDGE('',*,*,#212,.T.);
#319 = ORIENTED_EDGE('',*,*,#320,.T.);
#320 = EDGE_CURVE('',#206,#321,#323,.T.);
#321 = VERTEX_POINT('',#322);
#322 = CARTESIAN_POINT('',(0.605,1.5,0.725));
#323 = B_SPLINE_CURVE_WITH_KNOTS('',1,(#324,#325),.UNSPECIFIED.,.F.,.F.,
  (2,2),(0.,1.),.PIECEWISE_BEZIER_KNOTS.);
#324 = CARTESIAN_POINT('',(0.605,1.5,0.575));
#325 = CARTESIAN_POINT('',(0.605,1.5,0.725));
#326 = ORIENTED_EDGE('',*,*,#327,.F.);
#327 = EDGE_CURVE('',#328,#321,#330,.T.);
#328 = VERTEX_POINT('',#329);
#329 = CARTESIAN_POINT('',(-0.605,1.5,0.725));
#330 = LINE('',#331,#332);
#331 = CARTESIAN_POINT('',(-0.605,1.5,0.725));
#332 = VECTOR('',#333,1.);
#333 = DIRECTION('',(1.,1.110223024625E-16,0.));
#334 = ORIENTED_EDGE('',*,*,#335,.F.);
#335 = EDGE_CURVE('',#213,#328,#336,.T.);
#336 = B_SPLINE_CURVE_WITH_KNOTS('',1,(#337,#338),.UNSPECIFIED.,.F.,.F.,
  (2,2),(0.,1.),.PIECEWISE_BEZIER_KNOTS.);
#337 = CARTESIAN_POINT('',(-0.605,1.5,0.575));
#338 = CARTESIAN_POINT('',(-0.605,1.5,0.725));
#339 = PLANE('',#340);
#340 = AXIS2_PLACEMENT_3D('',#341,#342,#343);
#341 = CARTESIAN_POINT('',(-0.605,1.5,0.725));
#342 = DIRECTION('',(1.110223024625E-16,-1.,0.));
#343 = DIRECTION('',(1.,1.110223024625E-16,0.));
#344 = ADVANCED_FACE('',(#345),#362,.F.);
#345 = FACE_BOUND('',#346,.F.);
#346 = EDGE_LOOP('',(#347,#348,#349,#357));
#347 = ORIENTED_EDGE('',*,*,#282,.T.);
#348 = ORIENTED_EDGE('',*,*,#220,.T.);
#349 = ORIENTED_EDGE('',*,*,#350,.F.);
#350 = EDGE_CURVE('',#351,#213,#353,.T.);
#351 = VERTEX_POINT('',#352);
#352 = CARTESIAN_POINT('',(-0.7,1.405,0.575));
#353 = LINE('',#354,#355);
#354 = CARTESIAN_POINT('',(-0.7,1.405,0.575));
#355 = VECTOR('',#356,1.);
#356 = DIRECTION('',(0.707106781187,0.707106781187,0.));
#357 = ORIENTED_EDGE('',*,*,#358,.F.);
#358 = EDGE_CURVE('',#275,#351,#359,.T.);
#359 = B_SPLINE_CURVE_WITH_KNOTS('',1,(#360,#361),.UNSPECIFIED.,.F.,.F.,
  (2,2),(0.,1.),.PIECEWISE_BEZIER_KNOTS.);
#360 = CARTESIAN_POINT('',(-0.633243103516,1.371621551758,0.1));
#361 = CARTESIAN_POINT('',(-0.7,1.405,0.575));
#362 = B_SPLINE_SURFACE_WITH_KNOTS('',1,1,(
    (#363,#364)
    ,(#365,#366
    )),.UNSPECIFIED.,.F.,.F.,.F.,(2,2),(2,2),(0.,0.134350288425),(0.,1.)
  ,.PIECEWISE_BEZIER_KNOTS.);
#363 = CARTESIAN_POINT('',(-0.633243103516,1.371621551758,0.1));
#364 = CARTESIAN_POINT('',(-0.7,1.405,0.575));
#365 = CARTESIAN_POINT('',(-0.571621551758,1.433243103516,0.1));
#366 = CARTESIAN_POINT('',(-0.605,1.5,0.575));
#367 = ADVANCED_FACE('',(#368),#417,.F.);
#368 = FACE_BOUND('',#369,.F.);
#369 = EDGE_LOOP('',(#370,#371,#372,#380,#388,#396,#404,#412));
#370 = ORIENTED_EDGE('',*,*,#274,.T.);
#371 = ORIENTED_EDGE('',*,*,#358,.T.);
#372 = ORIENTED_EDGE('',*,*,#373,.F.);
#373 = EDGE_CURVE('',#374,#351,#376,.T.);
#374 = VERTEX_POINT('',#375);
#375 = CARTESIAN_POINT('',(-0.7,1.15,0.575));
#376 = LINE('',#377,#378);
#377 = CARTESIAN_POINT('',(-0.7,-1.405,0.575));
#378 = VECTOR('',#379,1.);
#379 = DIRECTION('',(-1.110223024625E-16,1.,0.));
#380 = ORIENTED_EDGE('',*,*,#381,.F.);
#381 = EDGE_CURVE('',#382,#374,#384,.T.);
#382 = VERTEX_POINT('',#383);
#383 = CARTESIAN_POINT('',(-0.7,0.75,0.575));
#384 = LINE('',#385,#386);
#385 = CARTESIAN_POINT('',(-0.7,0.75,0.575));
#386 = VECTOR('',#387,1.);
#387 = DIRECTION('',(1.144237745222E-17,1.,0.));
#388 = ORIENTED_EDGE('',*,*,#389,.F.);
#389 = EDGE_CURVE('',#390,#382,#392,.T.);
#390 = VERTEX_POINT('',#391);
#391 = CARTESIAN_POINT('',(-0.7,-0.75,0.575));
#392 = LINE('',#393,#394);
#393 = CARTESIAN_POINT('',(-0.7,-1.405,0.575));
#394 = VECTOR('',#395,1.);
#395 = DIRECTION('',(-1.110223024625E-16,1.,0.));
#396 = ORIENTED_EDGE('',*,*,#397,.F.);
#397 = EDGE_CURVE('',#398,#390,#400,.T.);
#398 = VERTEX_POINT('',#399);
#399 = CARTESIAN_POINT('',(-0.7,-1.15,0.575));
#400 = LINE('',#401,#402);
#401 = CARTESIAN_POINT('',(-0.7,-1.15,0.575));
#402 = VECTOR('',#403,1.);
#403 = DIRECTION('',(1.144237745222E-17,1.,0.));
#404 = ORIENTED_EDGE('',*,*,#405,.F.);
#405 = EDGE_CURVE('',#406,#398,#408,.T.);
#406 = VERTEX_POINT('',#407);
#407 = CARTESIAN_POINT('',(-0.7,-1.405,0.575));
#408 = LINE('',#409,#410);
#409 = CARTESIAN_POINT('',(-0.7,-1.405,0.575));
#410 = VECTOR('',#411,1.);
#411 = DIRECTION('',(-1.110223024625E-16,1.,0.));
#412 = ORIENTED_EDGE('',*,*,#413,.F.);
#413 = EDGE_CURVE('',#267,#406,#414,.T.);
#414 = B_SPLINE_CURVE_WITH_KNOTS('',1,(#415,#416),.UNSPECIFIED.,.F.,.F.,
  (2,2),(0.,1.),.PIECEWISE_BEZIER_KNOTS.);
#415 = CARTESIAN_POINT('',(-0.633243103516,-1.371621551758,0.1));
#416 = CARTESIAN_POINT('',(-0.7,-1.405,0.575));
#417 = B_SPLINE_SURFACE_WITH_KNOTS('',1,1,(
    (#418,#419)
    ,(#420,#421
    )),.UNSPECIFIED.,.F.,.F.,.F.,(2,2),(2,2),(0.,2.81),(0.,1.),
  .PIECEWISE_BEZIER_KNOTS.);
#418 = CARTESIAN_POINT('',(-0.633243103516,-1.371621551758,0.1));
#419 = CARTESIAN_POINT('',(-0.7,-1.405,0.575));
#420 = CARTESIAN_POINT('',(-0.633243103516,1.371621551758,0.1));
#421 = CARTESIAN_POINT('',(-0.7,1.405,0.575));
#422 = ADVANCED_FACE('',(#423),#456,.F.);
#423 = FACE_BOUND('',#424,.F.);
#424 = EDGE_LOOP('',(#425,#426,#433,#441,#449,#455));
#425 = ORIENTED_EDGE('',*,*,#242,.T.);
#426 = ORIENTED_EDGE('',*,*,#427,.T.);
#427 = EDGE_CURVE('',#243,#428,#430,.T.);
#428 = VERTEX_POINT('',#429);
#429 = CARTESIAN_POINT('',(0.7,-1.405,0.575));
#430 = B_SPLINE_CURVE_WITH_KNOTS('',1,(#431,#432),.UNSPECIFIED.,.F.,.F.,
  (2,2),(0.,1.),.PIECEWISE_BEZIER_KNOTS.);
#431 = CARTESIAN_POINT('',(0.633243103516,-1.371621551758,0.1));
#432 = CARTESIAN_POINT('',(0.7,-1.405,0.575));
#433 = ORIENTED_EDGE('',*,*,#434,.F.);
#434 = EDGE_CURVE('',#435,#428,#437,.T.);
#435 = VERTEX_POINT('',#436);
#436 = CARTESIAN_POINT('',(0.7,-0.2,0.575));
#437 = LINE('',#438,#439);
#438 = CARTESIAN_POINT('',(0.7,1.405,0.575));
#439 = VECTOR('',#440,1.);
#440 = DIRECTION('',(1.110223024625E-16,-1.,0.));
#441 = ORIENTED_EDGE('',*,*,#442,.F.);
#442 = EDGE_CURVE('',#443,#435,#445,.T.);
#443 = VERTEX_POINT('',#444);
#444 = CARTESIAN_POINT('',(0.7,0.2,0.575));
#445 = LINE('',#446,#447);
#446 = CARTESIAN_POINT('',(0.7,0.2,0.575));
#447 = VECTOR('',#448,1.);
#448 = DIRECTION('',(1.110223024625E-16,-1.,0.));
#449 = ORIENTED_EDGE('',*,*,#450,.F.);
#450 = EDGE_CURVE('',#298,#443,#451,.T.);
#451 = LINE('',#452,#453);
#452 = CARTESIAN_POINT('',(0.7,1.405,0.575));
#453 = VECTOR('',#454,1.);
#454 = DIRECTION('',(1.110223024625E-16,-1.,0.));
#455 = ORIENTED_EDGE('',*,*,#297,.F.);
#456 = B_SPLINE_SURFACE_WITH_KNOTS('',1,1,(
    (#457,#458)
    ,(#459,#460
    )),.UNSPECIFIED.,.F.,.F.,.F.,(2,2),(2,2),(0.,2.81),(0.,1.),
  .PIECEWISE_BEZIER_KNOTS.);
#457 = CARTESIAN_POINT('',(0.633243103516,1.371621551758,0.1));
#458 = CARTESIAN_POINT('',(0.7,1.405,0.575));
#459 = CARTESIAN_POINT('',(0.633243103516,-1.371621551758,0.1));
#460 = CARTESIAN_POINT('',(0.7,-1.405,0.575));
#461 = ADVANCED_FACE('',(#462),#479,.F.);
#462 = FACE_BOUND('',#463,.F.);
#463 = EDGE_LOOP('',(#464,#465,#466,#474));
#464 = ORIENTED_EDGE('',*,*,#266,.T.);
#465 = ORIENTED_EDGE('',*,*,#413,.T.);
#466 = ORIENTED_EDGE('',*,*,#467,.F.);
#467 = EDGE_CURVE('',#468,#406,#470,.T.);
#468 = VERTEX_POINT('',#469);
#469 = CARTESIAN_POINT('',(-0.605,-1.5,0.575));
#470 = LINE('',#471,#472);
#471 = CARTESIAN_POINT('',(-0.605,-1.5,0.575));
#472 = VECTOR('',#473,1.);
#473 = DIRECTION('',(-0.707106781187,0.707106781187,0.));
#474 = ORIENTED_EDGE('',*,*,#475,.F.);
#475 = EDGE_CURVE('',#259,#468,#476,.T.);
#476 = B_SPLINE_CURVE_WITH_KNOTS('',1,(#477,#478),.UNSPECIFIED.,.F.,.F.,
  (2,2),(0.,1.),.PIECEWISE_BEZIER_KNOTS.);
#477 = CARTESIAN_POINT('',(-0.571621551758,-1.433243103516,0.1));
#478 = CARTESIAN_POINT('',(-0.605,-1.5,0.575));
#479 = B_SPLINE_SURFACE_WITH_KNOTS('',1,1,(
    (#480,#481)
    ,(#482,#483
    )),.UNSPECIFIED.,.F.,.F.,.F.,(2,2),(2,2),(0.,0.134350288425),(0.,1.)
  ,.PIECEWISE_BEZIER_KNOTS.);
#480 = CARTESIAN_POINT('',(-0.571621551758,-1.433243103516,0.1));
#481 = CARTESIAN_POINT('',(-0.605,-1.5,0.575));
#482 = CARTESIAN_POINT('',(-0.633243103516,-1.371621551758,0.1));
#483 = CARTESIAN_POINT('',(-0.7,-1.405,0.575));
#484 = ADVANCED_FACE('',(#485),#502,.F.);
#485 = FACE_BOUND('',#486,.F.);
#486 = EDGE_LOOP('',(#487,#488,#495,#501));
#487 = ORIENTED_EDGE('',*,*,#250,.T.);
#488 = ORIENTED_EDGE('',*,*,#489,.T.);
#489 = EDGE_CURVE('',#251,#490,#492,.T.);
#490 = VERTEX_POINT('',#491);
#491 = CARTESIAN_POINT('',(0.605,-1.5,0.575));
#492 = B_SPLINE_CURVE_WITH_KNOTS('',1,(#493,#494),.UNSPECIFIED.,.F.,.F.,
  (2,2),(0.,1.),.PIECEWISE_BEZIER_KNOTS.);
#493 = CARTESIAN_POINT('',(0.571621551758,-1.433243103516,0.1));
#494 = CARTESIAN_POINT('',(0.605,-1.5,0.575));
#495 = ORIENTED_EDGE('',*,*,#496,.F.);
#496 = EDGE_CURVE('',#428,#490,#497,.T.);
#497 = LINE('',#498,#499);
#498 = CARTESIAN_POINT('',(0.7,-1.405,0.575));
#499 = VECTOR('',#500,1.);
#500 = DIRECTION('',(-0.707106781187,-0.707106781187,0.));
#501 = ORIENTED_EDGE('',*,*,#427,.F.);
#502 = B_SPLINE_SURFACE_WITH_KNOTS('',1,1,(
    (#503,#504)
    ,(#505,#506
    )),.UNSPECIFIED.,.F.,.F.,.F.,(2,2),(2,2),(0.,0.134350288425),(0.,1.)
  ,.PIECEWISE_BEZIER_KNOTS.);
#503 = CARTESIAN_POINT('',(0.633243103516,-1.371621551758,0.1));
#504 = CARTESIAN_POINT('',(0.7,-1.405,0.575));
#505 = CARTESIAN_POINT('',(0.571621551758,-1.433243103516,0.1));
#506 = CARTESIAN_POINT('',(0.605,-1.5,0.575));
#507 = ADVANCED_FACE('',(#508),#519,.F.);
#508 = FACE_BOUND('',#509,.F.);
#509 = EDGE_LOOP('',(#510,#511,#512,#518));
#510 = ORIENTED_EDGE('',*,*,#258,.T.);
#511 = ORIENTED_EDGE('',*,*,#475,.T.);
#512 = ORIENTED_EDGE('',*,*,#513,.F.);
#513 = EDGE_CURVE('',#490,#468,#514,.T.);
#514 = LINE('',#515,#516);
#515 = CARTESIAN_POINT('',(0.605,-1.5,0.575));
#516 = VECTOR('',#517,1.);
#517 = DIRECTION('',(-1.,-1.110223024625E-16,0.));
#518 = ORIENTED_EDGE('',*,*,#489,.F.);
#519 = B_SPLINE_SURFACE_WITH_KNOTS('',1,1,(
    (#520,#521)
    ,(#522,#523
    )),.UNSPECIFIED.,.F.,.F.,.F.,(2,2),(2,2),(0.,1.21),(0.,1.),
  .PIECEWISE_BEZIER_KNOTS.);
#520 = CARTESIAN_POINT('',(0.571621551758,-1.433243103516,0.1));
#521 = CARTESIAN_POINT('',(0.605,-1.5,0.575));
#522 = CARTESIAN_POINT('',(-0.571621551758,-1.433243103516,0.1));
#523 = CARTESIAN_POINT('',(-0.605,-1.5,0.575));
#524 = ADVANCED_FACE('',(#525),#542,.F.);
#525 = FACE_BOUND('',#526,.F.);
#526 = EDGE_LOOP('',(#527,#528,#535,#541));
#527 = ORIENTED_EDGE('',*,*,#304,.T.);
#528 = ORIENTED_EDGE('',*,*,#529,.T.);
#529 = EDGE_CURVE('',#298,#530,#532,.T.);
#530 = VERTEX_POINT('',#531);
#531 = CARTESIAN_POINT('',(0.7,1.405,0.725));
#532 = B_SPLINE_CURVE_WITH_KNOTS('',1,(#533,#534),.UNSPECIFIED.,.F.,.F.,
  (2,2),(0.,1.),.PIECEWISE_BEZIER_KNOTS.);
#533 = CARTESIAN_POINT('',(0.7,1.405,0.575));
#534 = CARTESIAN_POINT('',(0.7,1.405,0.725));
#535 = ORIENTED_EDGE('',*,*,#536,.F.);
#536 = EDGE_CURVE('',#321,#530,#537,.T.);
#537 = LINE('',#538,#539);
#538 = CARTESIAN_POINT('',(0.605,1.5,0.725));
#539 = VECTOR('',#540,1.);
#540 = DIRECTION('',(0.707106781187,-0.707106781187,0.));
#541 = ORIENTED_EDGE('',*,*,#320,.F.);
#542 = PLANE('',#543);
#543 = AXIS2_PLACEMENT_3D('',#544,#545,#546);
#544 = CARTESIAN_POINT('',(0.605,1.5,0.725));
#545 = DIRECTION('',(-0.707106781187,-0.707106781187,0.));
#546 = DIRECTION('',(0.707106781187,-0.707106781187,0.));
#547 = ADVANCED_FACE('',(#548),#630,.F.);
#548 = FACE_BOUND('',#549,.F.);
#549 = EDGE_LOOP('',(#550,#558,#559,#560,#568,#576,#584,#592,#600,#608,
    #616,#624));
#550 = ORIENTED_EDGE('',*,*,#551,.T.);
#551 = EDGE_CURVE('',#552,#328,#554,.T.);
#552 = VERTEX_POINT('',#553);
#553 = CARTESIAN_POINT('',(-0.7,1.405,0.725));
#554 = LINE('',#555,#556);
#555 = CARTESIAN_POINT('',(-0.7,1.405,0.725));
#556 = VECTOR('',#557,1.);
#557 = DIRECTION('',(0.707106781187,0.707106781187,0.));
#558 = ORIENTED_EDGE('',*,*,#327,.T.);
#559 = ORIENTED_EDGE('',*,*,#536,.T.);
#560 = ORIENTED_EDGE('',*,*,#561,.T.);
#561 = EDGE_CURVE('',#530,#562,#564,.T.);
#562 = VERTEX_POINT('',#563);
#563 = CARTESIAN_POINT('',(0.7,0.2,0.725));
#564 = LINE('',#565,#566);
#565 = CARTESIAN_POINT('',(0.7,1.405,0.725));
#566 = VECTOR('',#567,1.);
#567 = DIRECTION('',(1.110223024625E-16,-1.,0.));
#568 = ORIENTED_EDGE('',*,*,#569,.T.);
#569 = EDGE_CURVE('',#562,#570,#572,.T.);
#570 = VERTEX_POINT('',#571);
#571 = CARTESIAN_POINT('',(0.675,0.2,0.725));
#572 = LINE('',#573,#574);
#573 = CARTESIAN_POINT('',(0.7,0.2,0.725));
#574 = VECTOR('',#575,1.);
#575 = DIRECTION('',(-1.,-1.110223024625E-16,0.));
#576 = ORIENTED_EDGE('',*,*,#577,.F.);
#577 = EDGE_CURVE('',#578,#570,#580,.T.);
#578 = VERTEX_POINT('',#579);
#579 = CARTESIAN_POINT('',(0.675,1.3925,0.725));
#580 = LINE('',#581,#582);
#581 = CARTESIAN_POINT('',(0.675,1.3925,0.725));
#582 = VECTOR('',#583,1.);
#583 = DIRECTION('',(1.110223024625E-16,-1.,0.));
#584 = ORIENTED_EDGE('',*,*,#585,.F.);
#585 = EDGE_CURVE('',#586,#578,#588,.T.);
#586 = VERTEX_POINT('',#587);
#587 = CARTESIAN_POINT('',(0.5925,1.475,0.725));
#588 = LINE('',#589,#590);
#589 = CARTESIAN_POINT('',(0.5925,1.475,0.725));
#590 = VECTOR('',#591,1.);
#591 = DIRECTION('',(0.707106781187,-0.707106781187,0.));
#592 = ORIENTED_EDGE('',*,*,#593,.F.);
#593 = EDGE_CURVE('',#594,#586,#596,.T.);
#594 = VERTEX_POINT('',#595);
#595 = CARTESIAN_POINT('',(-0.5925,1.475,0.725));
#596 = LINE('',#597,#598);
#597 = CARTESIAN_POINT('',(-0.5925,1.475,0.725));
#598 = VECTOR('',#599,1.);
#599 = DIRECTION('',(1.,1.110223024625E-16,0.));
#600 = ORIENTED_EDGE('',*,*,#601,.F.);
#601 = EDGE_CURVE('',#602,#594,#604,.T.);
#602 = VERTEX_POINT('',#603);
#603 = CARTESIAN_POINT('',(-0.675,1.3925,0.725));
#604 = LINE('',#605,#606);
#605 = CARTESIAN_POINT('',(-0.675,1.3925,0.725));
#606 = VECTOR('',#607,1.);
#607 = DIRECTION('',(0.707106781187,0.707106781187,0.));
#608 = ORIENTED_EDGE('',*,*,#609,.F.);
#609 = EDGE_CURVE('',#610,#602,#612,.T.);
#610 = VERTEX_POINT('',#611);
#611 = CARTESIAN_POINT('',(-0.675,1.15,0.725));
#612 = LINE('',#613,#614);
#613 = CARTESIAN_POINT('',(-0.675,-1.3925,0.725));
#614 = VECTOR('',#615,1.);
#615 = DIRECTION('',(-1.110223024625E-16,1.,0.));
#616 = ORIENTED_EDGE('',*,*,#617,.F.);
#617 = EDGE_CURVE('',#618,#610,#620,.T.);
#618 = VERTEX_POINT('',#619);
#619 = CARTESIAN_POINT('',(-0.7,1.15,0.725));
#620 = LINE('',#621,#622);
#621 = CARTESIAN_POINT('',(-0.7,1.15,0.725));
#622 = VECTOR('',#623,1.);
#623 = DIRECTION('',(1.,-1.144237745222E-17,0.));
#624 = ORIENTED_EDGE('',*,*,#625,.T.);
#625 = EDGE_CURVE('',#618,#552,#626,.T.);
#626 = LINE('',#627,#628);
#627 = CARTESIAN_POINT('',(-0.7,-1.405,0.725));
#628 = VECTOR('',#629,1.);
#629 = DIRECTION('',(-1.110223024625E-16,1.,0.));
#630 = PLANE('',#631);
#631 = AXIS2_PLACEMENT_3D('',#632,#633,#634);
#632 = CARTESIAN_POINT('',(-1.486299604971E-16,1.4875,0.725));
#633 = DIRECTION('',(1.022886882533E-31,-6.310887241768E-27,-1.));
#634 = DIRECTION('',(1.,1.217738924546E-16,1.022886882525E-31));
#635 = ADVANCED_FACE('',(#636),#646,.F.);
#636 = FACE_BOUND('',#637,.F.);
#637 = EDGE_LOOP('',(#638,#639,#640,#641));
#638 = ORIENTED_EDGE('',*,*,#350,.T.);
#639 = ORIENTED_EDGE('',*,*,#335,.T.);
#640 = ORIENTED_EDGE('',*,*,#551,.F.);
#641 = ORIENTED_EDGE('',*,*,#642,.F.);
#642 = EDGE_CURVE('',#351,#552,#643,.T.);
#643 = B_SPLINE_CURVE_WITH_KNOTS('',1,(#644,#645),.UNSPECIFIED.,.F.,.F.,
  (2,2),(0.,1.),.PIECEWISE_BEZIER_KNOTS.);
#644 = CARTESIAN_POINT('',(-0.7,1.405,0.575));
#645 = CARTESIAN_POINT('',(-0.7,1.405,0.725));
#646 = PLANE('',#647);
#647 = AXIS2_PLACEMENT_3D('',#648,#649,#650);
#648 = CARTESIAN_POINT('',(-0.7,1.405,0.725));
#649 = DIRECTION('',(0.707106781187,-0.707106781187,0.));
#650 = DIRECTION('',(0.707106781187,0.707106781187,0.));
#651 = ADVANCED_FACE('',(#652),#676,.F.);
#652 = FACE_BOUND('',#653,.F.);
#653 = EDGE_LOOP('',(#654,#661,#662,#670));
#654 = ORIENTED_EDGE('',*,*,#655,.F.);
#655 = EDGE_CURVE('',#406,#656,#658,.T.);
#656 = VERTEX_POINT('',#657);
#657 = CARTESIAN_POINT('',(-0.7,-1.405,0.725));
#658 = B_SPLINE_CURVE_WITH_KNOTS('',1,(#659,#660),.UNSPECIFIED.,.F.,.F.,
  (2,2),(0.,1.),.PIECEWISE_BEZIER_KNOTS.);
#659 = CARTESIAN_POINT('',(-0.7,-1.405,0.575));
#660 = CARTESIAN_POINT('',(-0.7,-1.405,0.725));
#661 = ORIENTED_EDGE('',*,*,#405,.T.);
#662 = ORIENTED_EDGE('',*,*,#663,.T.);
#663 = EDGE_CURVE('',#398,#664,#666,.T.);
#664 = VERTEX_POINT('',#665);
#665 = CARTESIAN_POINT('',(-0.7,-1.15,0.725));
#666 = LINE('',#667,#668);
#667 = CARTESIAN_POINT('',(-0.7,-1.15,0.529763586955));
#668 = VECTOR('',#669,1.);
#669 = DIRECTION('',(0.,0.,1.));
#670 = ORIENTED_EDGE('',*,*,#671,.F.);
#671 = EDGE_CURVE('',#656,#664,#672,.T.);
#672 = LINE('',#673,#674);
#673 = CARTESIAN_POINT('',(-0.7,-1.405,0.725));
#674 = VECTOR('',#675,1.);
#675 = DIRECTION('',(-1.110223024625E-16,1.,0.));
#676 = PLANE('',#677);
#677 = AXIS2_PLACEMENT_3D('',#678,#679,#680);
#678 = CARTESIAN_POINT('',(-0.7,-1.405,0.725));
#679 = DIRECTION('',(1.,1.110223024625E-16,0.));
#680 = DIRECTION('',(-1.110223024625E-16,1.,0.));
#681 = ADVANCED_FACE('',(#682),#709,.F.);
#682 = FACE_BOUND('',#683,.F.);
#683 = EDGE_LOOP('',(#684,#685,#694,#702));
#684 = ORIENTED_EDGE('',*,*,#397,.T.);
#685 = ORIENTED_EDGE('',*,*,#686,.T.);
#686 = EDGE_CURVE('',#390,#687,#689,.T.);
#687 = VERTEX_POINT('',#688);
#688 = CARTESIAN_POINT('',(-0.798480775301,-0.75,0.492364817767));
#689 = CIRCLE('',#690,0.1);
#690 = AXIS2_PLACEMENT_3D('',#691,#692,#693);
#691 = CARTESIAN_POINT('',(-0.7,-0.75,0.475));
#692 = DIRECTION('',(-1.144237745222E-17,-1.,-5.473822126269E-48));
#693 = DIRECTION('',(2.22044604925E-15,-2.540718180781E-32,1.));
#694 = ORIENTED_EDGE('',*,*,#695,.F.);
#695 = EDGE_CURVE('',#696,#687,#698,.T.);
#696 = VERTEX_POINT('',#697);
#697 = CARTESIAN_POINT('',(-0.798480775301,-1.15,0.492364817767));
#698 = LINE('',#699,#700);
#699 = CARTESIAN_POINT('',(-0.798480775301,-1.15,0.492364817767));
#700 = VECTOR('',#701,1.);
#701 = DIRECTION('',(1.144237745222E-17,1.,0.));
#702 = ORIENTED_EDGE('',*,*,#703,.F.);
#703 = EDGE_CURVE('',#398,#696,#704,.T.);
#704 = CIRCLE('',#705,0.1);
#705 = AXIS2_PLACEMENT_3D('',#706,#707,#708);
#706 = CARTESIAN_POINT('',(-0.7,-1.15,0.475));
#707 = DIRECTION('',(-1.144237745222E-17,-1.,-5.473822126269E-48));
#708 = DIRECTION('',(2.22044604925E-15,-2.540718180781E-32,1.));
#709 = CYLINDRICAL_SURFACE('',#710,0.1);
#710 = AXIS2_PLACEMENT_3D('',#711,#712,#713);
#711 = CARTESIAN_POINT('',(-0.7,-1.15,0.475));
#712 = DIRECTION('',(-1.144237745222E-17,-1.,0.));
#713 = DIRECTION('',(2.22044604925E-15,-2.540718180781E-32,1.));
#714 = ADVANCED_FACE('',(#715),#740,.F.);
#715 = FACE_BOUND('',#716,.F.);
#716 = EDGE_LOOP('',(#717,#725,#726,#734));
#717 = ORIENTED_EDGE('',*,*,#718,.F.);
#718 = EDGE_CURVE('',#390,#719,#721,.T.);
#719 = VERTEX_POINT('',#720);
#720 = CARTESIAN_POINT('',(-0.7,-0.75,0.725));
#721 = LINE('',#722,#723);
#722 = CARTESIAN_POINT('',(-0.7,-0.75,0.529763586955));
#723 = VECTOR('',#724,1.);
#724 = DIRECTION('',(0.,0.,1.));
#725 = ORIENTED_EDGE('',*,*,#389,.T.);
#726 = ORIENTED_EDGE('',*,*,#727,.T.);
#727 = EDGE_CURVE('',#382,#728,#730,.T.);
#728 = VERTEX_POINT('',#729);
#729 = CARTESIAN_POINT('',(-0.7,0.75,0.725));
#730 = LINE('',#731,#732);
#731 = CARTESIAN_POINT('',(-0.7,0.75,0.529763586955));
#732 = VECTOR('',#733,1.);
#733 = DIRECTION('',(0.,0.,1.));
#734 = ORIENTED_EDGE('',*,*,#735,.F.);
#735 = EDGE_CURVE('',#719,#728,#736,.T.);
#736 = LINE('',#737,#738);
#737 = CARTESIAN_POINT('',(-0.7,-1.405,0.725));
#738 = VECTOR('',#739,1.);
#739 = DIRECTION('',(-1.110223024625E-16,1.,0.));
#740 = PLANE('',#741);
#741 = AXIS2_PLACEMENT_3D('',#742,#743,#744);
#742 = CARTESIAN_POINT('',(-0.7,-1.405,0.725));
#743 = DIRECTION('',(1.,1.110223024625E-16,0.));
#744 = DIRECTION('',(-1.110223024625E-16,1.,0.));
#745 = ADVANCED_FACE('',(#746),#773,.F.);
#746 = FACE_BOUND('',#747,.F.);
#747 = EDGE_LOOP('',(#748,#749,#758,#766));
#748 = ORIENTED_EDGE('',*,*,#381,.T.);
#749 = ORIENTED_EDGE('',*,*,#750,.T.);
#750 = EDGE_CURVE('',#374,#751,#753,.T.);
#751 = VERTEX_POINT('',#752);
#752 = CARTESIAN_POINT('',(-0.798480775301,1.15,0.492364817767));
#753 = CIRCLE('',#754,0.1);
#754 = AXIS2_PLACEMENT_3D('',#755,#756,#757);
#755 = CARTESIAN_POINT('',(-0.7,1.15,0.475));
#756 = DIRECTION('',(-1.144237745222E-17,-1.,-5.473822126269E-48));
#757 = DIRECTION('',(2.22044604925E-15,-2.540718180781E-32,1.));
#758 = ORIENTED_EDGE('',*,*,#759,.F.);
#759 = EDGE_CURVE('',#760,#751,#762,.T.);
#760 = VERTEX_POINT('',#761);
#761 = CARTESIAN_POINT('',(-0.798480775301,0.75,0.492364817767));
#762 = LINE('',#763,#764);
#763 = CARTESIAN_POINT('',(-0.798480775301,0.75,0.492364817767));
#764 = VECTOR('',#765,1.);
#765 = DIRECTION('',(1.144237745222E-17,1.,0.));
#766 = ORIENTED_EDGE('',*,*,#767,.F.);
#767 = EDGE_CURVE('',#382,#760,#768,.T.);
#768 = CIRCLE('',#769,0.1);
#769 = AXIS2_PLACEMENT_3D('',#770,#771,#772);
#770 = CARTESIAN_POINT('',(-0.7,0.75,0.475));
#771 = DIRECTION('',(-1.144237745222E-17,-1.,-5.473822126269E-48));
#772 = DIRECTION('',(2.22044604925E-15,-2.540718180781E-32,1.));
#773 = CYLINDRICAL_SURFACE('',#774,0.1);
#774 = AXIS2_PLACEMENT_3D('',#775,#776,#777);
#775 = CARTESIAN_POINT('',(-0.7,0.75,0.475));
#776 = DIRECTION('',(-1.144237745222E-17,-1.,0.));
#777 = DIRECTION('',(2.22044604925E-15,-2.540718180781E-32,1.));
#778 = ADVANCED_FACE('',(#779),#790,.F.);
#779 = FACE_BOUND('',#780,.F.);
#780 = EDGE_LOOP('',(#781,#787,#788,#789));
#781 = ORIENTED_EDGE('',*,*,#782,.F.);
#782 = EDGE_CURVE('',#374,#618,#783,.T.);
#783 = LINE('',#784,#785);
#784 = CARTESIAN_POINT('',(-0.7,1.15,0.529763586955));
#785 = VECTOR('',#786,1.);
#786 = DIRECTION('',(0.,0.,1.));
#787 = ORIENTED_EDGE('',*,*,#373,.T.);
#788 = ORIENTED_EDGE('',*,*,#642,.T.);
#789 = ORIENTED_EDGE('',*,*,#625,.F.);
#790 = PLANE('',#791);
#791 = AXIS2_PLACEMENT_3D('',#792,#793,#794);
#792 = CARTESIAN_POINT('',(-0.7,-1.405,0.725));
#793 = DIRECTION('',(1.,1.110223024625E-16,0.));
#794 = DIRECTION('',(-1.110223024625E-16,1.,0.));
#795 = ADVANCED_FACE('',(#796),#807,.F.);
#796 = FACE_BOUND('',#797,.F.);
#797 = EDGE_LOOP('',(#798,#799,#800,#806));
#798 = ORIENTED_EDGE('',*,*,#529,.F.);
#799 = ORIENTED_EDGE('',*,*,#450,.T.);
#800 = ORIENTED_EDGE('',*,*,#801,.T.);
#801 = EDGE_CURVE('',#443,#562,#802,.T.);
#802 = LINE('',#803,#804);
#803 = CARTESIAN_POINT('',(0.7,0.2,0.529763586955));
#804 = VECTOR('',#805,1.);
#805 = DIRECTION('',(0.,0.,1.));
#806 = ORIENTED_EDGE('',*,*,#561,.F.);
#807 = PLANE('',#808);
#808 = AXIS2_PLACEMENT_3D('',#809,#810,#811);
#809 = CARTESIAN_POINT('',(0.7,1.405,0.725));
#810 = DIRECTION('',(-1.,-1.110223024625E-16,0.));
#811 = DIRECTION('',(1.110223024625E-16,-1.,0.));
#812 = ADVANCED_FACE('',(#813),#840,.F.);
#813 = FACE_BOUND('',#814,.F.);
#814 = EDGE_LOOP('',(#815,#816,#825,#833));
#815 = ORIENTED_EDGE('',*,*,#442,.T.);
#816 = ORIENTED_EDGE('',*,*,#817,.T.);
#817 = EDGE_CURVE('',#435,#818,#820,.T.);
#818 = VERTEX_POINT('',#819);
#819 = CARTESIAN_POINT('',(0.798480775301,-0.2,0.492364817767));
#820 = CIRCLE('',#821,0.1);
#821 = AXIS2_PLACEMENT_3D('',#822,#823,#824);
#822 = CARTESIAN_POINT('',(0.7,-0.2,0.475));
#823 = DIRECTION('',(-1.110223024625E-16,1.,0.));
#824 = DIRECTION('',(-2.22044604925E-15,-2.465190328815E-31,1.));
#825 = ORIENTED_EDGE('',*,*,#826,.F.);
#826 = EDGE_CURVE('',#827,#818,#829,.T.);
#827 = VERTEX_POINT('',#828);
#828 = CARTESIAN_POINT('',(0.798480775301,0.2,0.492364817767));
#829 = LINE('',#830,#831);
#830 = CARTESIAN_POINT('',(0.798480775301,0.2,0.492364817767));
#831 = VECTOR('',#832,1.);
#832 = DIRECTION('',(1.110223024625E-16,-1.,0.));
#833 = ORIENTED_EDGE('',*,*,#834,.F.);
#834 = EDGE_CURVE('',#443,#827,#835,.T.);
#835 = CIRCLE('',#836,0.1);
#836 = AXIS2_PLACEMENT_3D('',#837,#838,#839);
#837 = CARTESIAN_POINT('',(0.7,0.2,0.475));
#838 = DIRECTION('',(-1.110223024625E-16,1.,0.));
#839 = DIRECTION('',(-2.22044604925E-15,-2.465190328815E-31,1.));
#840 = CYLINDRICAL_SURFACE('',#841,0.1);
#841 = AXIS2_PLACEMENT_3D('',#842,#843,#844);
#842 = CARTESIAN_POINT('',(0.7,0.2,0.475));
#843 = DIRECTION('',(-1.110223024625E-16,1.,0.));
#844 = DIRECTION('',(-2.22044604925E-15,-2.465190328815E-31,1.));
#845 = ADVANCED_FACE('',(#846),#870,.F.);
#846 = FACE_BOUND('',#847,.F.);
#847 = EDGE_LOOP('',(#848,#856,#857,#864));
#848 = ORIENTED_EDGE('',*,*,#849,.F.);
#849 = EDGE_CURVE('',#435,#850,#852,.T.);
#850 = VERTEX_POINT('',#851);
#851 = CARTESIAN_POINT('',(0.7,-0.2,0.725));
#852 = LINE('',#853,#854);
#853 = CARTESIAN_POINT('',(0.7,-0.2,0.529763586955));
#854 = VECTOR('',#855,1.);
#855 = DIRECTION('',(0.,0.,1.));
#856 = ORIENTED_EDGE('',*,*,#434,.T.);
#857 = ORIENTED_EDGE('',*,*,#858,.T.);
#858 = EDGE_CURVE('',#428,#859,#861,.T.);
#859 = VERTEX_POINT('',#860);
#860 = CARTESIAN_POINT('',(0.7,-1.405,0.725));
#861 = B_SPLINE_CURVE_WITH_KNOTS('',1,(#862,#863),.UNSPECIFIED.,.F.,.F.,
  (2,2),(0.,1.),.PIECEWISE_BEZIER_KNOTS.);
#862 = CARTESIAN_POINT('',(0.7,-1.405,0.575));
#863 = CARTESIAN_POINT('',(0.7,-1.405,0.725));
#864 = ORIENTED_EDGE('',*,*,#865,.F.);
#865 = EDGE_CURVE('',#850,#859,#866,.T.);
#866 = LINE('',#867,#868);
#867 = CARTESIAN_POINT('',(0.7,1.405,0.725));
#868 = VECTOR('',#869,1.);
#869 = DIRECTION('',(1.110223024625E-16,-1.,0.));
#870 = PLANE('',#871);
#871 = AXIS2_PLACEMENT_3D('',#872,#873,#874);
#872 = CARTESIAN_POINT('',(0.7,1.405,0.725));
#873 = DIRECTION('',(-1.,-1.110223024625E-16,0.));
#874 = DIRECTION('',(1.110223024625E-16,-1.,0.));
#875 = ADVANCED_FACE('',(#876),#893,.F.);
#876 = FACE_BOUND('',#877,.F.);
#877 = EDGE_LOOP('',(#878,#879,#880,#888));
#878 = ORIENTED_EDGE('',*,*,#467,.T.);
#879 = ORIENTED_EDGE('',*,*,#655,.T.);
#880 = ORIENTED_EDGE('',*,*,#881,.F.);
#881 = EDGE_CURVE('',#882,#656,#884,.T.);
#882 = VERTEX_POINT('',#883);
#883 = CARTESIAN_POINT('',(-0.605,-1.5,0.725));
#884 = LINE('',#885,#886);
#885 = CARTESIAN_POINT('',(-0.605,-1.5,0.725));
#886 = VECTOR('',#887,1.);
#887 = DIRECTION('',(-0.707106781187,0.707106781187,0.));
#888 = ORIENTED_EDGE('',*,*,#889,.F.);
#889 = EDGE_CURVE('',#468,#882,#890,.T.);
#890 = B_SPLINE_CURVE_WITH_KNOTS('',1,(#891,#892),.UNSPECIFIED.,.F.,.F.,
  (2,2),(0.,1.),.PIECEWISE_BEZIER_KNOTS.);
#891 = CARTESIAN_POINT('',(-0.605,-1.5,0.575));
#892 = CARTESIAN_POINT('',(-0.605,-1.5,0.725));
#893 = PLANE('',#894);
#894 = AXIS2_PLACEMENT_3D('',#895,#896,#897);
#895 = CARTESIAN_POINT('',(-0.605,-1.5,0.725));
#896 = DIRECTION('',(0.707106781187,0.707106781187,0.));
#897 = DIRECTION('',(-0.707106781187,0.707106781187,0.));
#898 = ADVANCED_FACE('',(#899),#916,.F.);
#899 = FACE_BOUND('',#900,.F.);
#900 = EDGE_LOOP('',(#901,#902,#909,#915));
#901 = ORIENTED_EDGE('',*,*,#496,.T.);
#902 = ORIENTED_EDGE('',*,*,#903,.T.);
#903 = EDGE_CURVE('',#490,#904,#906,.T.);
#904 = VERTEX_POINT('',#905);
#905 = CARTESIAN_POINT('',(0.605,-1.5,0.725));
#906 = B_SPLINE_CURVE_WITH_KNOTS('',1,(#907,#908),.UNSPECIFIED.,.F.,.F.,
  (2,2),(0.,1.),.PIECEWISE_BEZIER_KNOTS.);
#907 = CARTESIAN_POINT('',(0.605,-1.5,0.575));
#908 = CARTESIAN_POINT('',(0.605,-1.5,0.725));
#909 = ORIENTED_EDGE('',*,*,#910,.F.);
#910 = EDGE_CURVE('',#859,#904,#911,.T.);
#911 = LINE('',#912,#913);
#912 = CARTESIAN_POINT('',(0.7,-1.405,0.725));
#913 = VECTOR('',#914,1.);
#914 = DIRECTION('',(-0.707106781187,-0.707106781187,0.));
#915 = ORIENTED_EDGE('',*,*,#858,.F.);
#916 = PLANE('',#917);
#917 = AXIS2_PLACEMENT_3D('',#918,#919,#920);
#918 = CARTESIAN_POINT('',(0.7,-1.405,0.725));
#919 = DIRECTION('',(-0.707106781187,0.707106781187,0.));
#920 = DIRECTION('',(-0.707106781187,-0.707106781187,0.));
#921 = ADVANCED_FACE('',(#922),#933,.F.);
#922 = FACE_BOUND('',#923,.F.);
#923 = EDGE_LOOP('',(#924,#925,#926,#932));
#924 = ORIENTED_EDGE('',*,*,#513,.T.);
#925 = ORIENTED_EDGE('',*,*,#889,.T.);
#926 = ORIENTED_EDGE('',*,*,#927,.F.);
#927 = EDGE_CURVE('',#904,#882,#928,.T.);
#928 = LINE('',#929,#930);
#929 = CARTESIAN_POINT('',(0.605,-1.5,0.725));
#930 = VECTOR('',#931,1.);
#931 = DIRECTION('',(-1.,-1.110223024625E-16,0.));
#932 = ORIENTED_EDGE('',*,*,#903,.F.);
#933 = PLANE('',#934);
#934 = AXIS2_PLACEMENT_3D('',#935,#936,#937);
#935 = CARTESIAN_POINT('',(0.605,-1.5,0.725));
#936 = DIRECTION('',(-1.110223024625E-16,1.,0.));
#937 = DIRECTION('',(-1.,-1.110223024625E-16,0.));
#938 = ADVANCED_FACE('',(#939),#962,.F.);
#939 = FACE_BOUND('',#940,.F.);
#940 = EDGE_LOOP('',(#941,#949,#955,#956));
#941 = ORIENTED_EDGE('',*,*,#942,.F.);
#942 = EDGE_CURVE('',#728,#943,#945,.T.);
#943 = VERTEX_POINT('',#944);
#944 = CARTESIAN_POINT('',(-0.675,0.75,0.725));
#945 = LINE('',#946,#947);
#946 = CARTESIAN_POINT('',(-0.7,0.75,0.725));
#947 = VECTOR('',#948,1.);
#948 = DIRECTION('',(1.,-1.144237745222E-17,0.));
#949 = ORIENTED_EDGE('',*,*,#950,.T.);
#950 = EDGE_CURVE('',#728,#618,#951,.T.);
#951 = LINE('',#952,#953);
#952 = CARTESIAN_POINT('',(-0.7,0.75,0.725));
#953 = VECTOR('',#954,1.);
#954 = DIRECTION('',(1.144237745222E-17,1.,0.));
#955 = ORIENTED_EDGE('',*,*,#617,.T.);
#956 = ORIENTED_EDGE('',*,*,#957,.F.);
#957 = EDGE_CURVE('',#943,#610,#958,.T.);
#958 = LINE('',#959,#960);
#959 = CARTESIAN_POINT('',(-0.675,-1.3925,0.725));
#960 = VECTOR('',#961,1.);
#961 = DIRECTION('',(-1.110223024625E-16,1.,0.));
#962 = PLANE('',#963);
#963 = AXIS2_PLACEMENT_3D('',#964,#965,#966);
#964 = CARTESIAN_POINT('',(-0.7,0.75,0.725));
#965 = DIRECTION('',(0.,0.,-1.));
#966 = DIRECTION('',(1.,-1.144237745222E-17,0.));
#967 = ADVANCED_FACE('',(#968),#1016,.F.);
#968 = FACE_BOUND('',#969,.F.);
#969 = EDGE_LOOP('',(#970,#980,#988,#994,#995,#996,#1003,#1011));
#970 = ORIENTED_EDGE('',*,*,#971,.T.);
#971 = EDGE_CURVE('',#972,#974,#976,.T.);
#972 = VERTEX_POINT('',#973);
#973 = CARTESIAN_POINT('',(-0.675,-1.3925,0.725));
#974 = VERTEX_POINT('',#975);
#975 = CARTESIAN_POINT('',(-0.675,-1.15,0.725));
#976 = LINE('',#977,#978);
#977 = CARTESIAN_POINT('',(-0.675,-1.3925,0.725));
#978 = VECTOR('',#979,1.);
#979 = DIRECTION('',(-1.110223024625E-16,1.,0.));
#980 = ORIENTED_EDGE('',*,*,#981,.T.);
#981 = EDGE_CURVE('',#974,#982,#984,.T.);
#982 = VERTEX_POINT('',#983);
#983 = CARTESIAN_POINT('',(-0.675,-0.75,0.725));
#984 = LINE('',#985,#986);
#985 = CARTESIAN_POINT('',(-0.675,-1.3925,0.725));
#986 = VECTOR('',#987,1.);
#987 = DIRECTION('',(-1.110223024625E-16,1.,0.));
#988 = ORIENTED_EDGE('',*,*,#989,.T.);
#989 = EDGE_CURVE('',#982,#943,#990,.T.);
#990 = LINE('',#991,#992);
#991 = CARTESIAN_POINT('',(-0.675,-1.3925,0.725));
#992 = VECTOR('',#993,1.);
#993 = DIRECTION('',(-1.110223024625E-16,1.,0.));
#994 = ORIENTED_EDGE('',*,*,#957,.T.);
#995 = ORIENTED_EDGE('',*,*,#609,.T.);
#996 = ORIENTED_EDGE('',*,*,#997,.T.);
#997 = EDGE_CURVE('',#602,#998,#1000,.T.);
#998 = VERTEX_POINT('',#999);
#999 = CARTESIAN_POINT('',(-0.608243103516,1.359121551758,1.2));
#1000 = B_SPLINE_CURVE_WITH_KNOTS('',1,(#1001,#1002),.UNSPECIFIED.,.F.,
  .F.,(2,2),(0.,1.),.PIECEWISE_BEZIER_KNOTS.);
#1001 = CARTESIAN_POINT('',(-0.675,1.3925,0.725));
#1002 = CARTESIAN_POINT('',(-0.608243103516,1.359121551758,1.2));
#1003 = ORIENTED_EDGE('',*,*,#1004,.F.);
#1004 = EDGE_CURVE('',#1005,#998,#1007,.T.);
#1005 = VERTEX_POINT('',#1006);
#1006 = CARTESIAN_POINT('',(-0.608243103516,-1.359121551758,1.2));
#1007 = LINE('',#1008,#1009);
#1008 = CARTESIAN_POINT('',(-0.608243103516,-1.359121551758,1.2));
#1009 = VECTOR('',#1010,1.);
#1010 = DIRECTION('',(-1.110223024625E-16,1.,0.));
#1011 = ORIENTED_EDGE('',*,*,#1012,.F.);
#1012 = EDGE_CURVE('',#972,#1005,#1013,.T.);
#1013 = B_SPLINE_CURVE_WITH_KNOTS('',1,(#1014,#1015),.UNSPECIFIED.,.F.,
  .F.,(2,2),(0.,1.),.PIECEWISE_BEZIER_KNOTS.);
#1014 = CARTESIAN_POINT('',(-0.675,-1.3925,0.725));
#1015 = CARTESIAN_POINT('',(-0.608243103516,-1.359121551758,1.2));
#1016 = B_SPLINE_SURFACE_WITH_KNOTS('',1,1,(
    (#1017,#1018)
    ,(#1019,#1020
    )),.UNSPECIFIED.,.F.,.F.,.F.,(2,2),(2,2),(0.,2.785),(0.,1.),
  .PIECEWISE_BEZIER_KNOTS.);
#1017 = CARTESIAN_POINT('',(-0.675,-1.3925,0.725));
#1018 = CARTESIAN_POINT('',(-0.608243103516,-1.359121551758,1.2));
#1019 = CARTESIAN_POINT('',(-0.675,1.3925,0.725));
#1020 = CARTESIAN_POINT('',(-0.608243103516,1.359121551758,1.2));
#1021 = ADVANCED_FACE('',(#1022),#1039,.F.);
#1022 = FACE_BOUND('',#1023,.F.);
#1023 = EDGE_LOOP('',(#1024,#1025,#1032,#1038));
#1024 = ORIENTED_EDGE('',*,*,#601,.T.);
#1025 = ORIENTED_EDGE('',*,*,#1026,.T.);
#1026 = EDGE_CURVE('',#594,#1027,#1029,.T.);
#1027 = VERTEX_POINT('',#1028);
#1028 = CARTESIAN_POINT('',(-0.559121551758,1.408243103516,1.2));
#1029 = B_SPLINE_CURVE_WITH_KNOTS('',1,(#1030,#1031),.UNSPECIFIED.,.F.,
  .F.,(2,2),(0.,1.),.PIECEWISE_BEZIER_KNOTS.);
#1030 = CARTESIAN_POINT('',(-0.5925,1.475,0.725));
#1031 = CARTESIAN_POINT('',(-0.559121551758,1.408243103516,1.2));
#1032 = ORIENTED_EDGE('',*,*,#1033,.F.);
#1033 = EDGE_CURVE('',#998,#1027,#1034,.T.);
#1034 = LINE('',#1035,#1036);
#1035 = CARTESIAN_POINT('',(-0.608243103516,1.359121551758,1.2));
#1036 = VECTOR('',#1037,1.);
#1037 = DIRECTION('',(0.707106781187,0.707106781187,0.));
#1038 = ORIENTED_EDGE('',*,*,#997,.F.);
#1039 = B_SPLINE_SURFACE_WITH_KNOTS('',1,1,(
    (#1040,#1041)
    ,(#1042,#1043
    )),.UNSPECIFIED.,.F.,.F.,.F.,(2,2),(2,2),(0.,0.116672618896),(0.,1.)
  ,.PIECEWISE_BEZIER_KNOTS.);
#1040 = CARTESIAN_POINT('',(-0.675,1.3925,0.725));
#1041 = CARTESIAN_POINT('',(-0.608243103516,1.359121551758,1.2));
#1042 = CARTESIAN_POINT('',(-0.5925,1.475,0.725));
#1043 = CARTESIAN_POINT('',(-0.559121551758,1.408243103516,1.2));
#1044 = ADVANCED_FACE('',(#1045),#1062,.F.);
#1045 = FACE_BOUND('',#1046,.F.);
#1046 = EDGE_LOOP('',(#1047,#1048,#1055,#1061));
#1047 = ORIENTED_EDGE('',*,*,#593,.T.);
#1048 = ORIENTED_EDGE('',*,*,#1049,.T.);
#1049 = EDGE_CURVE('',#586,#1050,#1052,.T.);
#1050 = VERTEX_POINT('',#1051);
#1051 = CARTESIAN_POINT('',(0.559121551758,1.408243103516,1.2));
#1052 = B_SPLINE_CURVE_WITH_KNOTS('',1,(#1053,#1054),.UNSPECIFIED.,.F.,
  .F.,(2,2),(0.,1.),.PIECEWISE_BEZIER_KNOTS.);
#1053 = CARTESIAN_POINT('',(0.5925,1.475,0.725));
#1054 = CARTESIAN_POINT('',(0.559121551758,1.408243103516,1.2));
#1055 = ORIENTED_EDGE('',*,*,#1056,.F.);
#1056 = EDGE_CURVE('',#1027,#1050,#1057,.T.);
#1057 = LINE('',#1058,#1059);
#1058 = CARTESIAN_POINT('',(-0.559121551758,1.408243103516,1.2));
#1059 = VECTOR('',#1060,1.);
#1060 = DIRECTION('',(1.,1.110223024625E-16,0.));
#1061 = ORIENTED_EDGE('',*,*,#1026,.F.);
#1062 = B_SPLINE_SURFACE_WITH_KNOTS('',1,1,(
    (#1063,#1064)
    ,(#1065,#1066
    )),.UNSPECIFIED.,.F.,.F.,.F.,(2,2),(2,2),(0.,1.185),(0.,1.),
  .PIECEWISE_BEZIER_KNOTS.);
#1063 = CARTESIAN_POINT('',(-0.5925,1.475,0.725));
#1064 = CARTESIAN_POINT('',(-0.559121551758,1.408243103516,1.2));
#1065 = CARTESIAN_POINT('',(0.5925,1.475,0.725));
#1066 = CARTESIAN_POINT('',(0.559121551758,1.408243103516,1.2));
#1067 = ADVANCED_FACE('',(#1068),#1085,.F.);
#1068 = FACE_BOUND('',#1069,.F.);
#1069 = EDGE_LOOP('',(#1070,#1071,#1078,#1084));
#1070 = ORIENTED_EDGE('',*,*,#585,.T.);
#1071 = ORIENTED_EDGE('',*,*,#1072,.T.);
#1072 = EDGE_CURVE('',#578,#1073,#1075,.T.);
#1073 = VERTEX_POINT('',#1074);
#1074 = CARTESIAN_POINT('',(0.608243103516,1.359121551758,1.2));
#1075 = B_SPLINE_CURVE_WITH_KNOTS('',1,(#1076,#1077),.UNSPECIFIED.,.F.,
  .F.,(2,2),(0.,1.),.PIECEWISE_BEZIER_KNOTS.);
#1076 = CARTESIAN_POINT('',(0.675,1.3925,0.725));
#1077 = CARTESIAN_POINT('',(0.608243103516,1.359121551758,1.2));
#1078 = ORIENTED_EDGE('',*,*,#1079,.F.);
#1079 = EDGE_CURVE('',#1050,#1073,#1080,.T.);
#1080 = LINE('',#1081,#1082);
#1081 = CARTESIAN_POINT('',(0.559121551758,1.408243103516,1.2));
#1082 = VECTOR('',#1083,1.);
#1083 = DIRECTION('',(0.707106781187,-0.707106781187,0.));
#1084 = ORIENTED_EDGE('',*,*,#1049,.F.);
#1085 = B_SPLINE_SURFACE_WITH_KNOTS('',1,1,(
    (#1086,#1087)
    ,(#1088,#1089
    )),.UNSPECIFIED.,.F.,.F.,.F.,(2,2),(2,2),(0.,0.116672618896),(0.,1.)
  ,.PIECEWISE_BEZIER_KNOTS.);
#1086 = CARTESIAN_POINT('',(0.5925,1.475,0.725));
#1087 = CARTESIAN_POINT('',(0.559121551758,1.408243103516,1.2));
#1088 = CARTESIAN_POINT('',(0.675,1.3925,0.725));
#1089 = CARTESIAN_POINT('',(0.608243103516,1.359121551758,1.2));
#1090 = ADVANCED_FACE('',(#1091),#1124,.F.);
#1091 = FACE_BOUND('',#1092,.F.);
#1092 = EDGE_LOOP('',(#1093,#1094,#1102,#1110,#1117,#1123));
#1093 = ORIENTED_EDGE('',*,*,#577,.T.);
#1094 = ORIENTED_EDGE('',*,*,#1095,.T.);
#1095 = EDGE_CURVE('',#570,#1096,#1098,.T.);
#1096 = VERTEX_POINT('',#1097);
#1097 = CARTESIAN_POINT('',(0.675,-0.2,0.725));
#1098 = LINE('',#1099,#1100);
#1099 = CARTESIAN_POINT('',(0.675,1.3925,0.725));
#1100 = VECTOR('',#1101,1.);
#1101 = DIRECTION('',(1.110223024625E-16,-1.,0.));
#1102 = ORIENTED_EDGE('',*,*,#1103,.T.);
#1103 = EDGE_CURVE('',#1096,#1104,#1106,.T.);
#1104 = VERTEX_POINT('',#1105);
#1105 = CARTESIAN_POINT('',(0.675,-1.3925,0.725));
#1106 = LINE('',#1107,#1108);
#1107 = CARTESIAN_POINT('',(0.675,1.3925,0.725));
#1108 = VECTOR('',#1109,1.);
#1109 = DIRECTION('',(1.110223024625E-16,-1.,0.));
#1110 = ORIENTED_EDGE('',*,*,#1111,.T.);
#1111 = EDGE_CURVE('',#1104,#1112,#1114,.T.);
#1112 = VERTEX_POINT('',#1113);
#1113 = CARTESIAN_POINT('',(0.608243103516,-1.359121551758,1.2));
#1114 = B_SPLINE_CURVE_WITH_KNOTS('',1,(#1115,#1116),.UNSPECIFIED.,.F.,
  .F.,(2,2),(0.,1.),.PIECEWISE_BEZIER_KNOTS.);
#1115 = CARTESIAN_POINT('',(0.675,-1.3925,0.725));
#1116 = CARTESIAN_POINT('',(0.608243103516,-1.359121551758,1.2));
#1117 = ORIENTED_EDGE('',*,*,#1118,.F.);
#1118 = EDGE_CURVE('',#1073,#1112,#1119,.T.);
#1119 = LINE('',#1120,#1121);
#1120 = CARTESIAN_POINT('',(0.608243103516,1.359121551758,1.2));
#1121 = VECTOR('',#1122,1.);
#1122 = DIRECTION('',(1.110223024625E-16,-1.,0.));
#1123 = ORIENTED_EDGE('',*,*,#1072,.F.);
#1124 = B_SPLINE_SURFACE_WITH_KNOTS('',1,1,(
    (#1125,#1126)
    ,(#1127,#1128
    )),.UNSPECIFIED.,.F.,.F.,.F.,(2,2),(2,2),(0.,2.785),(0.,1.),
  .PIECEWISE_BEZIER_KNOTS.);
#1125 = CARTESIAN_POINT('',(0.675,1.3925,0.725));
#1126 = CARTESIAN_POINT('',(0.608243103516,1.359121551758,1.2));
#1127 = CARTESIAN_POINT('',(0.675,-1.3925,0.725));
#1128 = CARTESIAN_POINT('',(0.608243103516,-1.359121551758,1.2));
#1129 = ADVANCED_FACE('',(#1130),#1146,.F.);
#1130 = FACE_BOUND('',#1131,.F.);
#1131 = EDGE_LOOP('',(#1132,#1133,#1139,#1145));
#1132 = ORIENTED_EDGE('',*,*,#569,.F.);
#1133 = ORIENTED_EDGE('',*,*,#1134,.T.);
#1134 = EDGE_CURVE('',#562,#850,#1135,.T.);
#1135 = LINE('',#1136,#1137);
#1136 = CARTESIAN_POINT('',(0.7,0.2,0.725));
#1137 = VECTOR('',#1138,1.);
#1138 = DIRECTION('',(1.110223024625E-16,-1.,0.));
#1139 = ORIENTED_EDGE('',*,*,#1140,.T.);
#1140 = EDGE_CURVE('',#850,#1096,#1141,.T.);
#1141 = LINE('',#1142,#1143);
#1142 = CARTESIAN_POINT('',(0.7,-0.2,0.725));
#1143 = VECTOR('',#1144,1.);
#1144 = DIRECTION('',(-1.,-1.110223024625E-16,0.));
#1145 = ORIENTED_EDGE('',*,*,#1095,.F.);
#1146 = PLANE('',#1147);
#1147 = AXIS2_PLACEMENT_3D('',#1148,#1149,#1150);
#1148 = CARTESIAN_POINT('',(0.7,0.2,0.725));
#1149 = DIRECTION('',(0.,0.,-1.));
#1150 = DIRECTION('',(-1.,-1.110223024625E-16,-0.));
#1151 = ADVANCED_FACE('',(#1152),#1190,.F.);
#1152 = FACE_BOUND('',#1153,.F.);
#1153 = EDGE_LOOP('',(#1154,#1155,#1156,#1157,#1158,#1159,#1160,#1166,
    #1167,#1175,#1183,#1189));
#1154 = ORIENTED_EDGE('',*,*,#1140,.F.);
#1155 = ORIENTED_EDGE('',*,*,#865,.T.);
#1156 = ORIENTED_EDGE('',*,*,#910,.T.);
#1157 = ORIENTED_EDGE('',*,*,#927,.T.);
#1158 = ORIENTED_EDGE('',*,*,#881,.T.);
#1159 = ORIENTED_EDGE('',*,*,#671,.T.);
#1160 = ORIENTED_EDGE('',*,*,#1161,.T.);
#1161 = EDGE_CURVE('',#664,#974,#1162,.T.);
#1162 = LINE('',#1163,#1164);
#1163 = CARTESIAN_POINT('',(-0.7,-1.15,0.725));
#1164 = VECTOR('',#1165,1.);
#1165 = DIRECTION('',(1.,-1.144237745222E-17,0.));
#1166 = ORIENTED_EDGE('',*,*,#971,.F.);
#1167 = ORIENTED_EDGE('',*,*,#1168,.F.);
#1168 = EDGE_CURVE('',#1169,#972,#1171,.T.);
#1169 = VERTEX_POINT('',#1170);
#1170 = CARTESIAN_POINT('',(-0.5925,-1.475,0.725));
#1171 = LINE('',#1172,#1173);
#1172 = CARTESIAN_POINT('',(-0.5925,-1.475,0.725));
#1173 = VECTOR('',#1174,1.);
#1174 = DIRECTION('',(-0.707106781187,0.707106781187,0.));
#1175 = ORIENTED_EDGE('',*,*,#1176,.F.);
#1176 = EDGE_CURVE('',#1177,#1169,#1179,.T.);
#1177 = VERTEX_POINT('',#1178);
#1178 = CARTESIAN_POINT('',(0.5925,-1.475,0.725));
#1179 = LINE('',#1180,#1181);
#1180 = CARTESIAN_POINT('',(0.5925,-1.475,0.725));
#1181 = VECTOR('',#1182,1.);
#1182 = DIRECTION('',(-1.,-1.110223024625E-16,0.));
#1183 = ORIENTED_EDGE('',*,*,#1184,.F.);
#1184 = EDGE_CURVE('',#1104,#1177,#1185,.T.);
#1185 = LINE('',#1186,#1187);
#1186 = CARTESIAN_POINT('',(0.675,-1.3925,0.725));
#1187 = VECTOR('',#1188,1.);
#1188 = DIRECTION('',(-0.707106781187,-0.707106781187,0.));
#1189 = ORIENTED_EDGE('',*,*,#1103,.F.);
#1190 = PLANE('',#1191);
#1191 = AXIS2_PLACEMENT_3D('',#1192,#1193,#1194);
#1192 = CARTESIAN_POINT('',(-1.486299604971E-16,1.4875,0.725));
#1193 = DIRECTION('',(1.022886882533E-31,-6.310887241768E-27,-1.));
#1194 = DIRECTION('',(1.,1.217738924546E-16,1.022886882525E-31));
#1195 = ADVANCED_FACE('',(#1196),#1265,.F.);
#1196 = FACE_BOUND('',#1197,.F.);
#1197 = EDGE_LOOP('',(#1198,#1199,#1200,#1208,#1217,#1225,#1233,#1241,
    #1250,#1258));
#1198 = ORIENTED_EDGE('',*,*,#663,.F.);
#1199 = ORIENTED_EDGE('',*,*,#703,.T.);
#1200 = ORIENTED_EDGE('',*,*,#1201,.T.);
#1201 = EDGE_CURVE('',#696,#1202,#1204,.T.);
#1202 = VERTEX_POINT('',#1203);
#1203 = CARTESIAN_POINT('',(-0.843471632406,-1.15,0.206587955583));
#1204 = LINE('',#1205,#1206);
#1205 = CARTESIAN_POINT('',(-0.798480775301,-1.15,0.492364817767));
#1206 = VECTOR('',#1207,1.);
#1207 = DIRECTION('',(-0.155518033909,1.779496044609E-18,-0.987833053268
    ));
#1208 = ORIENTED_EDGE('',*,*,#1209,.T.);
#1209 = EDGE_CURVE('',#1202,#1210,#1212,.T.);
#1210 = VERTEX_POINT('',#1211);
#1211 = CARTESIAN_POINT('',(-1.089673570659,-1.15,5.551115123126E-17));
#1212 = CIRCLE('',#1213,0.25);
#1213 = AXIS2_PLACEMENT_3D('',#1214,#1215,#1216);
#1214 = CARTESIAN_POINT('',(-1.089673570659,-1.15,0.25));
#1215 = DIRECTION('',(1.144237745222E-17,1.,3.851859888774E-34));
#1216 = DIRECTION('',(0.984807753012,-1.126854202784E-17,-0.173648177667
    ));
#1217 = ORIENTED_EDGE('',*,*,#1218,.T.);
#1218 = EDGE_CURVE('',#1210,#1219,#1221,.T.);
#1219 = VERTEX_POINT('',#1220);
#1220 = CARTESIAN_POINT('',(-1.25,-1.15,5.551115123126E-17));
#1221 = LINE('',#1222,#1223);
#1222 = CARTESIAN_POINT('',(-1.089673570659,-1.15,5.551115123126E-17));
#1223 = VECTOR('',#1224,1.);
#1224 = DIRECTION('',(-1.,1.144237745222E-17,0.));
#1225 = ORIENTED_EDGE('',*,*,#1226,.T.);
#1226 = EDGE_CURVE('',#1219,#1227,#1229,.T.);
#1227 = VERTEX_POINT('',#1228);
#1228 = CARTESIAN_POINT('',(-1.25,-1.15,0.15));
#1229 = LINE('',#1230,#1231);
#1230 = CARTESIAN_POINT('',(-1.25,-1.15,5.551115123126E-17));
#1231 = VECTOR('',#1232,1.);
#1232 = DIRECTION('',(0.,0.,1.));
#1233 = ORIENTED_EDGE('',*,*,#1234,.T.);
#1234 = EDGE_CURVE('',#1227,#1235,#1237,.T.);
#1235 = VERTEX_POINT('',#1236);
#1236 = CARTESIAN_POINT('',(-1.089673570659,-1.15,0.15));
#1237 = LINE('',#1238,#1239);
#1238 = CARTESIAN_POINT('',(-1.25,-1.15,0.15));
#1239 = VECTOR('',#1240,1.);
#1240 = DIRECTION('',(1.,-1.144237745222E-17,0.));
#1241 = ORIENTED_EDGE('',*,*,#1242,.T.);
#1242 = EDGE_CURVE('',#1235,#1243,#1245,.T.);
#1243 = VERTEX_POINT('',#1244);
#1244 = CARTESIAN_POINT('',(-0.991192795358,-1.15,0.232635182233));
#1245 = CIRCLE('',#1246,0.1);
#1246 = AXIS2_PLACEMENT_3D('',#1247,#1248,#1249);
#1247 = CARTESIAN_POINT('',(-1.089673570659,-1.15,0.25));
#1248 = DIRECTION('',(-1.144237745222E-17,-1.,1.094764425254E-47));
#1249 = DIRECTION('',(-2.22044604925E-15,2.540718180781E-32,-1.));
#1250 = ORIENTED_EDGE('',*,*,#1251,.T.);
#1251 = EDGE_CURVE('',#1243,#1252,#1254,.T.);
#1252 = VERTEX_POINT('',#1253);
#1253 = CARTESIAN_POINT('',(-0.946201938253,-1.15,0.518412044417));
#1254 = LINE('',#1255,#1256);
#1255 = CARTESIAN_POINT('',(-0.991192795358,-1.15,0.232635182233));
#1256 = VECTOR('',#1257,1.);
#1257 = DIRECTION('',(0.155518033909,-1.779496044609E-18,0.987833053268)
  );
#1258 = ORIENTED_EDGE('',*,*,#1259,.T.);
#1259 = EDGE_CURVE('',#1252,#664,#1260,.T.);
#1260 = CIRCLE('',#1261,0.25);
#1261 = AXIS2_PLACEMENT_3D('',#1262,#1263,#1264);
#1262 = CARTESIAN_POINT('',(-0.7,-1.15,0.475));
#1263 = DIRECTION('',(1.144237745222E-17,1.,0.));
#1264 = DIRECTION('',(-0.984807753012,1.126854202784E-17,0.173648177667)
  );
#1265 = PLANE('',#1266);
#1266 = AXIS2_PLACEMENT_3D('',#1267,#1268,#1269);
#1267 = CARTESIAN_POINT('',(-0.931323080229,-1.15,0.33452717391));
#1268 = DIRECTION('',(1.144237745222E-17,1.,0.));
#1269 = DIRECTION('',(0.,-0.,1.));
#1270 = ADVANCED_FACE('',(#1271),#1289,.F.);
#1271 = FACE_BOUND('',#1272,.F.);
#1272 = EDGE_LOOP('',(#1273,#1274,#1282,#1288));
#1273 = ORIENTED_EDGE('',*,*,#695,.T.);
#1274 = ORIENTED_EDGE('',*,*,#1275,.T.);
#1275 = EDGE_CURVE('',#687,#1276,#1278,.T.);
#1276 = VERTEX_POINT('',#1277);
#1277 = CARTESIAN_POINT('',(-0.843471632406,-0.75,0.206587955583));
#1278 = LINE('',#1279,#1280);
#1279 = CARTESIAN_POINT('',(-0.798480775301,-0.75,0.492364817767));
#1280 = VECTOR('',#1281,1.);
#1281 = DIRECTION('',(-0.155518033909,1.779496044609E-18,-0.987833053268
    ));
#1282 = ORIENTED_EDGE('',*,*,#1283,.F.);
#1283 = EDGE_CURVE('',#1202,#1276,#1284,.T.);
#1284 = LINE('',#1285,#1286);
#1285 = CARTESIAN_POINT('',(-0.843471632406,-1.15,0.206587955583));
#1286 = VECTOR('',#1287,1.);
#1287 = DIRECTION('',(1.144237745222E-17,1.,0.));
#1288 = ORIENTED_EDGE('',*,*,#1201,.F.);
#1289 = PLANE('',#1290);
#1290 = AXIS2_PLACEMENT_3D('',#1291,#1292,#1293);
#1291 = CARTESIAN_POINT('',(-0.798480775301,-1.15,0.492364817767));
#1292 = DIRECTION('',(-0.987833053268,1.130315865527E-17,0.155518033909)
  );
#1293 = DIRECTION('',(-0.155518033909,1.779496044609E-18,-0.987833053268
    ));
#1294 = ADVANCED_FACE('',(#1295),#1357,.T.);
#1295 = FACE_BOUND('',#1296,.T.);
#1296 = EDGE_LOOP('',(#1297,#1298,#1299,#1300,#1309,#1317,#1325,#1333,
    #1342,#1350));
#1297 = ORIENTED_EDGE('',*,*,#718,.F.);
#1298 = ORIENTED_EDGE('',*,*,#686,.T.);
#1299 = ORIENTED_EDGE('',*,*,#1275,.T.);
#1300 = ORIENTED_EDGE('',*,*,#1301,.T.);
#1301 = EDGE_CURVE('',#1276,#1302,#1304,.T.);
#1302 = VERTEX_POINT('',#1303);
#1303 = CARTESIAN_POINT('',(-1.089673570659,-0.75,5.551115123126E-17));
#1304 = CIRCLE('',#1305,0.25);
#1305 = AXIS2_PLACEMENT_3D('',#1306,#1307,#1308);
#1306 = CARTESIAN_POINT('',(-1.089673570659,-0.75,0.25));
#1307 = DIRECTION('',(1.144237745222E-17,1.,3.851859888774E-34));
#1308 = DIRECTION('',(0.984807753012,-1.126854202784E-17,-0.173648177667
    ));
#1309 = ORIENTED_EDGE('',*,*,#1310,.T.);
#1310 = EDGE_CURVE('',#1302,#1311,#1313,.T.);
#1311 = VERTEX_POINT('',#1312);
#1312 = CARTESIAN_POINT('',(-1.25,-0.75,5.551115123126E-17));
#1313 = LINE('',#1314,#1315);
#1314 = CARTESIAN_POINT('',(-1.089673570659,-0.75,5.551115123126E-17));
#1315 = VECTOR('',#1316,1.);
#1316 = DIRECTION('',(-1.,1.144237745222E-17,0.));
#1317 = ORIENTED_EDGE('',*,*,#1318,.T.);
#1318 = EDGE_CURVE('',#1311,#1319,#1321,.T.);
#1319 = VERTEX_POINT('',#1320);
#1320 = CARTESIAN_POINT('',(-1.25,-0.75,0.15));
#1321 = LINE('',#1322,#1323);
#1322 = CARTESIAN_POINT('',(-1.25,-0.75,5.551115123126E-17));
#1323 = VECTOR('',#1324,1.);
#1324 = DIRECTION('',(0.,0.,1.));
#1325 = ORIENTED_EDGE('',*,*,#1326,.T.);
#1326 = EDGE_CURVE('',#1319,#1327,#1329,.T.);
#1327 = VERTEX_POINT('',#1328);
#1328 = CARTESIAN_POINT('',(-1.089673570659,-0.75,0.15));
#1329 = LINE('',#1330,#1331);
#1330 = CARTESIAN_POINT('',(-1.25,-0.75,0.15));
#1331 = VECTOR('',#1332,1.);
#1332 = DIRECTION('',(1.,-1.144237745222E-17,0.));
#1333 = ORIENTED_EDGE('',*,*,#1334,.T.);
#1334 = EDGE_CURVE('',#1327,#1335,#1337,.T.);
#1335 = VERTEX_POINT('',#1336);
#1336 = CARTESIAN_POINT('',(-0.991192795358,-0.75,0.232635182233));
#1337 = CIRCLE('',#1338,0.1);
#1338 = AXIS2_PLACEMENT_3D('',#1339,#1340,#1341);
#1339 = CARTESIAN_POINT('',(-1.089673570659,-0.75,0.25));
#1340 = DIRECTION('',(-1.144237745222E-17,-1.,1.094764425254E-47));
#1341 = DIRECTION('',(-2.22044604925E-15,2.540718180781E-32,-1.));
#1342 = ORIENTED_EDGE('',*,*,#1343,.T.);
#1343 = EDGE_CURVE('',#1335,#1344,#1346,.T.);
#1344 = VERTEX_POINT('',#1345);
#1345 = CARTESIAN_POINT('',(-0.946201938253,-0.75,0.518412044417));
#1346 = LINE('',#1347,#1348);
#1347 = CARTESIAN_POINT('',(-0.991192795358,-0.75,0.232635182233));
#1348 = VECTOR('',#1349,1.);
#1349 = DIRECTION('',(0.155518033909,-1.779496044609E-18,0.987833053268)
  );
#1350 = ORIENTED_EDGE('',*,*,#1351,.T.);
#1351 = EDGE_CURVE('',#1344,#719,#1352,.T.);
#1352 = CIRCLE('',#1353,0.25);
#1353 = AXIS2_PLACEMENT_3D('',#1354,#1355,#1356);
#1354 = CARTESIAN_POINT('',(-0.7,-0.75,0.475));
#1355 = DIRECTION('',(1.144237745222E-17,1.,0.));
#1356 = DIRECTION('',(-0.984807753012,1.126854202784E-17,0.173648177667)
  );
#1357 = PLANE('',#1358);
#1358 = AXIS2_PLACEMENT_3D('',#1359,#1360,#1361);
#1359 = CARTESIAN_POINT('',(-0.931323080229,-0.75,0.33452717391));
#1360 = DIRECTION('',(1.144237745222E-17,1.,0.));
#1361 = DIRECTION('',(0.,-0.,1.));
#1362 = ADVANCED_FACE('',(#1363),#1374,.F.);
#1363 = FACE_BOUND('',#1364,.F.);
#1364 = EDGE_LOOP('',(#1365,#1366,#1367,#1368));
#1365 = ORIENTED_EDGE('',*,*,#735,.T.);
#1366 = ORIENTED_EDGE('',*,*,#942,.T.);
#1367 = ORIENTED_EDGE('',*,*,#989,.F.);
#1368 = ORIENTED_EDGE('',*,*,#1369,.F.);
#1369 = EDGE_CURVE('',#719,#982,#1370,.T.);
#1370 = LINE('',#1371,#1372);
#1371 = CARTESIAN_POINT('',(-0.7,-0.75,0.725));
#1372 = VECTOR('',#1373,1.);
#1373 = DIRECTION('',(1.,-1.144237745222E-17,0.));
#1374 = PLANE('',#1375);
#1375 = AXIS2_PLACEMENT_3D('',#1376,#1377,#1378);
#1376 = CARTESIAN_POINT('',(-1.486299604971E-16,1.4875,0.725));
#1377 = DIRECTION('',(1.022886882533E-31,-6.310887241768E-27,-1.));
#1378 = DIRECTION('',(1.,1.217738924546E-16,1.022886882525E-31));
#1379 = ADVANCED_FACE('',(#1380),#1449,.F.);
#1380 = FACE_BOUND('',#1381,.F.);
#1381 = EDGE_LOOP('',(#1382,#1383,#1384,#1392,#1401,#1409,#1417,#1425,
    #1434,#1442));
#1382 = ORIENTED_EDGE('',*,*,#727,.F.);
#1383 = ORIENTED_EDGE('',*,*,#767,.T.);
#1384 = ORIENTED_EDGE('',*,*,#1385,.T.);
#1385 = EDGE_CURVE('',#760,#1386,#1388,.T.);
#1386 = VERTEX_POINT('',#1387);
#1387 = CARTESIAN_POINT('',(-0.843471632406,0.75,0.206587955583));
#1388 = LINE('',#1389,#1390);
#1389 = CARTESIAN_POINT('',(-0.798480775301,0.75,0.492364817767));
#1390 = VECTOR('',#1391,1.);
#1391 = DIRECTION('',(-0.155518033909,1.779496044609E-18,-0.987833053268
    ));
#1392 = ORIENTED_EDGE('',*,*,#1393,.T.);
#1393 = EDGE_CURVE('',#1386,#1394,#1396,.T.);
#1394 = VERTEX_POINT('',#1395);
#1395 = CARTESIAN_POINT('',(-1.089673570659,0.75,5.551115123126E-17));
#1396 = CIRCLE('',#1397,0.25);
#1397 = AXIS2_PLACEMENT_3D('',#1398,#1399,#1400);
#1398 = CARTESIAN_POINT('',(-1.089673570659,0.75,0.25));
#1399 = DIRECTION('',(1.144237745222E-17,1.,3.851859888774E-34));
#1400 = DIRECTION('',(0.984807753012,-1.126854202784E-17,-0.173648177667
    ));
#1401 = ORIENTED_EDGE('',*,*,#1402,.T.);
#1402 = EDGE_CURVE('',#1394,#1403,#1405,.T.);
#1403 = VERTEX_POINT('',#1404);
#1404 = CARTESIAN_POINT('',(-1.25,0.75,5.551115123126E-17));
#1405 = LINE('',#1406,#1407);
#1406 = CARTESIAN_POINT('',(-1.089673570659,0.75,5.551115123126E-17));
#1407 = VECTOR('',#1408,1.);
#1408 = DIRECTION('',(-1.,1.144237745222E-17,0.));
#1409 = ORIENTED_EDGE('',*,*,#1410,.T.);
#1410 = EDGE_CURVE('',#1403,#1411,#1413,.T.);
#1411 = VERTEX_POINT('',#1412);
#1412 = CARTESIAN_POINT('',(-1.25,0.75,0.15));
#1413 = LINE('',#1414,#1415);
#1414 = CARTESIAN_POINT('',(-1.25,0.75,5.551115123126E-17));
#1415 = VECTOR('',#1416,1.);
#1416 = DIRECTION('',(0.,0.,1.));
#1417 = ORIENTED_EDGE('',*,*,#1418,.T.);
#1418 = EDGE_CURVE('',#1411,#1419,#1421,.T.);
#1419 = VERTEX_POINT('',#1420);
#1420 = CARTESIAN_POINT('',(-1.089673570659,0.75,0.15));
#1421 = LINE('',#1422,#1423);
#1422 = CARTESIAN_POINT('',(-1.25,0.75,0.15));
#1423 = VECTOR('',#1424,1.);
#1424 = DIRECTION('',(1.,-1.144237745222E-17,0.));
#1425 = ORIENTED_EDGE('',*,*,#1426,.T.);
#1426 = EDGE_CURVE('',#1419,#1427,#1429,.T.);
#1427 = VERTEX_POINT('',#1428);
#1428 = CARTESIAN_POINT('',(-0.991192795358,0.75,0.232635182233));
#1429 = CIRCLE('',#1430,0.1);
#1430 = AXIS2_PLACEMENT_3D('',#1431,#1432,#1433);
#1431 = CARTESIAN_POINT('',(-1.089673570659,0.75,0.25));
#1432 = DIRECTION('',(-1.144237745222E-17,-1.,1.094764425254E-47));
#1433 = DIRECTION('',(-2.22044604925E-15,2.540718180781E-32,-1.));
#1434 = ORIENTED_EDGE('',*,*,#1435,.T.);
#1435 = EDGE_CURVE('',#1427,#1436,#1438,.T.);
#1436 = VERTEX_POINT('',#1437);
#1437 = CARTESIAN_POINT('',(-0.946201938253,0.75,0.518412044417));
#1438 = LINE('',#1439,#1440);
#1439 = CARTESIAN_POINT('',(-0.991192795358,0.75,0.232635182233));
#1440 = VECTOR('',#1441,1.);
#1441 = DIRECTION('',(0.155518033909,-1.779496044609E-18,0.987833053268)
  );
#1442 = ORIENTED_EDGE('',*,*,#1443,.T.);
#1443 = EDGE_CURVE('',#1436,#728,#1444,.T.);
#1444 = CIRCLE('',#1445,0.25);
#1445 = AXIS2_PLACEMENT_3D('',#1446,#1447,#1448);
#1446 = CARTESIAN_POINT('',(-0.7,0.75,0.475));
#1447 = DIRECTION('',(1.144237745222E-17,1.,0.));
#1448 = DIRECTION('',(-0.984807753012,1.126854202784E-17,0.173648177667)
  );
#1449 = PLANE('',#1450);
#1450 = AXIS2_PLACEMENT_3D('',#1451,#1452,#1453);
#1451 = CARTESIAN_POINT('',(-0.931323080229,0.75,0.33452717391));
#1452 = DIRECTION('',(1.144237745222E-17,1.,0.));
#1453 = DIRECTION('',(0.,-0.,1.));
#1454 = ADVANCED_FACE('',(#1455),#1473,.F.);
#1455 = FACE_BOUND('',#1456,.F.);
#1456 = EDGE_LOOP('',(#1457,#1458,#1466,#1472));
#1457 = ORIENTED_EDGE('',*,*,#759,.T.);
#1458 = ORIENTED_EDGE('',*,*,#1459,.T.);
#1459 = EDGE_CURVE('',#751,#1460,#1462,.T.);
#1460 = VERTEX_POINT('',#1461);
#1461 = CARTESIAN_POINT('',(-0.843471632406,1.15,0.206587955583));
#1462 = LINE('',#1463,#1464);
#1463 = CARTESIAN_POINT('',(-0.798480775301,1.15,0.492364817767));
#1464 = VECTOR('',#1465,1.);
#1465 = DIRECTION('',(-0.155518033909,1.779496044609E-18,-0.987833053268
    ));
#1466 = ORIENTED_EDGE('',*,*,#1467,.F.);
#1467 = EDGE_CURVE('',#1386,#1460,#1468,.T.);
#1468 = LINE('',#1469,#1470);
#1469 = CARTESIAN_POINT('',(-0.843471632406,0.75,0.206587955583));
#1470 = VECTOR('',#1471,1.);
#1471 = DIRECTION('',(1.144237745222E-17,1.,0.));
#1472 = ORIENTED_EDGE('',*,*,#1385,.F.);
#1473 = PLANE('',#1474);
#1474 = AXIS2_PLACEMENT_3D('',#1475,#1476,#1477);
#1475 = CARTESIAN_POINT('',(-0.798480775301,0.75,0.492364817767));
#1476 = DIRECTION('',(-0.987833053268,1.130315865527E-17,0.155518033909)
  );
#1477 = DIRECTION('',(-0.155518033909,1.779496044609E-18,-0.987833053268
    ));
#1478 = ADVANCED_FACE('',(#1479),#1541,.T.);
#1479 = FACE_BOUND('',#1480,.T.);
#1480 = EDGE_LOOP('',(#1481,#1482,#1483,#1484,#1493,#1501,#1509,#1517,
    #1526,#1534));
#1481 = ORIENTED_EDGE('',*,*,#782,.F.);
#1482 = ORIENTED_EDGE('',*,*,#750,.T.);
#1483 = ORIENTED_EDGE('',*,*,#1459,.T.);
#1484 = ORIENTED_EDGE('',*,*,#1485,.T.);
#1485 = EDGE_CURVE('',#1460,#1486,#1488,.T.);
#1486 = VERTEX_POINT('',#1487);
#1487 = CARTESIAN_POINT('',(-1.089673570659,1.15,5.551115123126E-17));
#1488 = CIRCLE('',#1489,0.25);
#1489 = AXIS2_PLACEMENT_3D('',#1490,#1491,#1492);
#1490 = CARTESIAN_POINT('',(-1.089673570659,1.15,0.25));
#1491 = DIRECTION('',(1.144237745222E-17,1.,3.851859888774E-34));
#1492 = DIRECTION('',(0.984807753012,-1.126854202784E-17,-0.173648177667
    ));
#1493 = ORIENTED_EDGE('',*,*,#1494,.T.);
#1494 = EDGE_CURVE('',#1486,#1495,#1497,.T.);
#1495 = VERTEX_POINT('',#1496);
#1496 = CARTESIAN_POINT('',(-1.25,1.15,5.551115123126E-17));
#1497 = LINE('',#1498,#1499);
#1498 = CARTESIAN_POINT('',(-1.089673570659,1.15,5.551115123126E-17));
#1499 = VECTOR('',#1500,1.);
#1500 = DIRECTION('',(-1.,1.144237745222E-17,0.));
#1501 = ORIENTED_EDGE('',*,*,#1502,.T.);
#1502 = EDGE_CURVE('',#1495,#1503,#1505,.T.);
#1503 = VERTEX_POINT('',#1504);
#1504 = CARTESIAN_POINT('',(-1.25,1.15,0.15));
#1505 = LINE('',#1506,#1507);
#1506 = CARTESIAN_POINT('',(-1.25,1.15,5.551115123126E-17));
#1507 = VECTOR('',#1508,1.);
#1508 = DIRECTION('',(0.,0.,1.));
#1509 = ORIENTED_EDGE('',*,*,#1510,.T.);
#1510 = EDGE_CURVE('',#1503,#1511,#1513,.T.);
#1511 = VERTEX_POINT('',#1512);
#1512 = CARTESIAN_POINT('',(-1.089673570659,1.15,0.15));
#1513 = LINE('',#1514,#1515);
#1514 = CARTESIAN_POINT('',(-1.25,1.15,0.15));
#1515 = VECTOR('',#1516,1.);
#1516 = DIRECTION('',(1.,-1.144237745222E-17,0.));
#1517 = ORIENTED_EDGE('',*,*,#1518,.T.);
#1518 = EDGE_CURVE('',#1511,#1519,#1521,.T.);
#1519 = VERTEX_POINT('',#1520);
#1520 = CARTESIAN_POINT('',(-0.991192795358,1.15,0.232635182233));
#1521 = CIRCLE('',#1522,0.1);
#1522 = AXIS2_PLACEMENT_3D('',#1523,#1524,#1525);
#1523 = CARTESIAN_POINT('',(-1.089673570659,1.15,0.25));
#1524 = DIRECTION('',(-1.144237745222E-17,-1.,1.094764425254E-47));
#1525 = DIRECTION('',(-2.22044604925E-15,2.540718180781E-32,-1.));
#1526 = ORIENTED_EDGE('',*,*,#1527,.T.);
#1527 = EDGE_CURVE('',#1519,#1528,#1530,.T.);
#1528 = VERTEX_POINT('',#1529);
#1529 = CARTESIAN_POINT('',(-0.946201938253,1.15,0.518412044417));
#1530 = LINE('',#1531,#1532);
#1531 = CARTESIAN_POINT('',(-0.991192795358,1.15,0.232635182233));
#1532 = VECTOR('',#1533,1.);
#1533 = DIRECTION('',(0.155518033909,-1.779496044609E-18,0.987833053268)
  );
#1534 = ORIENTED_EDGE('',*,*,#1535,.T.);
#1535 = EDGE_CURVE('',#1528,#618,#1536,.T.);
#1536 = CIRCLE('',#1537,0.25);
#1537 = AXIS2_PLACEMENT_3D('',#1538,#1539,#1540);
#1538 = CARTESIAN_POINT('',(-0.7,1.15,0.475));
#1539 = DIRECTION('',(1.144237745222E-17,1.,0.));
#1540 = DIRECTION('',(-0.984807753012,1.126854202784E-17,0.173648177667)
  );
#1541 = PLANE('',#1542);
#1542 = AXIS2_PLACEMENT_3D('',#1543,#1544,#1545);
#1543 = CARTESIAN_POINT('',(-0.931323080229,1.15,0.33452717391));
#1544 = DIRECTION('',(1.144237745222E-17,1.,0.));
#1545 = DIRECTION('',(0.,-0.,1.));
#1546 = ADVANCED_FACE('',(#1547),#1616,.F.);
#1547 = FACE_BOUND('',#1548,.F.);
#1548 = EDGE_LOOP('',(#1549,#1550,#1551,#1559,#1568,#1576,#1584,#1592,
    #1601,#1609));
#1549 = ORIENTED_EDGE('',*,*,#801,.F.);
#1550 = ORIENTED_EDGE('',*,*,#834,.T.);
#1551 = ORIENTED_EDGE('',*,*,#1552,.T.);
#1552 = EDGE_CURVE('',#827,#1553,#1555,.T.);
#1553 = VERTEX_POINT('',#1554);
#1554 = CARTESIAN_POINT('',(0.843471632406,0.2,0.206587955583));
#1555 = LINE('',#1556,#1557);
#1556 = CARTESIAN_POINT('',(0.798480775301,0.2,0.492364817767));
#1557 = VECTOR('',#1558,1.);
#1558 = DIRECTION('',(0.155518033909,1.726597019897E-17,-0.987833053268)
  );
#1559 = ORIENTED_EDGE('',*,*,#1560,.T.);
#1560 = EDGE_CURVE('',#1553,#1561,#1563,.T.);
#1561 = VERTEX_POINT('',#1562);
#1562 = CARTESIAN_POINT('',(1.089673570659,0.2,5.551115123126E-17));
#1563 = CIRCLE('',#1564,0.25);
#1564 = AXIS2_PLACEMENT_3D('',#1565,#1566,#1567);
#1565 = CARTESIAN_POINT('',(1.089673570659,0.2,0.25));
#1566 = DIRECTION('',(1.110223024625E-16,-1.,0.));
#1567 = DIRECTION('',(-0.984807753012,-1.093356242223E-16,
    -0.173648177667));
#1568 = ORIENTED_EDGE('',*,*,#1569,.T.);
#1569 = EDGE_CURVE('',#1561,#1570,#1572,.T.);
#1570 = VERTEX_POINT('',#1571);
#1571 = CARTESIAN_POINT('',(1.25,0.2,5.551115123126E-17));
#1572 = LINE('',#1573,#1574);
#1573 = CARTESIAN_POINT('',(1.089673570659,0.2,5.551115123126E-17));
#1574 = VECTOR('',#1575,1.);
#1575 = DIRECTION('',(1.,1.110223024625E-16,0.));
#1576 = ORIENTED_EDGE('',*,*,#1577,.T.);
#1577 = EDGE_CURVE('',#1570,#1578,#1580,.T.);
#1578 = VERTEX_POINT('',#1579);
#1579 = CARTESIAN_POINT('',(1.25,0.2,0.15));
#1580 = LINE('',#1581,#1582);
#1581 = CARTESIAN_POINT('',(1.25,0.2,5.551115123126E-17));
#1582 = VECTOR('',#1583,1.);
#1583 = DIRECTION('',(0.,0.,1.));
#1584 = ORIENTED_EDGE('',*,*,#1585,.T.);
#1585 = EDGE_CURVE('',#1578,#1586,#1588,.T.);
#1586 = VERTEX_POINT('',#1587);
#1587 = CARTESIAN_POINT('',(1.089673570659,0.2,0.15));
#1588 = LINE('',#1589,#1590);
#1589 = CARTESIAN_POINT('',(1.25,0.2,0.15));
#1590 = VECTOR('',#1591,1.);
#1591 = DIRECTION('',(-1.,-1.110223024625E-16,0.));
#1592 = ORIENTED_EDGE('',*,*,#1593,.T.);
#1593 = EDGE_CURVE('',#1586,#1594,#1596,.T.);
#1594 = VERTEX_POINT('',#1595);
#1595 = CARTESIAN_POINT('',(0.991192795358,0.2,0.232635182233));
#1596 = CIRCLE('',#1597,0.1);
#1597 = AXIS2_PLACEMENT_3D('',#1598,#1599,#1600);
#1598 = CARTESIAN_POINT('',(1.089673570659,0.2,0.25));
#1599 = DIRECTION('',(-1.110223024625E-16,1.,0.));
#1600 = DIRECTION('',(2.22044604925E-15,2.465190328815E-31,-1.));
#1601 = ORIENTED_EDGE('',*,*,#1602,.T.);
#1602 = EDGE_CURVE('',#1594,#1603,#1605,.T.);
#1603 = VERTEX_POINT('',#1604);
#1604 = CARTESIAN_POINT('',(0.946201938253,0.2,0.518412044417));
#1605 = LINE('',#1606,#1607);
#1606 = CARTESIAN_POINT('',(0.991192795358,0.2,0.232635182233));
#1607 = VECTOR('',#1608,1.);
#1608 = DIRECTION('',(-0.155518033909,-1.726597019897E-17,0.987833053268
    ));
#1609 = ORIENTED_EDGE('',*,*,#1610,.T.);
#1610 = EDGE_CURVE('',#1603,#562,#1611,.T.);
#1611 = CIRCLE('',#1612,0.25);
#1612 = AXIS2_PLACEMENT_3D('',#1613,#1614,#1615);
#1613 = CARTESIAN_POINT('',(0.7,0.2,0.475));
#1614 = DIRECTION('',(1.110223024625E-16,-1.,0.));
#1615 = DIRECTION('',(0.984807753012,1.093356242223E-16,0.173648177667)
  );
#1616 = PLANE('',#1617);
#1617 = AXIS2_PLACEMENT_3D('',#1618,#1619,#1620);
#1618 = CARTESIAN_POINT('',(0.931323080229,0.2,0.33452717391));
#1619 = DIRECTION('',(1.110223024625E-16,-1.,0.));
#1620 = DIRECTION('',(0.,0.,1.));
#1621 = ADVANCED_FACE('',(#1622),#1640,.F.);
#1622 = FACE_BOUND('',#1623,.F.);
#1623 = EDGE_LOOP('',(#1624,#1625,#1633,#1639));
#1624 = ORIENTED_EDGE('',*,*,#826,.T.);
#1625 = ORIENTED_EDGE('',*,*,#1626,.T.);
#1626 = EDGE_CURVE('',#818,#1627,#1629,.T.);
#1627 = VERTEX_POINT('',#1628);
#1628 = CARTESIAN_POINT('',(0.843471632406,-0.2,0.206587955583));
#1629 = LINE('',#1630,#1631);
#1630 = CARTESIAN_POINT('',(0.798480775301,-0.2,0.492364817767));
#1631 = VECTOR('',#1632,1.);
#1632 = DIRECTION('',(0.155518033909,1.726597019897E-17,-0.987833053268)
  );
#1633 = ORIENTED_EDGE('',*,*,#1634,.F.);
#1634 = EDGE_CURVE('',#1553,#1627,#1635,.T.);
#1635 = LINE('',#1636,#1637);
#1636 = CARTESIAN_POINT('',(0.843471632406,0.2,0.206587955583));
#1637 = VECTOR('',#1638,1.);
#1638 = DIRECTION('',(1.110223024625E-16,-1.,0.));
#1639 = ORIENTED_EDGE('',*,*,#1552,.F.);
#1640 = PLANE('',#1641);
#1641 = AXIS2_PLACEMENT_3D('',#1642,#1643,#1644);
#1642 = CARTESIAN_POINT('',(0.798480775301,0.2,0.492364817767));
#1643 = DIRECTION('',(0.987833053268,1.096715000224E-16,0.155518033909)
  );
#1644 = DIRECTION('',(0.155518033909,1.726597019897E-17,-0.987833053268)
  );
#1645 = ADVANCED_FACE('',(#1646),#1708,.T.);
#1646 = FACE_BOUND('',#1647,.T.);
#1647 = EDGE_LOOP('',(#1648,#1649,#1650,#1651,#1660,#1668,#1676,#1684,
    #1693,#1701));
#1648 = ORIENTED_EDGE('',*,*,#849,.F.);
#1649 = ORIENTED_EDGE('',*,*,#817,.T.);
#1650 = ORIENTED_EDGE('',*,*,#1626,.T.);
#1651 = ORIENTED_EDGE('',*,*,#1652,.T.);
#1652 = EDGE_CURVE('',#1627,#1653,#1655,.T.);
#1653 = VERTEX_POINT('',#1654);
#1654 = CARTESIAN_POINT('',(1.089673570659,-0.2,5.551115123126E-17));
#1655 = CIRCLE('',#1656,0.25);
#1656 = AXIS2_PLACEMENT_3D('',#1657,#1658,#1659);
#1657 = CARTESIAN_POINT('',(1.089673570659,-0.2,0.25));
#1658 = DIRECTION('',(1.110223024625E-16,-1.,0.));
#1659 = DIRECTION('',(-0.984807753012,-1.093356242223E-16,
    -0.173648177667));
#1660 = ORIENTED_EDGE('',*,*,#1661,.T.);
#1661 = EDGE_CURVE('',#1653,#1662,#1664,.T.);
#1662 = VERTEX_POINT('',#1663);
#1663 = CARTESIAN_POINT('',(1.25,-0.2,5.551115123126E-17));
#1664 = LINE('',#1665,#1666);
#1665 = CARTESIAN_POINT('',(1.089673570659,-0.2,5.551115123126E-17));
#1666 = VECTOR('',#1667,1.);
#1667 = DIRECTION('',(1.,1.110223024625E-16,0.));
#1668 = ORIENTED_EDGE('',*,*,#1669,.T.);
#1669 = EDGE_CURVE('',#1662,#1670,#1672,.T.);
#1670 = VERTEX_POINT('',#1671);
#1671 = CARTESIAN_POINT('',(1.25,-0.2,0.15));
#1672 = LINE('',#1673,#1674);
#1673 = CARTESIAN_POINT('',(1.25,-0.2,5.551115123126E-17));
#1674 = VECTOR('',#1675,1.);
#1675 = DIRECTION('',(0.,0.,1.));
#1676 = ORIENTED_EDGE('',*,*,#1677,.T.);
#1677 = EDGE_CURVE('',#1670,#1678,#1680,.T.);
#1678 = VERTEX_POINT('',#1679);
#1679 = CARTESIAN_POINT('',(1.089673570659,-0.2,0.15));
#1680 = LINE('',#1681,#1682);
#1681 = CARTESIAN_POINT('',(1.25,-0.2,0.15));
#1682 = VECTOR('',#1683,1.);
#1683 = DIRECTION('',(-1.,-1.110223024625E-16,0.));
#1684 = ORIENTED_EDGE('',*,*,#1685,.T.);
#1685 = EDGE_CURVE('',#1678,#1686,#1688,.T.);
#1686 = VERTEX_POINT('',#1687);
#1687 = CARTESIAN_POINT('',(0.991192795358,-0.2,0.232635182233));
#1688 = CIRCLE('',#1689,0.1);
#1689 = AXIS2_PLACEMENT_3D('',#1690,#1691,#1692);
#1690 = CARTESIAN_POINT('',(1.089673570659,-0.2,0.25));
#1691 = DIRECTION('',(-1.110223024625E-16,1.,0.));
#1692 = DIRECTION('',(2.22044604925E-15,2.465190328815E-31,-1.));
#1693 = ORIENTED_EDGE('',*,*,#1694,.T.);
#1694 = EDGE_CURVE('',#1686,#1695,#1697,.T.);
#1695 = VERTEX_POINT('',#1696);
#1696 = CARTESIAN_POINT('',(0.946201938253,-0.2,0.518412044417));
#1697 = LINE('',#1698,#1699);
#1698 = CARTESIAN_POINT('',(0.991192795358,-0.2,0.232635182233));
#1699 = VECTOR('',#1700,1.);
#1700 = DIRECTION('',(-0.155518033909,-1.726597019897E-17,0.987833053268
    ));
#1701 = ORIENTED_EDGE('',*,*,#1702,.T.);
#1702 = EDGE_CURVE('',#1695,#850,#1703,.T.);
#1703 = CIRCLE('',#1704,0.25);
#1704 = AXIS2_PLACEMENT_3D('',#1705,#1706,#1707);
#1705 = CARTESIAN_POINT('',(0.7,-0.2,0.475));
#1706 = DIRECTION('',(1.110223024625E-16,-1.,0.));
#1707 = DIRECTION('',(0.984807753012,1.093356242223E-16,0.173648177667)
  );
#1708 = PLANE('',#1709);
#1709 = AXIS2_PLACEMENT_3D('',#1710,#1711,#1712);
#1710 = CARTESIAN_POINT('',(0.931323080229,-0.2,0.33452717391));
#1711 = DIRECTION('',(1.110223024625E-16,-1.,0.));
#1712 = DIRECTION('',(0.,0.,1.));
#1713 = ADVANCED_FACE('',(#1714),#1725,.T.);
#1714 = FACE_BOUND('',#1715,.T.);
#1715 = EDGE_LOOP('',(#1716,#1717,#1718,#1719));
#1716 = ORIENTED_EDGE('',*,*,#1443,.T.);
#1717 = ORIENTED_EDGE('',*,*,#950,.T.);
#1718 = ORIENTED_EDGE('',*,*,#1535,.F.);
#1719 = ORIENTED_EDGE('',*,*,#1720,.F.);
#1720 = EDGE_CURVE('',#1436,#1528,#1721,.T.);
#1721 = LINE('',#1722,#1723);
#1722 = CARTESIAN_POINT('',(-0.946201938253,0.75,0.518412044417));
#1723 = VECTOR('',#1724,1.);
#1724 = DIRECTION('',(1.144237745222E-17,1.,0.));
#1725 = CYLINDRICAL_SURFACE('',#1726,0.25);
#1726 = AXIS2_PLACEMENT_3D('',#1727,#1728,#1729);
#1727 = CARTESIAN_POINT('',(-0.7,0.75,0.475));
#1728 = DIRECTION('',(-1.144237745222E-17,-1.,0.));
#1729 = DIRECTION('',(-0.984807753012,1.126854202784E-17,0.173648177667)
  );
#1730 = ADVANCED_FACE('',(#1731),#1742,.F.);
#1731 = FACE_BOUND('',#1732,.F.);
#1732 = EDGE_LOOP('',(#1733,#1734,#1740,#1741));
#1733 = ORIENTED_EDGE('',*,*,#1161,.F.);
#1734 = ORIENTED_EDGE('',*,*,#1735,.T.);
#1735 = EDGE_CURVE('',#664,#719,#1736,.T.);
#1736 = LINE('',#1737,#1738);
#1737 = CARTESIAN_POINT('',(-0.7,-1.15,0.725));
#1738 = VECTOR('',#1739,1.);
#1739 = DIRECTION('',(1.144237745222E-17,1.,0.));
#1740 = ORIENTED_EDGE('',*,*,#1369,.T.);
#1741 = ORIENTED_EDGE('',*,*,#981,.F.);
#1742 = PLANE('',#1743);
#1743 = AXIS2_PLACEMENT_3D('',#1744,#1745,#1746);
#1744 = CARTESIAN_POINT('',(-0.7,-1.15,0.725));
#1745 = DIRECTION('',(0.,0.,-1.));
#1746 = DIRECTION('',(1.,-1.144237745222E-17,0.));
#1747 = ADVANCED_FACE('',(#1748,#1777),#1788,.T.);
#1748 = FACE_BOUND('',#1749,.T.);
#1749 = EDGE_LOOP('',(#1750,#1751,#1752,#1753,#1761,#1769,#1775,#1776));
#1750 = ORIENTED_EDGE('',*,*,#1056,.F.);
#1751 = ORIENTED_EDGE('',*,*,#1033,.F.);
#1752 = ORIENTED_EDGE('',*,*,#1004,.F.);
#1753 = ORIENTED_EDGE('',*,*,#1754,.F.);
#1754 = EDGE_CURVE('',#1755,#1005,#1757,.T.);
#1755 = VERTEX_POINT('',#1756);
#1756 = CARTESIAN_POINT('',(-0.559121551758,-1.408243103516,1.2));
#1757 = LINE('',#1758,#1759);
#1758 = CARTESIAN_POINT('',(-0.559121551758,-1.408243103516,1.2));
#1759 = VECTOR('',#1760,1.);
#1760 = DIRECTION('',(-0.707106781187,0.707106781187,0.));
#1761 = ORIENTED_EDGE('',*,*,#1762,.F.);
#1762 = EDGE_CURVE('',#1763,#1755,#1765,.T.);
#1763 = VERTEX_POINT('',#1764);
#1764 = CARTESIAN_POINT('',(0.559121551758,-1.408243103516,1.2));
#1765 = LINE('',#1766,#1767);
#1766 = CARTESIAN_POINT('',(0.559121551758,-1.408243103516,1.2));
#1767 = VECTOR('',#1768,1.);
#1768 = DIRECTION('',(-1.,-1.110223024625E-16,0.));
#1769 = ORIENTED_EDGE('',*,*,#1770,.F.);
#1770 = EDGE_CURVE('',#1112,#1763,#1771,.T.);
#1771 = LINE('',#1772,#1773);
#1772 = CARTESIAN_POINT('',(0.608243103516,-1.359121551758,1.2));
#1773 = VECTOR('',#1774,1.);
#1774 = DIRECTION('',(-0.707106781187,-0.707106781187,0.));
#1775 = ORIENTED_EDGE('',*,*,#1118,.F.);
#1776 = ORIENTED_EDGE('',*,*,#1079,.F.);
#1777 = FACE_BOUND('',#1778,.T.);
#1778 = EDGE_LOOP('',(#1779));
#1779 = ORIENTED_EDGE('',*,*,#1780,.T.);
#1780 = EDGE_CURVE('',#1781,#1781,#1783,.T.);
#1781 = VERTEX_POINT('',#1782);
#1782 = CARTESIAN_POINT('',(-0.428243103516,1.178243103516,1.2));
#1783 = CIRCLE('',#1784,5.E-02);
#1784 = AXIS2_PLACEMENT_3D('',#1785,#1786,#1787);
#1785 = CARTESIAN_POINT('',(-0.428243103516,1.228243103516,1.2));
#1786 = DIRECTION('',(0.,-0.,-1.));
#1787 = DIRECTION('',(1.110223024625E-16,-1.,0.));
#1788 = PLANE('',#1789);
#1789 = AXIS2_PLACEMENT_3D('',#1790,#1791,#1792);
#1790 = CARTESIAN_POINT('',(-0.559121551758,1.408243103516,1.2));
#1791 = DIRECTION('',(0.,0.,1.));
#1792 = DIRECTION('',(0.369013679242,-0.929423963825,0.));
#1793 = ADVANCED_FACE('',(#1794),#1804,.F.);
#1794 = FACE_BOUND('',#1795,.F.);
#1795 = EDGE_LOOP('',(#1796,#1797,#1798,#1799));
#1796 = ORIENTED_EDGE('',*,*,#1168,.T.);
#1797 = ORIENTED_EDGE('',*,*,#1012,.T.);
#1798 = ORIENTED_EDGE('',*,*,#1754,.F.);
#1799 = ORIENTED_EDGE('',*,*,#1800,.F.);
#1800 = EDGE_CURVE('',#1169,#1755,#1801,.T.);
#1801 = B_SPLINE_CURVE_WITH_KNOTS('',1,(#1802,#1803),.UNSPECIFIED.,.F.,
  .F.,(2,2),(0.,1.),.PIECEWISE_BEZIER_KNOTS.);
#1802 = CARTESIAN_POINT('',(-0.5925,-1.475,0.725));
#1803 = CARTESIAN_POINT('',(-0.559121551758,-1.408243103516,1.2));
#1804 = B_SPLINE_SURFACE_WITH_KNOTS('',1,1,(
    (#1805,#1806)
    ,(#1807,#1808
    )),.UNSPECIFIED.,.F.,.F.,.F.,(2,2),(2,2),(0.,0.116672618896),(0.,1.)
  ,.PIECEWISE_BEZIER_KNOTS.);
#1805 = CARTESIAN_POINT('',(-0.5925,-1.475,0.725));
#1806 = CARTESIAN_POINT('',(-0.559121551758,-1.408243103516,1.2));
#1807 = CARTESIAN_POINT('',(-0.675,-1.3925,0.725));
#1808 = CARTESIAN_POINT('',(-0.608243103516,-1.359121551758,1.2));
#1809 = ADVANCED_FACE('',(#1810),#1820,.F.);
#1810 = FACE_BOUND('',#1811,.F.);
#1811 = EDGE_LOOP('',(#1812,#1813,#1818,#1819));
#1812 = ORIENTED_EDGE('',*,*,#1184,.T.);
#1813 = ORIENTED_EDGE('',*,*,#1814,.T.);
#1814 = EDGE_CURVE('',#1177,#1763,#1815,.T.);
#1815 = B_SPLINE_CURVE_WITH_KNOTS('',1,(#1816,#1817),.UNSPECIFIED.,.F.,
  .F.,(2,2),(0.,1.),.PIECEWISE_BEZIER_KNOTS.);
#1816 = CARTESIAN_POINT('',(0.5925,-1.475,0.725));
#1817 = CARTESIAN_POINT('',(0.559121551758,-1.408243103516,1.2));
#1818 = ORIENTED_EDGE('',*,*,#1770,.F.);
#1819 = ORIENTED_EDGE('',*,*,#1111,.F.);
#1820 = B_SPLINE_SURFACE_WITH_KNOTS('',1,1,(
    (#1821,#1822)
    ,(#1823,#1824
    )),.UNSPECIFIED.,.F.,.F.,.F.,(2,2),(2,2),(0.,0.116672618896),(0.,1.)
  ,.PIECEWISE_BEZIER_KNOTS.);
#1821 = CARTESIAN_POINT('',(0.675,-1.3925,0.725));
#1822 = CARTESIAN_POINT('',(0.608243103516,-1.359121551758,1.2));
#1823 = CARTESIAN_POINT('',(0.5925,-1.475,0.725));
#1824 = CARTESIAN_POINT('',(0.559121551758,-1.408243103516,1.2));
#1825 = ADVANCED_FACE('',(#1826),#1837,.T.);
#1826 = FACE_BOUND('',#1827,.T.);
#1827 = EDGE_LOOP('',(#1828,#1829,#1830,#1831));
#1828 = ORIENTED_EDGE('',*,*,#1610,.T.);
#1829 = ORIENTED_EDGE('',*,*,#1134,.T.);
#1830 = ORIENTED_EDGE('',*,*,#1702,.F.);
#1831 = ORIENTED_EDGE('',*,*,#1832,.F.);
#1832 = EDGE_CURVE('',#1603,#1695,#1833,.T.);
#1833 = LINE('',#1834,#1835);
#1834 = CARTESIAN_POINT('',(0.946201938253,0.2,0.518412044417));
#1835 = VECTOR('',#1836,1.);
#1836 = DIRECTION('',(1.110223024625E-16,-1.,0.));
#1837 = CYLINDRICAL_SURFACE('',#1838,0.25);
#1838 = AXIS2_PLACEMENT_3D('',#1839,#1840,#1841);
#1839 = CARTESIAN_POINT('',(0.7,0.2,0.475));
#1840 = DIRECTION('',(-1.110223024625E-16,1.,0.));
#1841 = DIRECTION('',(0.984807753012,1.093356242223E-16,0.173648177667)
  );
#1842 = ADVANCED_FACE('',(#1843),#1849,.F.);
#1843 = FACE_BOUND('',#1844,.F.);
#1844 = EDGE_LOOP('',(#1845,#1846,#1847,#1848));
#1845 = ORIENTED_EDGE('',*,*,#1176,.T.);
#1846 = ORIENTED_EDGE('',*,*,#1800,.T.);
#1847 = ORIENTED_EDGE('',*,*,#1762,.F.);
#1848 = ORIENTED_EDGE('',*,*,#1814,.F.);
#1849 = B_SPLINE_SURFACE_WITH_KNOTS('',1,1,(
    (#1850,#1851)
    ,(#1852,#1853
    )),.UNSPECIFIED.,.F.,.F.,.F.,(2,2),(2,2),(0.,1.185),(0.,1.),
  .PIECEWISE_BEZIER_KNOTS.);
#1850 = CARTESIAN_POINT('',(0.5925,-1.475,0.725));
#1851 = CARTESIAN_POINT('',(0.559121551758,-1.408243103516,1.2));
#1852 = CARTESIAN_POINT('',(-0.5925,-1.475,0.725));
#1853 = CARTESIAN_POINT('',(-0.559121551758,-1.408243103516,1.2));
#1854 = ADVANCED_FACE('',(#1855),#1866,.T.);
#1855 = FACE_BOUND('',#1856,.T.);
#1856 = EDGE_LOOP('',(#1857,#1858,#1859,#1860));
#1857 = ORIENTED_EDGE('',*,*,#1259,.T.);
#1858 = ORIENTED_EDGE('',*,*,#1735,.T.);
#1859 = ORIENTED_EDGE('',*,*,#1351,.F.);
#1860 = ORIENTED_EDGE('',*,*,#1861,.F.);
#1861 = EDGE_CURVE('',#1252,#1344,#1862,.T.);
#1862 = LINE('',#1863,#1864);
#1863 = CARTESIAN_POINT('',(-0.946201938253,-1.15,0.518412044417));
#1864 = VECTOR('',#1865,1.);
#1865 = DIRECTION('',(1.144237745222E-17,1.,0.));
#1866 = CYLINDRICAL_SURFACE('',#1867,0.25);
#1867 = AXIS2_PLACEMENT_3D('',#1868,#1869,#1870);
#1868 = CARTESIAN_POINT('',(-0.7,-1.15,0.475));
#1869 = DIRECTION('',(-1.144237745222E-17,-1.,0.));
#1870 = DIRECTION('',(-0.984807753012,1.126854202784E-17,0.173648177667)
  );
#1871 = ADVANCED_FACE('',(#1872),#1883,.F.);
#1872 = FACE_BOUND('',#1873,.F.);
#1873 = EDGE_LOOP('',(#1874,#1880,#1881,#1882));
#1874 = ORIENTED_EDGE('',*,*,#1875,.T.);
#1875 = EDGE_CURVE('',#1243,#1335,#1876,.T.);
#1876 = LINE('',#1877,#1878);
#1877 = CARTESIAN_POINT('',(-0.991192795358,-1.15,0.232635182233));
#1878 = VECTOR('',#1879,1.);
#1879 = DIRECTION('',(1.144237745222E-17,1.,0.));
#1880 = ORIENTED_EDGE('',*,*,#1343,.T.);
#1881 = ORIENTED_EDGE('',*,*,#1861,.F.);
#1882 = ORIENTED_EDGE('',*,*,#1251,.F.);
#1883 = PLANE('',#1884);
#1884 = AXIS2_PLACEMENT_3D('',#1885,#1886,#1887);
#1885 = CARTESIAN_POINT('',(-0.991192795358,-1.15,0.232635182233));
#1886 = DIRECTION('',(0.987833053268,-1.130315865527E-17,-0.155518033909
    ));
#1887 = DIRECTION('',(0.155518033909,-1.779496044609E-18,0.987833053268)
  );
#1888 = ADVANCED_FACE('',(#1889),#1900,.F.);
#1889 = FACE_BOUND('',#1890,.F.);
#1890 = EDGE_LOOP('',(#1891,#1897,#1898,#1899));
#1891 = ORIENTED_EDGE('',*,*,#1892,.T.);
#1892 = EDGE_CURVE('',#1235,#1327,#1893,.T.);
#1893 = LINE('',#1894,#1895);
#1894 = CARTESIAN_POINT('',(-1.089673570659,-1.15,0.15));
#1895 = VECTOR('',#1896,1.);
#1896 = DIRECTION('',(1.144237745222E-17,1.,0.));
#1897 = ORIENTED_EDGE('',*,*,#1334,.T.);
#1898 = ORIENTED_EDGE('',*,*,#1875,.F.);
#1899 = ORIENTED_EDGE('',*,*,#1242,.F.);
#1900 = CYLINDRICAL_SURFACE('',#1901,0.1);
#1901 = AXIS2_PLACEMENT_3D('',#1902,#1903,#1904);
#1902 = CARTESIAN_POINT('',(-1.089673570659,-1.15,0.25));
#1903 = DIRECTION('',(-1.144237745222E-17,-1.,0.));
#1904 = DIRECTION('',(-2.22044604925E-15,2.540718180781E-32,-1.));
#1905 = ADVANCED_FACE('',(#1906),#1917,.F.);
#1906 = FACE_BOUND('',#1907,.F.);
#1907 = EDGE_LOOP('',(#1908,#1914,#1915,#1916));
#1908 = ORIENTED_EDGE('',*,*,#1909,.T.);
#1909 = EDGE_CURVE('',#1227,#1319,#1910,.T.);
#1910 = LINE('',#1911,#1912);
#1911 = CARTESIAN_POINT('',(-1.25,-1.15,0.15));
#1912 = VECTOR('',#1913,1.);
#1913 = DIRECTION('',(1.144237745222E-17,1.,0.));
#1914 = ORIENTED_EDGE('',*,*,#1326,.T.);
#1915 = ORIENTED_EDGE('',*,*,#1892,.F.);
#1916 = ORIENTED_EDGE('',*,*,#1234,.F.);
#1917 = PLANE('',#1918);
#1918 = AXIS2_PLACEMENT_3D('',#1919,#1920,#1921);
#1919 = CARTESIAN_POINT('',(-1.25,-1.15,0.15));
#1920 = DIRECTION('',(0.,0.,-1.));
#1921 = DIRECTION('',(1.,-1.144237745222E-17,0.));
#1922 = ADVANCED_FACE('',(#1923),#1934,.F.);
#1923 = FACE_BOUND('',#1924,.F.);
#1924 = EDGE_LOOP('',(#1925,#1931,#1932,#1933));
#1925 = ORIENTED_EDGE('',*,*,#1926,.T.);
#1926 = EDGE_CURVE('',#1219,#1311,#1927,.T.);
#1927 = LINE('',#1928,#1929);
#1928 = CARTESIAN_POINT('',(-1.25,-1.15,5.551115123126E-17));
#1929 = VECTOR('',#1930,1.);
#1930 = DIRECTION('',(1.144237745222E-17,1.,0.));
#1931 = ORIENTED_EDGE('',*,*,#1318,.T.);
#1932 = ORIENTED_EDGE('',*,*,#1909,.F.);
#1933 = ORIENTED_EDGE('',*,*,#1226,.F.);
#1934 = PLANE('',#1935);
#1935 = AXIS2_PLACEMENT_3D('',#1936,#1937,#1938);
#1936 = CARTESIAN_POINT('',(-1.25,-1.15,5.551115123126E-17));
#1937 = DIRECTION('',(1.,-1.144237745222E-17,0.));
#1938 = DIRECTION('',(0.,0.,1.));
#1939 = ADVANCED_FACE('',(#1940),#1951,.F.);
#1940 = FACE_BOUND('',#1941,.F.);
#1941 = EDGE_LOOP('',(#1942,#1948,#1949,#1950));
#1942 = ORIENTED_EDGE('',*,*,#1943,.T.);
#1943 = EDGE_CURVE('',#1210,#1302,#1944,.T.);
#1944 = LINE('',#1945,#1946);
#1945 = CARTESIAN_POINT('',(-1.089673570659,-1.15,5.551115123126E-17));
#1946 = VECTOR('',#1947,1.);
#1947 = DIRECTION('',(1.144237745222E-17,1.,0.));
#1948 = ORIENTED_EDGE('',*,*,#1310,.T.);
#1949 = ORIENTED_EDGE('',*,*,#1926,.F.);
#1950 = ORIENTED_EDGE('',*,*,#1218,.F.);
#1951 = PLANE('',#1952);
#1952 = AXIS2_PLACEMENT_3D('',#1953,#1954,#1955);
#1953 = CARTESIAN_POINT('',(-1.089673570659,-1.15,5.551115123126E-17));
#1954 = DIRECTION('',(0.,0.,1.));
#1955 = DIRECTION('',(-1.,1.144237745222E-17,0.));
#1956 = ADVANCED_FACE('',(#1957),#1963,.T.);
#1957 = FACE_BOUND('',#1958,.T.);
#1958 = EDGE_LOOP('',(#1959,#1960,#1961,#1962));
#1959 = ORIENTED_EDGE('',*,*,#1209,.T.);
#1960 = ORIENTED_EDGE('',*,*,#1943,.T.);
#1961 = ORIENTED_EDGE('',*,*,#1301,.F.);
#1962 = ORIENTED_EDGE('',*,*,#1283,.F.);
#1963 = CYLINDRICAL_SURFACE('',#1964,0.25);
#1964 = AXIS2_PLACEMENT_3D('',#1965,#1966,#1967);
#1965 = CARTESIAN_POINT('',(-1.089673570659,-1.15,0.25));
#1966 = DIRECTION('',(-1.144237745222E-17,-1.,0.));
#1967 = DIRECTION('',(0.984807753012,-1.126854202784E-17,-0.173648177667
    ));
#1968 = ADVANCED_FACE('',(#1969),#1980,.F.);
#1969 = FACE_BOUND('',#1970,.F.);
#1970 = EDGE_LOOP('',(#1971,#1977,#1978,#1979));
#1971 = ORIENTED_EDGE('',*,*,#1972,.T.);
#1972 = EDGE_CURVE('',#1427,#1519,#1973,.T.);
#1973 = LINE('',#1974,#1975);
#1974 = CARTESIAN_POINT('',(-0.991192795358,0.75,0.232635182233));
#1975 = VECTOR('',#1976,1.);
#1976 = DIRECTION('',(1.144237745222E-17,1.,0.));
#1977 = ORIENTED_EDGE('',*,*,#1527,.T.);
#1978 = ORIENTED_EDGE('',*,*,#1720,.F.);
#1979 = ORIENTED_EDGE('',*,*,#1435,.F.);
#1980 = PLANE('',#1981);
#1981 = AXIS2_PLACEMENT_3D('',#1982,#1983,#1984);
#1982 = CARTESIAN_POINT('',(-0.991192795358,0.75,0.232635182233));
#1983 = DIRECTION('',(0.987833053268,-1.130315865527E-17,-0.155518033909
    ));
#1984 = DIRECTION('',(0.155518033909,-1.779496044609E-18,0.987833053268)
  );
#1985 = ADVANCED_FACE('',(#1986),#1997,.F.);
#1986 = FACE_BOUND('',#1987,.F.);
#1987 = EDGE_LOOP('',(#1988,#1994,#1995,#1996));
#1988 = ORIENTED_EDGE('',*,*,#1989,.T.);
#1989 = EDGE_CURVE('',#1419,#1511,#1990,.T.);
#1990 = LINE('',#1991,#1992);
#1991 = CARTESIAN_POINT('',(-1.089673570659,0.75,0.15));
#1992 = VECTOR('',#1993,1.);
#1993 = DIRECTION('',(1.144237745222E-17,1.,0.));
#1994 = ORIENTED_EDGE('',*,*,#1518,.T.);
#1995 = ORIENTED_EDGE('',*,*,#1972,.F.);
#1996 = ORIENTED_EDGE('',*,*,#1426,.F.);
#1997 = CYLINDRICAL_SURFACE('',#1998,0.1);
#1998 = AXIS2_PLACEMENT_3D('',#1999,#2000,#2001);
#1999 = CARTESIAN_POINT('',(-1.089673570659,0.75,0.25));
#2000 = DIRECTION('',(-1.144237745222E-17,-1.,0.));
#2001 = DIRECTION('',(-2.22044604925E-15,2.540718180781E-32,-1.));
#2002 = ADVANCED_FACE('',(#2003),#2014,.F.);
#2003 = FACE_BOUND('',#2004,.F.);
#2004 = EDGE_LOOP('',(#2005,#2011,#2012,#2013));
#2005 = ORIENTED_EDGE('',*,*,#2006,.T.);
#2006 = EDGE_CURVE('',#1411,#1503,#2007,.T.);
#2007 = LINE('',#2008,#2009);
#2008 = CARTESIAN_POINT('',(-1.25,0.75,0.15));
#2009 = VECTOR('',#2010,1.);
#2010 = DIRECTION('',(1.144237745222E-17,1.,0.));
#2011 = ORIENTED_EDGE('',*,*,#1510,.T.);
#2012 = ORIENTED_EDGE('',*,*,#1989,.F.);
#2013 = ORIENTED_EDGE('',*,*,#1418,.F.);
#2014 = PLANE('',#2015);
#2015 = AXIS2_PLACEMENT_3D('',#2016,#2017,#2018);
#2016 = CARTESIAN_POINT('',(-1.25,0.75,0.15));
#2017 = DIRECTION('',(0.,0.,-1.));
#2018 = DIRECTION('',(1.,-1.144237745222E-17,0.));
#2019 = ADVANCED_FACE('',(#2020),#2031,.F.);
#2020 = FACE_BOUND('',#2021,.F.);
#2021 = EDGE_LOOP('',(#2022,#2028,#2029,#2030));
#2022 = ORIENTED_EDGE('',*,*,#2023,.T.);
#2023 = EDGE_CURVE('',#1403,#1495,#2024,.T.);
#2024 = LINE('',#2025,#2026);
#2025 = CARTESIAN_POINT('',(-1.25,0.75,5.551115123126E-17));
#2026 = VECTOR('',#2027,1.);
#2027 = DIRECTION('',(1.144237745222E-17,1.,0.));
#2028 = ORIENTED_EDGE('',*,*,#1502,.T.);
#2029 = ORIENTED_EDGE('',*,*,#2006,.F.);
#2030 = ORIENTED_EDGE('',*,*,#1410,.F.);
#2031 = PLANE('',#2032);
#2032 = AXIS2_PLACEMENT_3D('',#2033,#2034,#2035);
#2033 = CARTESIAN_POINT('',(-1.25,0.75,5.551115123126E-17));
#2034 = DIRECTION('',(1.,-1.144237745222E-17,0.));
#2035 = DIRECTION('',(0.,0.,1.));
#2036 = ADVANCED_FACE('',(#2037),#2048,.F.);
#2037 = FACE_BOUND('',#2038,.F.);
#2038 = EDGE_LOOP('',(#2039,#2045,#2046,#2047));
#2039 = ORIENTED_EDGE('',*,*,#2040,.T.);
#2040 = EDGE_CURVE('',#1394,#1486,#2041,.T.);
#2041 = LINE('',#2042,#2043);
#2042 = CARTESIAN_POINT('',(-1.089673570659,0.75,5.551115123126E-17));
#2043 = VECTOR('',#2044,1.);
#2044 = DIRECTION('',(1.144237745222E-17,1.,0.));
#2045 = ORIENTED_EDGE('',*,*,#1494,.T.);
#2046 = ORIENTED_EDGE('',*,*,#2023,.F.);
#2047 = ORIENTED_EDGE('',*,*,#1402,.F.);
#2048 = PLANE('',#2049);
#2049 = AXIS2_PLACEMENT_3D('',#2050,#2051,#2052);
#2050 = CARTESIAN_POINT('',(-1.089673570659,0.75,5.551115123126E-17));
#2051 = DIRECTION('',(0.,0.,1.));
#2052 = DIRECTION('',(-1.,1.144237745222E-17,0.));
#2053 = ADVANCED_FACE('',(#2054),#2060,.T.);
#2054 = FACE_BOUND('',#2055,.T.);
#2055 = EDGE_LOOP('',(#2056,#2057,#2058,#2059));
#2056 = ORIENTED_EDGE('',*,*,#1393,.T.);
#2057 = ORIENTED_EDGE('',*,*,#2040,.T.);
#2058 = ORIENTED_EDGE('',*,*,#1485,.F.);
#2059 = ORIENTED_EDGE('',*,*,#1467,.F.);
#2060 = CYLINDRICAL_SURFACE('',#2061,0.25);
#2061 = AXIS2_PLACEMENT_3D('',#2062,#2063,#2064);
#2062 = CARTESIAN_POINT('',(-1.089673570659,0.75,0.25));
#2063 = DIRECTION('',(-1.144237745222E-17,-1.,0.));
#2064 = DIRECTION('',(0.984807753012,-1.126854202784E-17,-0.173648177667
    ));
#2065 = ADVANCED_FACE('',(#2066),#2077,.F.);
#2066 = FACE_BOUND('',#2067,.F.);
#2067 = EDGE_LOOP('',(#2068,#2074,#2075,#2076));
#2068 = ORIENTED_EDGE('',*,*,#2069,.T.);
#2069 = EDGE_CURVE('',#1594,#1686,#2070,.T.);
#2070 = LINE('',#2071,#2072);
#2071 = CARTESIAN_POINT('',(0.991192795358,0.2,0.232635182233));
#2072 = VECTOR('',#2073,1.);
#2073 = DIRECTION('',(1.110223024625E-16,-1.,0.));
#2074 = ORIENTED_EDGE('',*,*,#1694,.T.);
#2075 = ORIENTED_EDGE('',*,*,#1832,.F.);
#2076 = ORIENTED_EDGE('',*,*,#1602,.F.);
#2077 = PLANE('',#2078);
#2078 = AXIS2_PLACEMENT_3D('',#2079,#2080,#2081);
#2079 = CARTESIAN_POINT('',(0.991192795358,0.2,0.232635182233));
#2080 = DIRECTION('',(-0.987833053268,-1.096715000224E-16,
    -0.155518033909));
#2081 = DIRECTION('',(-0.155518033909,-1.726597019897E-17,0.987833053268
    ));
#2082 = ADVANCED_FACE('',(#2083),#2094,.F.);
#2083 = FACE_BOUND('',#2084,.F.);
#2084 = EDGE_LOOP('',(#2085,#2091,#2092,#2093));
#2085 = ORIENTED_EDGE('',*,*,#2086,.T.);
#2086 = EDGE_CURVE('',#1586,#1678,#2087,.T.);
#2087 = LINE('',#2088,#2089);
#2088 = CARTESIAN_POINT('',(1.089673570659,0.2,0.15));
#2089 = VECTOR('',#2090,1.);
#2090 = DIRECTION('',(1.110223024625E-16,-1.,0.));
#2091 = ORIENTED_EDGE('',*,*,#1685,.T.);
#2092 = ORIENTED_EDGE('',*,*,#2069,.F.);
#2093 = ORIENTED_EDGE('',*,*,#1593,.F.);
#2094 = CYLINDRICAL_SURFACE('',#2095,0.1);
#2095 = AXIS2_PLACEMENT_3D('',#2096,#2097,#2098);
#2096 = CARTESIAN_POINT('',(1.089673570659,0.2,0.25));
#2097 = DIRECTION('',(-1.110223024625E-16,1.,0.));
#2098 = DIRECTION('',(2.22044604925E-15,2.465190328815E-31,-1.));
#2099 = ADVANCED_FACE('',(#2100),#2111,.F.);
#2100 = FACE_BOUND('',#2101,.F.);
#2101 = EDGE_LOOP('',(#2102,#2108,#2109,#2110));
#2102 = ORIENTED_EDGE('',*,*,#2103,.T.);
#2103 = EDGE_CURVE('',#1578,#1670,#2104,.T.);
#2104 = LINE('',#2105,#2106);
#2105 = CARTESIAN_POINT('',(1.25,0.2,0.15));
#2106 = VECTOR('',#2107,1.);
#2107 = DIRECTION('',(1.110223024625E-16,-1.,0.));
#2108 = ORIENTED_EDGE('',*,*,#1677,.T.);
#2109 = ORIENTED_EDGE('',*,*,#2086,.F.);
#2110 = ORIENTED_EDGE('',*,*,#1585,.F.);
#2111 = PLANE('',#2112);
#2112 = AXIS2_PLACEMENT_3D('',#2113,#2114,#2115);
#2113 = CARTESIAN_POINT('',(1.25,0.2,0.15));
#2114 = DIRECTION('',(0.,0.,-1.));
#2115 = DIRECTION('',(-1.,-1.110223024625E-16,-0.));
#2116 = ADVANCED_FACE('',(#2117),#2128,.F.);
#2117 = FACE_BOUND('',#2118,.F.);
#2118 = EDGE_LOOP('',(#2119,#2125,#2126,#2127));
#2119 = ORIENTED_EDGE('',*,*,#2120,.T.);
#2120 = EDGE_CURVE('',#1570,#1662,#2121,.T.);
#2121 = LINE('',#2122,#2123);
#2122 = CARTESIAN_POINT('',(1.25,0.2,5.551115123126E-17));
#2123 = VECTOR('',#2124,1.);
#2124 = DIRECTION('',(1.110223024625E-16,-1.,0.));
#2125 = ORIENTED_EDGE('',*,*,#1669,.T.);
#2126 = ORIENTED_EDGE('',*,*,#2103,.F.);
#2127 = ORIENTED_EDGE('',*,*,#1577,.F.);
#2128 = PLANE('',#2129);
#2129 = AXIS2_PLACEMENT_3D('',#2130,#2131,#2132);
#2130 = CARTESIAN_POINT('',(1.25,0.2,5.551115123126E-17));
#2131 = DIRECTION('',(-1.,-1.110223024625E-16,0.));
#2132 = DIRECTION('',(0.,0.,1.));
#2133 = ADVANCED_FACE('',(#2134),#2145,.F.);
#2134 = FACE_BOUND('',#2135,.F.);
#2135 = EDGE_LOOP('',(#2136,#2142,#2143,#2144));
#2136 = ORIENTED_EDGE('',*,*,#2137,.T.);
#2137 = EDGE_CURVE('',#1561,#1653,#2138,.T.);
#2138 = LINE('',#2139,#2140);
#2139 = CARTESIAN_POINT('',(1.089673570659,0.2,5.551115123126E-17));
#2140 = VECTOR('',#2141,1.);
#2141 = DIRECTION('',(1.110223024625E-16,-1.,0.));
#2142 = ORIENTED_EDGE('',*,*,#1661,.T.);
#2143 = ORIENTED_EDGE('',*,*,#2120,.F.);
#2144 = ORIENTED_EDGE('',*,*,#1569,.F.);
#2145 = PLANE('',#2146);
#2146 = AXIS2_PLACEMENT_3D('',#2147,#2148,#2149);
#2147 = CARTESIAN_POINT('',(1.089673570659,0.2,5.551115123126E-17));
#2148 = DIRECTION('',(0.,0.,1.));
#2149 = DIRECTION('',(1.,1.110223024625E-16,-0.));
#2150 = ADVANCED_FACE('',(#2151),#2157,.T.);
#2151 = FACE_BOUND('',#2152,.T.);
#2152 = EDGE_LOOP('',(#2153,#2154,#2155,#2156));
#2153 = ORIENTED_EDGE('',*,*,#1560,.T.);
#2154 = ORIENTED_EDGE('',*,*,#2137,.T.);
#2155 = ORIENTED_EDGE('',*,*,#1652,.F.);
#2156 = ORIENTED_EDGE('',*,*,#1634,.F.);
#2157 = CYLINDRICAL_SURFACE('',#2158,0.25);
#2158 = AXIS2_PLACEMENT_3D('',#2159,#2160,#2161);
#2159 = CARTESIAN_POINT('',(1.089673570659,0.2,0.25));
#2160 = DIRECTION('',(-1.110223024625E-16,1.,0.));
#2161 = DIRECTION('',(-0.984807753012,-1.093356242223E-16,
    -0.173648177667));
#2162 = ADVANCED_FACE('',(#2163),#2166,.F.);
#2163 = FACE_BOUND('',#2164,.T.);
#2164 = EDGE_LOOP('',(#2165));
#2165 = ORIENTED_EDGE('',*,*,#1780,.F.);
#2166 = PLANE('',#2167);
#2167 = AXIS2_PLACEMENT_3D('',#2168,#2169,#2170);
#2168 = CARTESIAN_POINT('',(-0.428243103516,1.228243103516,1.2));
#2169 = DIRECTION('',(0.,0.,-1.));
#2170 = DIRECTION('',(1.110223024625E-16,-1.,0.));
#2171 = ( GEOMETRIC_REPRESENTATION_CONTEXT(3) 
GLOBAL_UNCERTAINTY_ASSIGNED_CONTEXT((#2175)) 
GLOBAL_UNIT_ASSIGNED_CONTEXT((#2172,#2173,#2174)) REPRESENTATION_CONTEXT
('Context #1','3D Context with UNIT and UNCERTAINTY') );
#2172 = ( LENGTH_UNIT() NAMED_UNIT(*) SI_UNIT(.MILLI.,.METRE.) );
#2173 = ( NAMED_UNIT(*) PLANE_ANGLE_UNIT() SI_UNIT($,.RADIAN.) );
#2174 = ( NAMED_UNIT(*) SI_UNIT($,.STERADIAN.) SOLID_ANGLE_UNIT() );
#2175 = UNCERTAINTY_MEASURE_WITH_UNIT(LENGTH_MEASURE(1.E-07),#2172,
  'distance_accuracy_value','confusion accuracy');
#2176 = CONTEXT_DEPENDENT_SHAPE_REPRESENTATION(#2177,#2179);
#2177 = ( REPRESENTATION_RELATIONSHIP('','',#188,#10) 
REPRESENTATION_RELATIONSHIP_WITH_TRANSFORMATION(#2178) 
SHAPE_REPRESENTATION_RELATIONSHIP() );
#2178 = ITEM_DEFINED_TRANSFORMATION('','',#11,#15);
#2179 = PRODUCT_DEFINITION_SHAPE('Placement','Placement of an item',
  #2180);
#2180 = NEXT_ASSEMBLY_USAGE_OCCURRENCE('1','U9','',#5,#183,$);
#2181 = PRODUCT_RELATED_PRODUCT_CATEGORY('part',$,(#185));
#2182 = SHAPE_DEFINITION_REPRESENTATION(#2183,#2189);
#2183 = PRODUCT_DEFINITION_SHAPE('','',#2184);
#2184 = PRODUCT_DEFINITION('design','',#2185,#2188);
#2185 = PRODUCT_DEFINITION_FORMATION('','',#2186);
#2186 = PRODUCT('LED_1206_3216Metric','LED_1206_3216Metric','',(#2187));
#2187 = PRODUCT_CONTEXT('',#2,'mechanical');
#2188 = PRODUCT_DEFINITION_CONTEXT('part definition',#2,'design');
#2189 = ADVANCED_BREP_SHAPE_REPRESENTATION('',(#11,#2190),#3713);
#2190 = MANIFOLD_SOLID_BREP('',#2191);
#2191 = CLOSED_SHELL('',(#2192,#2232,#2279,#2358,#2382,#2422,#2453,#2470
    ,#2503,#2527,#2594,#2715,#2782,#2806,#2837,#2870,#2926,#2950,#2974,
    #2998,#3031,#3043,#3106,#3131,#3148,#3172,#3190,#3208,#3226,#3243,
    #3260,#3291,#3316,#3341,#3365,#3382,#3413,#3437,#3454,#3482,#3507,
    #3531,#3556,#3603,#3620,#3632,#3654,#3666,#3684,#3702));
#2192 = ADVANCED_FACE('',(#2193),#2227,.F.);
#2193 = FACE_BOUND('',#2194,.F.);
#2194 = EDGE_LOOP('',(#2195,#2205,#2213,#2221));
#2195 = ORIENTED_EDGE('',*,*,#2196,.T.);
#2196 = EDGE_CURVE('',#2197,#2199,#2201,.T.);
#2197 = VERTEX_POINT('',#2198);
#2198 = CARTESIAN_POINT('',(-1.,-0.8,0.44));
#2199 = VERTEX_POINT('',#2200);
#2200 = CARTESIAN_POINT('',(-0.9,-0.8,1.1));
#2201 = LINE('',#2202,#2203);
#2202 = CARTESIAN_POINT('',(-1.,-0.8,0.44));
#2203 = VECTOR('',#2204,1.);
#2204 = DIRECTION('',(0.149805379428,0.,0.988715504225));
#2205 = ORIENTED_EDGE('',*,*,#2206,.T.);
#2206 = EDGE_CURVE('',#2199,#2207,#2209,.T.);
#2207 = VERTEX_POINT('',#2208);
#2208 = CARTESIAN_POINT('',(0.9,-0.8,1.1));
#2209 = LINE('',#2210,#2211);
#2210 = CARTESIAN_POINT('',(-0.9,-0.8,1.1));
#2211 = VECTOR('',#2212,1.);
#2212 = DIRECTION('',(1.,0.,0.));
#2213 = ORIENTED_EDGE('',*,*,#2214,.T.);
#2214 = EDGE_CURVE('',#2207,#2215,#2217,.T.);
#2215 = VERTEX_POINT('',#2216);
#2216 = CARTESIAN_POINT('',(1.,-0.8,0.44));
#2217 = LINE('',#2218,#2219);
#2218 = CARTESIAN_POINT('',(0.9,-0.8,1.1));
#2219 = VECTOR('',#2220,1.);
#2220 = DIRECTION('',(0.149805379428,0.,-0.988715504225));
#2221 = ORIENTED_EDGE('',*,*,#2222,.T.);
#2222 = EDGE_CURVE('',#2215,#2197,#2223,.T.);
#2223 = LINE('',#2224,#2225);
#2224 = CARTESIAN_POINT('',(1.,-0.8,0.44));
#2225 = VECTOR('',#2226,1.);
#2226 = DIRECTION('',(-1.,0.,2.775557561563E-17));
#2227 = PLANE('',#2228);
#2228 = AXIS2_PLACEMENT_3D('',#2229,#2230,#2231);
#2229 = CARTESIAN_POINT('',(0.,-0.8,0.757147194234));
#2230 = DIRECTION('',(1.313075150093E-49,1.,1.103763151667E-32));
#2231 = DIRECTION('',(0.,-1.103763151667E-32,1.));
#2232 = ADVANCED_FACE('',(#2233),#2274,.T.);
#2233 = FACE_BOUND('',#2234,.T.);
#2234 = EDGE_LOOP('',(#2235,#2245,#2253,#2259,#2260,#2268));
#2235 = ORIENTED_EDGE('',*,*,#2236,.T.);
#2236 = EDGE_CURVE('',#2237,#2239,#2241,.T.);
#2237 = VERTEX_POINT('',#2238);
#2238 = CARTESIAN_POINT('',(-1.,0.8,0.44));
#2239 = VERTEX_POINT('',#2240);
#2240 = CARTESIAN_POINT('',(-1.,0.6,0.44));
#2241 = LINE('',#2242,#2243);
#2242 = CARTESIAN_POINT('',(-1.,0.8,0.44));
#2243 = VECTOR('',#2244,1.);
#2244 = DIRECTION('',(0.,-1.,0.));
#2245 = ORIENTED_EDGE('',*,*,#2246,.T.);
#2246 = EDGE_CURVE('',#2239,#2247,#2249,.T.);
#2247 = VERTEX_POINT('',#2248);
#2248 = CARTESIAN_POINT('',(-1.,-0.6,0.44));
#2249 = LINE('',#2250,#2251);
#2250 = CARTESIAN_POINT('',(-1.,0.8,0.44));
#2251 = VECTOR('',#2252,1.);
#2252 = DIRECTION('',(0.,-1.,0.));
#2253 = ORIENTED_EDGE('',*,*,#2254,.T.);
#2254 = EDGE_CURVE('',#2247,#2197,#2255,.T.);
#2255 = LINE('',#2256,#2257);
#2256 = CARTESIAN_POINT('',(-1.,0.8,0.44));
#2257 = VECTOR('',#2258,1.);
#2258 = DIRECTION('',(0.,-1.,0.));
#2259 = ORIENTED_EDGE('',*,*,#2196,.T.);
#2260 = ORIENTED_EDGE('',*,*,#2261,.F.);
#2261 = EDGE_CURVE('',#2262,#2199,#2264,.T.);
#2262 = VERTEX_POINT('',#2263);
#2263 = CARTESIAN_POINT('',(-0.9,0.8,1.1));
#2264 = LINE('',#2265,#2266);
#2265 = CARTESIAN_POINT('',(-0.9,0.8,1.1));
#2266 = VECTOR('',#2267,1.);
#2267 = DIRECTION('',(0.,-1.,0.));
#2268 = ORIENTED_EDGE('',*,*,#2269,.F.);
#2269 = EDGE_CURVE('',#2237,#2262,#2270,.T.);
#2270 = LINE('',#2271,#2272);
#2271 = CARTESIAN_POINT('',(-1.,0.8,0.44));
#2272 = VECTOR('',#2273,1.);
#2273 = DIRECTION('',(0.149805379428,0.,0.988715504225));
#2274 = PLANE('',#2275);
#2275 = AXIS2_PLACEMENT_3D('',#2276,#2277,#2278);
#2276 = CARTESIAN_POINT('',(-1.,0.8,0.44));
#2277 = DIRECTION('',(-0.988715504225,0.,0.149805379428));
#2278 = DIRECTION('',(0.149805379428,0.,0.988715504225));
#2279 = ADVANCED_FACE('',(#2280),#2353,.F.);
#2280 = FACE_BOUND('',#2281,.F.);
#2281 = EDGE_LOOP('',(#2282,#2292,#2300,#2308,#2314,#2315,#2323,#2331,
    #2339,#2347));
#2282 = ORIENTED_EDGE('',*,*,#2283,.F.);
#2283 = EDGE_CURVE('',#2284,#2286,#2288,.T.);
#2284 = VERTEX_POINT('',#2285);
#2285 = CARTESIAN_POINT('',(-1.54,-0.8,6.E-02));
#2286 = VERTEX_POINT('',#2287);
#2287 = CARTESIAN_POINT('',(-1.45,-0.8,6.E-02));
#2288 = LINE('',#2289,#2290);
#2289 = CARTESIAN_POINT('',(-1.54,-0.8,6.E-02));
#2290 = VECTOR('',#2291,1.);
#2291 = DIRECTION('',(1.,0.,0.));
#2292 = ORIENTED_EDGE('',*,*,#2293,.T.);
#2293 = EDGE_CURVE('',#2284,#2294,#2296,.T.);
#2294 = VERTEX_POINT('',#2295);
#2295 = CARTESIAN_POINT('',(-1.54,-0.8,0.44));
#2296 = LINE('',#2297,#2298);
#2297 = CARTESIAN_POINT('',(-1.54,-0.8,6.E-02));
#2298 = VECTOR('',#2299,1.);
#2299 = DIRECTION('',(0.,0.,1.));
#2300 = ORIENTED_EDGE('',*,*,#2301,.T.);
#2301 = EDGE_CURVE('',#2294,#2302,#2304,.T.);
#2302 = VERTEX_POINT('',#2303);
#2303 = CARTESIAN_POINT('',(-1.45,-0.8,0.44));
#2304 = LINE('',#2305,#2306);
#2305 = CARTESIAN_POINT('',(-1.54,-0.8,0.44));
#2306 = VECTOR('',#2307,1.);
#2307 = DIRECTION('',(1.,0.,0.));
#2308 = ORIENTED_EDGE('',*,*,#2309,.T.);
#2309 = EDGE_CURVE('',#2302,#2197,#2310,.T.);
#2310 = LINE('',#2311,#2312);
#2311 = CARTESIAN_POINT('',(-1.54,-0.8,0.44));
#2312 = VECTOR('',#2313,1.);
#2313 = DIRECTION('',(1.,0.,0.));
#2314 = ORIENTED_EDGE('',*,*,#2222,.F.);
#2315 = ORIENTED_EDGE('',*,*,#2316,.T.);
#2316 = EDGE_CURVE('',#2215,#2317,#2319,.T.);
#2317 = VERTEX_POINT('',#2318);
#2318 = CARTESIAN_POINT('',(1.45,-0.8,0.44));
#2319 = LINE('',#2320,#2321);
#2320 = CARTESIAN_POINT('',(-1.54,-0.8,0.44));
#2321 = VECTOR('',#2322,1.);
#2322 = DIRECTION('',(1.,0.,0.));
#2323 = ORIENTED_EDGE('',*,*,#2324,.T.);
#2324 = EDGE_CURVE('',#2317,#2325,#2327,.T.);
#2325 = VERTEX_POINT('',#2326);
#2326 = CARTESIAN_POINT('',(1.54,-0.8,0.44));
#2327 = LINE('',#2328,#2329);
#2328 = CARTESIAN_POINT('',(-1.54,-0.8,0.44));
#2329 = VECTOR('',#2330,1.);
#2330 = DIRECTION('',(1.,0.,0.));
#2331 = ORIENTED_EDGE('',*,*,#2332,.F.);
#2332 = EDGE_CURVE('',#2333,#2325,#2335,.T.);
#2333 = VERTEX_POINT('',#2334);
#2334 = CARTESIAN_POINT('',(1.54,-0.8,6.E-02));
#2335 = LINE('',#2336,#2337);
#2336 = CARTESIAN_POINT('',(1.54,-0.8,6.E-02));
#2337 = VECTOR('',#2338,1.);
#2338 = DIRECTION('',(0.,0.,1.));
#2339 = ORIENTED_EDGE('',*,*,#2340,.F.);
#2340 = EDGE_CURVE('',#2341,#2333,#2343,.T.);
#2341 = VERTEX_POINT('',#2342);
#2342 = CARTESIAN_POINT('',(1.45,-0.8,6.E-02));
#2343 = LINE('',#2344,#2345);
#2344 = CARTESIAN_POINT('',(-1.54,-0.8,6.E-02));
#2345 = VECTOR('',#2346,1.);
#2346 = DIRECTION('',(1.,0.,0.));
#2347 = ORIENTED_EDGE('',*,*,#2348,.F.);
#2348 = EDGE_CURVE('',#2286,#2341,#2349,.T.);
#2349 = LINE('',#2350,#2351);
#2350 = CARTESIAN_POINT('',(-1.54,-0.8,6.E-02));
#2351 = VECTOR('',#2352,1.);
#2352 = DIRECTION('',(1.,0.,0.));
#2353 = PLANE('',#2354);
#2354 = AXIS2_PLACEMENT_3D('',#2355,#2356,#2357);
#2355 = CARTESIAN_POINT('',(-1.54,-0.8,6.E-02));
#2356 = DIRECTION('',(0.,1.,0.));
#2357 = DIRECTION('',(0.,-0.,1.));
#2358 = ADVANCED_FACE('',(#2359),#2377,.T.);
#2359 = FACE_BOUND('',#2360,.T.);
#2360 = EDGE_LOOP('',(#2361,#2362,#2363,#2371));
#2361 = ORIENTED_EDGE('',*,*,#2261,.T.);
#2362 = ORIENTED_EDGE('',*,*,#2206,.T.);
#2363 = ORIENTED_EDGE('',*,*,#2364,.F.);
#2364 = EDGE_CURVE('',#2365,#2207,#2367,.T.);
#2365 = VERTEX_POINT('',#2366);
#2366 = CARTESIAN_POINT('',(0.9,0.8,1.1));
#2367 = LINE('',#2368,#2369);
#2368 = CARTESIAN_POINT('',(0.9,0.8,1.1));
#2369 = VECTOR('',#2370,1.);
#2370 = DIRECTION('',(0.,-1.,0.));
#2371 = ORIENTED_EDGE('',*,*,#2372,.F.);
#2372 = EDGE_CURVE('',#2262,#2365,#2373,.T.);
#2373 = LINE('',#2374,#2375);
#2374 = CARTESIAN_POINT('',(-0.9,0.8,1.1));
#2375 = VECTOR('',#2376,1.);
#2376 = DIRECTION('',(1.,0.,0.));
#2377 = PLANE('',#2378);
#2378 = AXIS2_PLACEMENT_3D('',#2379,#2380,#2381);
#2379 = CARTESIAN_POINT('',(-0.9,0.8,1.1));
#2380 = DIRECTION('',(0.,0.,1.));
#2381 = DIRECTION('',(1.,0.,-0.));
#2382 = ADVANCED_FACE('',(#2383),#2417,.T.);
#2383 = FACE_BOUND('',#2384,.T.);
#2384 = EDGE_LOOP('',(#2385,#2386,#2387,#2395,#2403,#2411));
#2385 = ORIENTED_EDGE('',*,*,#2364,.T.);
#2386 = ORIENTED_EDGE('',*,*,#2214,.T.);
#2387 = ORIENTED_EDGE('',*,*,#2388,.F.);
#2388 = EDGE_CURVE('',#2389,#2215,#2391,.T.);
#2389 = VERTEX_POINT('',#2390);
#2390 = CARTESIAN_POINT('',(1.,-0.6,0.44));
#2391 = LINE('',#2392,#2393);
#2392 = CARTESIAN_POINT('',(1.,0.8,0.44));
#2393 = VECTOR('',#2394,1.);
#2394 = DIRECTION('',(0.,-1.,0.));
#2395 = ORIENTED_EDGE('',*,*,#2396,.F.);
#2396 = EDGE_CURVE('',#2397,#2389,#2399,.T.);
#2397 = VERTEX_POINT('',#2398);
#2398 = CARTESIAN_POINT('',(1.,0.6,0.44));
#2399 = LINE('',#2400,#2401);
#2400 = CARTESIAN_POINT('',(1.,0.8,0.44));
#2401 = VECTOR('',#2402,1.);
#2402 = DIRECTION('',(0.,-1.,0.));
#2403 = ORIENTED_EDGE('',*,*,#2404,.F.);
#2404 = EDGE_CURVE('',#2405,#2397,#2407,.T.);
#2405 = VERTEX_POINT('',#2406);
#2406 = CARTESIAN_POINT('',(1.,0.8,0.44));
#2407 = LINE('',#2408,#2409);
#2408 = CARTESIAN_POINT('',(1.,0.8,0.44));
#2409 = VECTOR('',#2410,1.);
#2410 = DIRECTION('',(0.,-1.,0.));
#2411 = ORIENTED_EDGE('',*,*,#2412,.F.);
#2412 = EDGE_CURVE('',#2365,#2405,#2413,.T.);
#2413 = LINE('',#2414,#2415);
#2414 = CARTESIAN_POINT('',(0.9,0.8,1.1));
#2415 = VECTOR('',#2416,1.);
#2416 = DIRECTION('',(0.149805379428,0.,-0.988715504225));
#2417 = PLANE('',#2418);
#2418 = AXIS2_PLACEMENT_3D('',#2419,#2420,#2421);
#2419 = CARTESIAN_POINT('',(0.9,0.8,1.1));
#2420 = DIRECTION('',(0.988715504225,0.,0.149805379428));
#2421 = DIRECTION('',(0.149805379428,0.,-0.988715504225));
#2422 = ADVANCED_FACE('',(#2423),#2448,.T.);
#2423 = FACE_BOUND('',#2424,.T.);
#2424 = EDGE_LOOP('',(#2425,#2433,#2441,#2447));
#2425 = ORIENTED_EDGE('',*,*,#2426,.F.);
#2426 = EDGE_CURVE('',#2427,#2237,#2429,.T.);
#2427 = VERTEX_POINT('',#2428);
#2428 = CARTESIAN_POINT('',(-1.45,0.8,0.44));
#2429 = LINE('',#2430,#2431);
#2430 = CARTESIAN_POINT('',(-1.54,0.8,0.44));
#2431 = VECTOR('',#2432,1.);
#2432 = DIRECTION('',(1.,0.,0.));
#2433 = ORIENTED_EDGE('',*,*,#2434,.F.);
#2434 = EDGE_CURVE('',#2435,#2427,#2437,.T.);
#2435 = VERTEX_POINT('',#2436);
#2436 = CARTESIAN_POINT('',(-1.45,0.6,0.44));
#2437 = LINE('',#2438,#2439);
#2438 = CARTESIAN_POINT('',(-1.45,0.1,0.44));
#2439 = VECTOR('',#2440,1.);
#2440 = DIRECTION('',(0.,1.,0.));
#2441 = ORIENTED_EDGE('',*,*,#2442,.F.);
#2442 = EDGE_CURVE('',#2239,#2435,#2443,.T.);
#2443 = LINE('',#2444,#2445);
#2444 = CARTESIAN_POINT('',(-1.495,0.6,0.44));
#2445 = VECTOR('',#2446,1.);
#2446 = DIRECTION('',(-1.,0.,0.));
#2447 = ORIENTED_EDGE('',*,*,#2236,.F.);
#2448 = PLANE('',#2449);
#2449 = AXIS2_PLACEMENT_3D('',#2450,#2451,#2452);
#2450 = CARTESIAN_POINT('',(-1.54,-0.8,0.44));
#2451 = DIRECTION('',(0.,0.,1.));
#2452 = DIRECTION('',(1.,0.,-0.));
#2453 = ADVANCED_FACE('',(#2454),#2465,.T.);
#2454 = FACE_BOUND('',#2455,.T.);
#2455 = EDGE_LOOP('',(#2456,#2457,#2458,#2459));
#2456 = ORIENTED_EDGE('',*,*,#2269,.T.);
#2457 = ORIENTED_EDGE('',*,*,#2372,.T.);
#2458 = ORIENTED_EDGE('',*,*,#2412,.T.);
#2459 = ORIENTED_EDGE('',*,*,#2460,.T.);
#2460 = EDGE_CURVE('',#2405,#2237,#2461,.T.);
#2461 = LINE('',#2462,#2463);
#2462 = CARTESIAN_POINT('',(1.,0.8,0.44));
#2463 = VECTOR('',#2464,1.);
#2464 = DIRECTION('',(-1.,0.,2.775557561563E-17));
#2465 = PLANE('',#2466);
#2466 = AXIS2_PLACEMENT_3D('',#2467,#2468,#2469);
#2467 = CARTESIAN_POINT('',(0.,0.8,0.757147194234));
#2468 = DIRECTION('',(1.313075150093E-49,1.,1.103763151667E-32));
#2469 = DIRECTION('',(0.,-1.103763151667E-32,1.));
#2470 = ADVANCED_FACE('',(#2471),#2498,.T.);
#2471 = FACE_BOUND('',#2472,.T.);
#2472 = EDGE_LOOP('',(#2473,#2482,#2490,#2497));
#2473 = ORIENTED_EDGE('',*,*,#2474,.F.);
#2474 = EDGE_CURVE('',#2475,#2239,#2477,.T.);
#2475 = VERTEX_POINT('',#2476);
#2476 = CARTESIAN_POINT('',(-1.06,0.6,0.5));
#2477 = CIRCLE('',#2478,6.E-02);
#2478 = AXIS2_PLACEMENT_3D('',#2479,#2480,#2481);
#2479 = CARTESIAN_POINT('',(-1.06,0.6,0.44));
#2480 = DIRECTION('',(-0.,1.,0.));
#2481 = DIRECTION('',(1.,0.,0.));
#2482 = ORIENTED_EDGE('',*,*,#2483,.F.);
#2483 = EDGE_CURVE('',#2484,#2475,#2486,.T.);
#2484 = VERTEX_POINT('',#2485);
#2485 = CARTESIAN_POINT('',(-1.06,-0.6,0.5));
#2486 = LINE('',#2487,#2488);
#2487 = CARTESIAN_POINT('',(-1.06,-0.8,0.5));
#2488 = VECTOR('',#2489,1.);
#2489 = DIRECTION('',(0.,1.,0.));
#2490 = ORIENTED_EDGE('',*,*,#2491,.T.);
#2491 = EDGE_CURVE('',#2484,#2247,#2492,.T.);
#2492 = CIRCLE('',#2493,6.E-02);
#2493 = AXIS2_PLACEMENT_3D('',#2494,#2495,#2496);
#2494 = CARTESIAN_POINT('',(-1.06,-0.6,0.44));
#2495 = DIRECTION('',(-0.,1.,0.));
#2496 = DIRECTION('',(1.,0.,0.));
#2497 = ORIENTED_EDGE('',*,*,#2246,.F.);
#2498 = CYLINDRICAL_SURFACE('',#2499,6.E-02);
#2499 = AXIS2_PLACEMENT_3D('',#2500,#2501,#2502);
#2500 = CARTESIAN_POINT('',(-1.06,-0.8,0.44));
#2501 = DIRECTION('',(0.,1.,0.));
#2502 = DIRECTION('',(1.,0.,0.));
#2503 = ADVANCED_FACE('',(#2504),#2522,.T.);
#2504 = FACE_BOUND('',#2505,.T.);
#2505 = EDGE_LOOP('',(#2506,#2514,#2515,#2516));
#2506 = ORIENTED_EDGE('',*,*,#2507,.F.);
#2507 = EDGE_CURVE('',#2302,#2508,#2510,.T.);
#2508 = VERTEX_POINT('',#2509);
#2509 = CARTESIAN_POINT('',(-1.45,-0.6,0.44));
#2510 = LINE('',#2511,#2512);
#2511 = CARTESIAN_POINT('',(-1.45,-0.7,0.44));
#2512 = VECTOR('',#2513,1.);
#2513 = DIRECTION('',(0.,1.,0.));
#2514 = ORIENTED_EDGE('',*,*,#2309,.T.);
#2515 = ORIENTED_EDGE('',*,*,#2254,.F.);
#2516 = ORIENTED_EDGE('',*,*,#2517,.F.);
#2517 = EDGE_CURVE('',#2508,#2247,#2518,.T.);
#2518 = LINE('',#2519,#2520);
#2519 = CARTESIAN_POINT('',(-4.5E-02,-0.6,0.44));
#2520 = VECTOR('',#2521,1.);
#2521 = DIRECTION('',(1.,0.,0.));
#2522 = PLANE('',#2523);
#2523 = AXIS2_PLACEMENT_3D('',#2524,#2525,#2526);
#2524 = CARTESIAN_POINT('',(-1.54,-0.8,0.44));
#2525 = DIRECTION('',(0.,0.,1.));
#2526 = DIRECTION('',(1.,0.,-0.));
#2527 = ADVANCED_FACE('',(#2528),#2589,.F.);
#2528 = FACE_BOUND('',#2529,.F.);
#2529 = EDGE_LOOP('',(#2530,#2540,#2549,#2557,#2566,#2574,#2580,#2581,
    #2582,#2583));
#2530 = ORIENTED_EDGE('',*,*,#2531,.F.);
#2531 = EDGE_CURVE('',#2532,#2534,#2536,.T.);
#2532 = VERTEX_POINT('',#2533);
#2533 = CARTESIAN_POINT('',(-1.54,-0.8,-6.938893903907E-18));
#2534 = VERTEX_POINT('',#2535);
#2535 = CARTESIAN_POINT('',(-1.45,-0.8,0.));
#2536 = LINE('',#2537,#2538);
#2537 = CARTESIAN_POINT('',(-1.6,-0.8,0.));
#2538 = VECTOR('',#2539,1.);
#2539 = DIRECTION('',(1.,0.,0.));
#2540 = ORIENTED_EDGE('',*,*,#2541,.F.);
#2541 = EDGE_CURVE('',#2542,#2532,#2544,.T.);
#2542 = VERTEX_POINT('',#2543);
#2543 = CARTESIAN_POINT('',(-1.6,-0.8,6.E-02));
#2544 = CIRCLE('',#2545,6.E-02);
#2545 = AXIS2_PLACEMENT_3D('',#2546,#2547,#2548);
#2546 = CARTESIAN_POINT('',(-1.54,-0.8,6.E-02));
#2547 = DIRECTION('',(0.,-1.,0.));
#2548 = DIRECTION('',(0.,0.,1.));
#2549 = ORIENTED_EDGE('',*,*,#2550,.T.);
#2550 = EDGE_CURVE('',#2542,#2551,#2553,.T.);
#2551 = VERTEX_POINT('',#2552);
#2552 = CARTESIAN_POINT('',(-1.6,-0.8,0.44));
#2553 = LINE('',#2554,#2555);
#2554 = CARTESIAN_POINT('',(-1.6,-0.8,0.));
#2555 = VECTOR('',#2556,1.);
#2556 = DIRECTION('',(0.,0.,1.));
#2557 = ORIENTED_EDGE('',*,*,#2558,.T.);
#2558 = EDGE_CURVE('',#2551,#2559,#2561,.T.);
#2559 = VERTEX_POINT('',#2560);
#2560 = CARTESIAN_POINT('',(-1.54,-0.8,0.5));
#2561 = CIRCLE('',#2562,6.E-02);
#2562 = AXIS2_PLACEMENT_3D('',#2563,#2564,#2565);
#2563 = CARTESIAN_POINT('',(-1.54,-0.8,0.44));
#2564 = DIRECTION('',(0.,1.,0.));
#2565 = DIRECTION('',(0.,-0.,1.));
#2566 = ORIENTED_EDGE('',*,*,#2567,.T.);
#2567 = EDGE_CURVE('',#2559,#2568,#2570,.T.);
#2568 = VERTEX_POINT('',#2569);
#2569 = CARTESIAN_POINT('',(-1.45,-0.8,0.5));
#2570 = LINE('',#2571,#2572);
#2571 = CARTESIAN_POINT('',(-1.6,-0.8,0.5));
#2572 = VECTOR('',#2573,1.);
#2573 = DIRECTION('',(1.,0.,0.));
#2574 = ORIENTED_EDGE('',*,*,#2575,.F.);
#2575 = EDGE_CURVE('',#2302,#2568,#2576,.T.);
#2576 = LINE('',#2577,#2578);
#2577 = CARTESIAN_POINT('',(-1.45,-0.8,0.375));
#2578 = VECTOR('',#2579,1.);
#2579 = DIRECTION('',(0.,0.,1.));
#2580 = ORIENTED_EDGE('',*,*,#2301,.F.);
#2581 = ORIENTED_EDGE('',*,*,#2293,.F.);
#2582 = ORIENTED_EDGE('',*,*,#2283,.T.);
#2583 = ORIENTED_EDGE('',*,*,#2584,.F.);
#2584 = EDGE_CURVE('',#2534,#2286,#2585,.T.);
#2585 = LINE('',#2586,#2587);
#2586 = CARTESIAN_POINT('',(-1.45,-0.8,0.375));
#2587 = VECTOR('',#2588,1.);
#2588 = DIRECTION('',(0.,0.,1.));
#2589 = PLANE('',#2590);
#2590 = AXIS2_PLACEMENT_3D('',#2591,#2592,#2593);
#2591 = CARTESIAN_POINT('',(-1.6,-0.8,0.));
#2592 = DIRECTION('',(0.,1.,0.));
#2593 = DIRECTION('',(0.,-0.,1.));
#2594 = ADVANCED_FACE('',(#2595,#2684),#2710,.F.);
#2595 = FACE_BOUND('',#2596,.F.);
#2596 = EDGE_LOOP('',(#2597,#2605,#2606,#2614,#2622,#2630,#2638,#2646,
    #2654,#2662,#2670,#2678));
#2597 = ORIENTED_EDGE('',*,*,#2598,.F.);
#2598 = EDGE_CURVE('',#2286,#2599,#2601,.T.);
#2599 = VERTEX_POINT('',#2600);
#2600 = CARTESIAN_POINT('',(-1.45,-0.6,6.E-02));
#2601 = LINE('',#2602,#2603);
#2602 = CARTESIAN_POINT('',(-1.45,-0.7,6.E-02));
#2603 = VECTOR('',#2604,1.);
#2604 = DIRECTION('',(0.,1.,0.));
#2605 = ORIENTED_EDGE('',*,*,#2348,.T.);
#2606 = ORIENTED_EDGE('',*,*,#2607,.F.);
#2607 = EDGE_CURVE('',#2608,#2341,#2610,.T.);
#2608 = VERTEX_POINT('',#2609);
#2609 = CARTESIAN_POINT('',(1.45,-0.6,6.E-02));
#2610 = LINE('',#2611,#2612);
#2611 = CARTESIAN_POINT('',(1.45,-0.9,6.E-02));
#2612 = VECTOR('',#2613,1.);
#2613 = DIRECTION('',(0.,-1.,0.));
#2614 = ORIENTED_EDGE('',*,*,#2615,.F.);
#2615 = EDGE_CURVE('',#2616,#2608,#2618,.T.);
#2616 = VERTEX_POINT('',#2617);
#2617 = CARTESIAN_POINT('',(1.,-0.6,6.E-02));
#2618 = LINE('',#2619,#2620);
#2619 = CARTESIAN_POINT('',(-4.5E-02,-0.6,6.E-02));
#2620 = VECTOR('',#2621,1.);
#2621 = DIRECTION('',(1.,0.,0.));
#2622 = ORIENTED_EDGE('',*,*,#2623,.T.);
#2623 = EDGE_CURVE('',#2616,#2624,#2626,.T.);
#2624 = VERTEX_POINT('',#2625);
#2625 = CARTESIAN_POINT('',(1.,0.6,6.E-02));
#2626 = LINE('',#2627,#2628);
#2627 = CARTESIAN_POINT('',(1.,-0.8,6.E-02));
#2628 = VECTOR('',#2629,1.);
#2629 = DIRECTION('',(0.,1.,0.));
#2630 = ORIENTED_EDGE('',*,*,#2631,.F.);
#2631 = EDGE_CURVE('',#2632,#2624,#2634,.T.);
#2632 = VERTEX_POINT('',#2633);
#2633 = CARTESIAN_POINT('',(1.45,0.6,6.E-02));
#2634 = LINE('',#2635,#2636);
#2635 = CARTESIAN_POINT('',(-1.495,0.6,6.E-02));
#2636 = VECTOR('',#2637,1.);
#2637 = DIRECTION('',(-1.,0.,0.));
#2638 = ORIENTED_EDGE('',*,*,#2639,.F.);
#2639 = EDGE_CURVE('',#2640,#2632,#2642,.T.);
#2640 = VERTEX_POINT('',#2641);
#2641 = CARTESIAN_POINT('',(1.45,0.8,6.E-02));
#2642 = LINE('',#2643,#2644);
#2643 = CARTESIAN_POINT('',(1.45,-0.1,6.E-02));
#2644 = VECTOR('',#2645,1.);
#2645 = DIRECTION('',(0.,-1.,0.));
#2646 = ORIENTED_EDGE('',*,*,#2647,.F.);
#2647 = EDGE_CURVE('',#2648,#2640,#2650,.T.);
#2648 = VERTEX_POINT('',#2649);
#2649 = CARTESIAN_POINT('',(-1.45,0.8,6.E-02));
#2650 = LINE('',#2651,#2652);
#2651 = CARTESIAN_POINT('',(-1.54,0.8,6.E-02));
#2652 = VECTOR('',#2653,1.);
#2653 = DIRECTION('',(1.,0.,0.));
#2654 = ORIENTED_EDGE('',*,*,#2655,.F.);
#2655 = EDGE_CURVE('',#2656,#2648,#2658,.T.);
#2656 = VERTEX_POINT('',#2657);
#2657 = CARTESIAN_POINT('',(-1.45,0.6,6.E-02));
#2658 = LINE('',#2659,#2660);
#2659 = CARTESIAN_POINT('',(-1.45,0.1,6.E-02));
#2660 = VECTOR('',#2661,1.);
#2661 = DIRECTION('',(0.,1.,0.));
#2662 = ORIENTED_EDGE('',*,*,#2663,.F.);
#2663 = EDGE_CURVE('',#2664,#2656,#2666,.T.);
#2664 = VERTEX_POINT('',#2665);
#2665 = CARTESIAN_POINT('',(-1.,0.6,6.E-02));
#2666 = LINE('',#2667,#2668);
#2667 = CARTESIAN_POINT('',(-1.495,0.6,6.E-02));
#2668 = VECTOR('',#2669,1.);
#2669 = DIRECTION('',(-1.,0.,0.));
#2670 = ORIENTED_EDGE('',*,*,#2671,.F.);
#2671 = EDGE_CURVE('',#2672,#2664,#2674,.T.);
#2672 = VERTEX_POINT('',#2673);
#2673 = CARTESIAN_POINT('',(-1.,-0.6,6.E-02));
#2674 = LINE('',#2675,#2676);
#2675 = CARTESIAN_POINT('',(-1.,-0.8,6.E-02));
#2676 = VECTOR('',#2677,1.);
#2677 = DIRECTION('',(0.,1.,0.));
#2678 = ORIENTED_EDGE('',*,*,#2679,.F.);
#2679 = EDGE_CURVE('',#2599,#2672,#2680,.T.);
#2680 = LINE('',#2681,#2682);
#2681 = CARTESIAN_POINT('',(-4.5E-02,-0.6,6.E-02));
#2682 = VECTOR('',#2683,1.);
#2683 = DIRECTION('',(1.,0.,0.));
#2684 = FACE_BOUND('',#2685,.F.);
#2685 = EDGE_LOOP('',(#2686,#2696,#2704));
#2686 = ORIENTED_EDGE('',*,*,#2687,.T.);
#2687 = EDGE_CURVE('',#2688,#2690,#2692,.T.);
#2688 = VERTEX_POINT('',#2689);
#2689 = CARTESIAN_POINT('',(0.554256258422,0.64,6.E-02));
#2690 = VERTEX_POINT('',#2691);
#2691 = CARTESIAN_POINT('',(0.554256258422,-0.64,6.E-02));
#2692 = LINE('',#2693,#2694);
#2693 = CARTESIAN_POINT('',(0.554256258422,0.64,6.E-02));
#2694 = VECTOR('',#2695,1.);
#2695 = DIRECTION('',(0.,-1.,0.));
#2696 = ORIENTED_EDGE('',*,*,#2697,.T.);
#2697 = EDGE_CURVE('',#2690,#2698,#2700,.T.);
#2698 = VERTEX_POINT('',#2699);
#2699 = CARTESIAN_POINT('',(-0.554256258422,0.,6.E-02));
#2700 = LINE('',#2701,#2702);
#2701 = CARTESIAN_POINT('',(0.554256258422,-0.64,6.E-02));
#2702 = VECTOR('',#2703,1.);
#2703 = DIRECTION('',(-0.866025403784,0.5,0.));
#2704 = ORIENTED_EDGE('',*,*,#2705,.T.);
#2705 = EDGE_CURVE('',#2698,#2688,#2706,.T.);
#2706 = LINE('',#2707,#2708);
#2707 = CARTESIAN_POINT('',(-0.554256258422,0.,6.E-02));
#2708 = VECTOR('',#2709,1.);
#2709 = DIRECTION('',(0.866025403784,0.5,0.));
#2710 = PLANE('',#2711);
#2711 = AXIS2_PLACEMENT_3D('',#2712,#2713,#2714);
#2712 = CARTESIAN_POINT('',(-1.54,-0.8,6.E-02));
#2713 = DIRECTION('',(0.,0.,1.));
#2714 = DIRECTION('',(1.,0.,-0.));
#2715 = ADVANCED_FACE('',(#2716),#2777,.F.);
#2716 = FACE_BOUND('',#2717,.F.);
#2717 = EDGE_LOOP('',(#2718,#2728,#2734,#2735,#2736,#2737,#2745,#2753,
    #2762,#2770));
#2718 = ORIENTED_EDGE('',*,*,#2719,.F.);
#2719 = EDGE_CURVE('',#2720,#2722,#2724,.T.);
#2720 = VERTEX_POINT('',#2721);
#2721 = CARTESIAN_POINT('',(1.45,-0.8,0.));
#2722 = VERTEX_POINT('',#2723);
#2723 = CARTESIAN_POINT('',(1.54,-0.8,-6.938893903907E-18));
#2724 = LINE('',#2725,#2726);
#2725 = CARTESIAN_POINT('',(1.,-0.8,0.));
#2726 = VECTOR('',#2727,1.);
#2727 = DIRECTION('',(1.,0.,0.));
#2728 = ORIENTED_EDGE('',*,*,#2729,.F.);
#2729 = EDGE_CURVE('',#2341,#2720,#2730,.T.);
#2730 = LINE('',#2731,#2732);
#2731 = CARTESIAN_POINT('',(1.45,-0.8,0.375));
#2732 = VECTOR('',#2733,1.);
#2733 = DIRECTION('',(0.,0.,-1.));
#2734 = ORIENTED_EDGE('',*,*,#2340,.T.);
#2735 = ORIENTED_EDGE('',*,*,#2332,.T.);
#2736 = ORIENTED_EDGE('',*,*,#2324,.F.);
#2737 = ORIENTED_EDGE('',*,*,#2738,.F.);
#2738 = EDGE_CURVE('',#2739,#2317,#2741,.T.);
#2739 = VERTEX_POINT('',#2740);
#2740 = CARTESIAN_POINT('',(1.45,-0.8,0.5));
#2741 = LINE('',#2742,#2743);
#2742 = CARTESIAN_POINT('',(1.45,-0.8,0.375));
#2743 = VECTOR('',#2744,1.);
#2744 = DIRECTION('',(0.,0.,-1.));
#2745 = ORIENTED_EDGE('',*,*,#2746,.T.);
#2746 = EDGE_CURVE('',#2739,#2747,#2749,.T.);
#2747 = VERTEX_POINT('',#2748);
#2748 = CARTESIAN_POINT('',(1.54,-0.8,0.5));
#2749 = LINE('',#2750,#2751);
#2750 = CARTESIAN_POINT('',(1.,-0.8,0.5));
#2751 = VECTOR('',#2752,1.);
#2752 = DIRECTION('',(1.,0.,0.));
#2753 = ORIENTED_EDGE('',*,*,#2754,.F.);
#2754 = EDGE_CURVE('',#2755,#2747,#2757,.T.);
#2755 = VERTEX_POINT('',#2756);
#2756 = CARTESIAN_POINT('',(1.6,-0.8,0.44));
#2757 = CIRCLE('',#2758,6.E-02);
#2758 = AXIS2_PLACEMENT_3D('',#2759,#2760,#2761);
#2759 = CARTESIAN_POINT('',(1.54,-0.8,0.44));
#2760 = DIRECTION('',(0.,-1.,0.));
#2761 = DIRECTION('',(0.,0.,1.));
#2762 = ORIENTED_EDGE('',*,*,#2763,.F.);
#2763 = EDGE_CURVE('',#2764,#2755,#2766,.T.);
#2764 = VERTEX_POINT('',#2765);
#2765 = CARTESIAN_POINT('',(1.6,-0.8,6.E-02));
#2766 = LINE('',#2767,#2768);
#2767 = CARTESIAN_POINT('',(1.6,-0.8,0.));
#2768 = VECTOR('',#2769,1.);
#2769 = DIRECTION('',(0.,0.,1.));
#2770 = ORIENTED_EDGE('',*,*,#2771,.T.);
#2771 = EDGE_CURVE('',#2764,#2722,#2772,.T.);
#2772 = CIRCLE('',#2773,6.E-02);
#2773 = AXIS2_PLACEMENT_3D('',#2774,#2775,#2776);
#2774 = CARTESIAN_POINT('',(1.54,-0.8,6.E-02));
#2775 = DIRECTION('',(0.,1.,0.));
#2776 = DIRECTION('',(0.,-0.,1.));
#2777 = PLANE('',#2778);
#2778 = AXIS2_PLACEMENT_3D('',#2779,#2780,#2781);
#2779 = CARTESIAN_POINT('',(1.,-0.8,0.));
#2780 = DIRECTION('',(0.,1.,0.));
#2781 = DIRECTION('',(0.,-0.,1.));
#2782 = ADVANCED_FACE('',(#2783),#2801,.T.);
#2783 = FACE_BOUND('',#2784,.T.);
#2784 = EDGE_LOOP('',(#2785,#2793,#2794,#2795));
#2785 = ORIENTED_EDGE('',*,*,#2786,.F.);
#2786 = EDGE_CURVE('',#2389,#2787,#2789,.T.);
#2787 = VERTEX_POINT('',#2788);
#2788 = CARTESIAN_POINT('',(1.45,-0.6,0.44));
#2789 = LINE('',#2790,#2791);
#2790 = CARTESIAN_POINT('',(-4.5E-02,-0.6,0.44));
#2791 = VECTOR('',#2792,1.);
#2792 = DIRECTION('',(1.,0.,0.));
#2793 = ORIENTED_EDGE('',*,*,#2388,.T.);
#2794 = ORIENTED_EDGE('',*,*,#2316,.T.);
#2795 = ORIENTED_EDGE('',*,*,#2796,.F.);
#2796 = EDGE_CURVE('',#2787,#2317,#2797,.T.);
#2797 = LINE('',#2798,#2799);
#2798 = CARTESIAN_POINT('',(1.45,-0.9,0.44));
#2799 = VECTOR('',#2800,1.);
#2800 = DIRECTION('',(0.,-1.,0.));
#2801 = PLANE('',#2802);
#2802 = AXIS2_PLACEMENT_3D('',#2803,#2804,#2805);
#2803 = CARTESIAN_POINT('',(-1.54,-0.8,0.44));
#2804 = DIRECTION('',(0.,0.,1.));
#2805 = DIRECTION('',(1.,0.,-0.));
#2806 = ADVANCED_FACE('',(#2807),#2832,.T.);
#2807 = FACE_BOUND('',#2808,.T.);
#2808 = EDGE_LOOP('',(#2809,#2817,#2818,#2826));
#2809 = ORIENTED_EDGE('',*,*,#2810,.F.);
#2810 = EDGE_CURVE('',#2405,#2811,#2813,.T.);
#2811 = VERTEX_POINT('',#2812);
#2812 = CARTESIAN_POINT('',(1.45,0.8,0.44));
#2813 = LINE('',#2814,#2815);
#2814 = CARTESIAN_POINT('',(-1.54,0.8,0.44));
#2815 = VECTOR('',#2816,1.);
#2816 = DIRECTION('',(1.,0.,0.));
#2817 = ORIENTED_EDGE('',*,*,#2404,.T.);
#2818 = ORIENTED_EDGE('',*,*,#2819,.F.);
#2819 = EDGE_CURVE('',#2820,#2397,#2822,.T.);
#2820 = VERTEX_POINT('',#2821);
#2821 = CARTESIAN_POINT('',(1.45,0.6,0.44));
#2822 = LINE('',#2823,#2824);
#2823 = CARTESIAN_POINT('',(-1.495,0.6,0.44));
#2824 = VECTOR('',#2825,1.);
#2825 = DIRECTION('',(-1.,0.,0.));
#2826 = ORIENTED_EDGE('',*,*,#2827,.F.);
#2827 = EDGE_CURVE('',#2811,#2820,#2828,.T.);
#2828 = LINE('',#2829,#2830);
#2829 = CARTESIAN_POINT('',(1.45,-0.1,0.44));
#2830 = VECTOR('',#2831,1.);
#2831 = DIRECTION('',(0.,-1.,0.));
#2832 = PLANE('',#2833);
#2833 = AXIS2_PLACEMENT_3D('',#2834,#2835,#2836);
#2834 = CARTESIAN_POINT('',(-1.54,-0.8,0.44));
#2835 = DIRECTION('',(0.,0.,1.));
#2836 = DIRECTION('',(1.,0.,-0.));
#2837 = ADVANCED_FACE('',(#2838),#2865,.T.);
#2838 = FACE_BOUND('',#2839,.T.);
#2839 = EDGE_LOOP('',(#2840,#2841,#2850,#2858));
#2840 = ORIENTED_EDGE('',*,*,#2396,.T.);
#2841 = ORIENTED_EDGE('',*,*,#2842,.T.);
#2842 = EDGE_CURVE('',#2389,#2843,#2845,.T.);
#2843 = VERTEX_POINT('',#2844);
#2844 = CARTESIAN_POINT('',(1.06,-0.6,0.5));
#2845 = CIRCLE('',#2846,6.E-02);
#2846 = AXIS2_PLACEMENT_3D('',#2847,#2848,#2849);
#2847 = CARTESIAN_POINT('',(1.06,-0.6,0.44));
#2848 = DIRECTION('',(0.,1.,-0.));
#2849 = DIRECTION('',(-1.,0.,0.));
#2850 = ORIENTED_EDGE('',*,*,#2851,.T.);
#2851 = EDGE_CURVE('',#2843,#2852,#2854,.T.);
#2852 = VERTEX_POINT('',#2853);
#2853 = CARTESIAN_POINT('',(1.06,0.6,0.5));
#2854 = LINE('',#2855,#2856);
#2855 = CARTESIAN_POINT('',(1.06,-0.8,0.5));
#2856 = VECTOR('',#2857,1.);
#2857 = DIRECTION('',(0.,1.,0.));
#2858 = ORIENTED_EDGE('',*,*,#2859,.F.);
#2859 = EDGE_CURVE('',#2397,#2852,#2860,.T.);
#2860 = CIRCLE('',#2861,6.E-02);
#2861 = AXIS2_PLACEMENT_3D('',#2862,#2863,#2864);
#2862 = CARTESIAN_POINT('',(1.06,0.6,0.44));
#2863 = DIRECTION('',(0.,1.,-0.));
#2864 = DIRECTION('',(-1.,0.,0.));
#2865 = CYLINDRICAL_SURFACE('',#2866,6.E-02);
#2866 = AXIS2_PLACEMENT_3D('',#2867,#2868,#2869);
#2867 = CARTESIAN_POINT('',(1.06,-0.8,0.44));
#2868 = DIRECTION('',(0.,1.,0.));
#2869 = DIRECTION('',(-1.,0.,0.));
#2870 = ADVANCED_FACE('',(#2871),#2921,.T.);
#2871 = FACE_BOUND('',#2872,.T.);
#2872 = EDGE_LOOP('',(#2873,#2881,#2889,#2895,#2896,#2897,#2898,#2906,
    #2914,#2920));
#2873 = ORIENTED_EDGE('',*,*,#2874,.F.);
#2874 = EDGE_CURVE('',#2875,#2648,#2877,.T.);
#2875 = VERTEX_POINT('',#2876);
#2876 = CARTESIAN_POINT('',(-1.54,0.8,6.E-02));
#2877 = LINE('',#2878,#2879);
#2878 = CARTESIAN_POINT('',(-1.54,0.8,6.E-02));
#2879 = VECTOR('',#2880,1.);
#2880 = DIRECTION('',(1.,0.,0.));
#2881 = ORIENTED_EDGE('',*,*,#2882,.T.);
#2882 = EDGE_CURVE('',#2875,#2883,#2885,.T.);
#2883 = VERTEX_POINT('',#2884);
#2884 = CARTESIAN_POINT('',(-1.54,0.8,0.44));
#2885 = LINE('',#2886,#2887);
#2886 = CARTESIAN_POINT('',(-1.54,0.8,6.E-02));
#2887 = VECTOR('',#2888,1.);
#2888 = DIRECTION('',(0.,0.,1.));
#2889 = ORIENTED_EDGE('',*,*,#2890,.T.);
#2890 = EDGE_CURVE('',#2883,#2427,#2891,.T.);
#2891 = LINE('',#2892,#2893);
#2892 = CARTESIAN_POINT('',(-1.54,0.8,0.44));
#2893 = VECTOR('',#2894,1.);
#2894 = DIRECTION('',(1.,0.,0.));
#2895 = ORIENTED_EDGE('',*,*,#2426,.T.);
#2896 = ORIENTED_EDGE('',*,*,#2460,.F.);
#2897 = ORIENTED_EDGE('',*,*,#2810,.T.);
#2898 = ORIENTED_EDGE('',*,*,#2899,.T.);
#2899 = EDGE_CURVE('',#2811,#2900,#2902,.T.);
#2900 = VERTEX_POINT('',#2901);
#2901 = CARTESIAN_POINT('',(1.54,0.8,0.44));
#2902 = LINE('',#2903,#2904);
#2903 = CARTESIAN_POINT('',(-1.54,0.8,0.44));
#2904 = VECTOR('',#2905,1.);
#2905 = DIRECTION('',(1.,0.,0.));
#2906 = ORIENTED_EDGE('',*,*,#2907,.F.);
#2907 = EDGE_CURVE('',#2908,#2900,#2910,.T.);
#2908 = VERTEX_POINT('',#2909);
#2909 = CARTESIAN_POINT('',(1.54,0.8,6.E-02));
#2910 = LINE('',#2911,#2912);
#2911 = CARTESIAN_POINT('',(1.54,0.8,6.E-02));
#2912 = VECTOR('',#2913,1.);
#2913 = DIRECTION('',(0.,0.,1.));
#2914 = ORIENTED_EDGE('',*,*,#2915,.F.);
#2915 = EDGE_CURVE('',#2640,#2908,#2916,.T.);
#2916 = LINE('',#2917,#2918);
#2917 = CARTESIAN_POINT('',(-1.54,0.8,6.E-02));
#2918 = VECTOR('',#2919,1.);
#2919 = DIRECTION('',(1.,0.,0.));
#2920 = ORIENTED_EDGE('',*,*,#2647,.F.);
#2921 = PLANE('',#2922);
#2922 = AXIS2_PLACEMENT_3D('',#2923,#2924,#2925);
#2923 = CARTESIAN_POINT('',(-1.54,0.8,6.E-02));
#2924 = DIRECTION('',(0.,1.,0.));
#2925 = DIRECTION('',(0.,-0.,1.));
#2926 = ADVANCED_FACE('',(#2927),#2945,.F.);
#2927 = FACE_BOUND('',#2928,.F.);
#2928 = EDGE_LOOP('',(#2929,#2937,#2943,#2944));
#2929 = ORIENTED_EDGE('',*,*,#2930,.F.);
#2930 = EDGE_CURVE('',#2931,#2475,#2933,.T.);
#2931 = VERTEX_POINT('',#2932);
#2932 = CARTESIAN_POINT('',(-1.45,0.6,0.5));
#2933 = LINE('',#2934,#2935);
#2934 = CARTESIAN_POINT('',(-1.525,0.6,0.5));
#2935 = VECTOR('',#2936,1.);
#2936 = DIRECTION('',(1.,0.,0.));
#2937 = ORIENTED_EDGE('',*,*,#2938,.T.);
#2938 = EDGE_CURVE('',#2931,#2435,#2939,.T.);
#2939 = LINE('',#2940,#2941);
#2940 = CARTESIAN_POINT('',(-1.45,0.6,0.75));
#2941 = VECTOR('',#2942,1.);
#2942 = DIRECTION('',(-0.,-0.,-1.));
#2943 = ORIENTED_EDGE('',*,*,#2442,.F.);
#2944 = ORIENTED_EDGE('',*,*,#2474,.F.);
#2945 = PLANE('',#2946);
#2946 = AXIS2_PLACEMENT_3D('',#2947,#2948,#2949);
#2947 = CARTESIAN_POINT('',(-1.45,0.6,0.75));
#2948 = DIRECTION('',(0.,-1.,0.));
#2949 = DIRECTION('',(1.,0.,0.));
#2950 = ADVANCED_FACE('',(#2951),#2969,.F.);
#2951 = FACE_BOUND('',#2952,.F.);
#2952 = EDGE_LOOP('',(#2953,#2954,#2962,#2968));
#2953 = ORIENTED_EDGE('',*,*,#2938,.F.);
#2954 = ORIENTED_EDGE('',*,*,#2955,.F.);
#2955 = EDGE_CURVE('',#2956,#2931,#2958,.T.);
#2956 = VERTEX_POINT('',#2957);
#2957 = CARTESIAN_POINT('',(-1.45,0.8,0.5));
#2958 = LINE('',#2959,#2960);
#2959 = CARTESIAN_POINT('',(-1.45,0.1,0.5));
#2960 = VECTOR('',#2961,1.);
#2961 = DIRECTION('',(0.,-1.,0.));
#2962 = ORIENTED_EDGE('',*,*,#2963,.F.);
#2963 = EDGE_CURVE('',#2427,#2956,#2964,.T.);
#2964 = LINE('',#2965,#2966);
#2965 = CARTESIAN_POINT('',(-1.45,0.8,0.375));
#2966 = VECTOR('',#2967,1.);
#2967 = DIRECTION('',(0.,0.,1.));
#2968 = ORIENTED_EDGE('',*,*,#2434,.F.);
#2969 = PLANE('',#2970);
#2970 = AXIS2_PLACEMENT_3D('',#2971,#2972,#2973);
#2971 = CARTESIAN_POINT('',(-1.45,1.,0.75));
#2972 = DIRECTION('',(-1.,0.,0.));
#2973 = DIRECTION('',(0.,-1.,0.));
#2974 = ADVANCED_FACE('',(#2975),#2993,.F.);
#2975 = FACE_BOUND('',#2976,.F.);
#2976 = EDGE_LOOP('',(#2977,#2985,#2991,#2992));
#2977 = ORIENTED_EDGE('',*,*,#2978,.F.);
#2978 = EDGE_CURVE('',#2979,#2508,#2981,.T.);
#2979 = VERTEX_POINT('',#2980);
#2980 = CARTESIAN_POINT('',(-1.45,-0.6,0.5));
#2981 = LINE('',#2982,#2983);
#2982 = CARTESIAN_POINT('',(-1.45,-0.6,0.75));
#2983 = VECTOR('',#2984,1.);
#2984 = DIRECTION('',(-0.,-0.,-1.));
#2985 = ORIENTED_EDGE('',*,*,#2986,.F.);
#2986 = EDGE_CURVE('',#2484,#2979,#2987,.T.);
#2987 = LINE('',#2988,#2989);
#2988 = CARTESIAN_POINT('',(-7.5E-02,-0.6,0.5));
#2989 = VECTOR('',#2990,1.);
#2990 = DIRECTION('',(-1.,0.,0.));
#2991 = ORIENTED_EDGE('',*,*,#2491,.T.);
#2992 = ORIENTED_EDGE('',*,*,#2517,.F.);
#2993 = PLANE('',#2994);
#2994 = AXIS2_PLACEMENT_3D('',#2995,#2996,#2997);
#2995 = CARTESIAN_POINT('',(1.45,-0.6,0.75));
#2996 = DIRECTION('',(0.,1.,0.));
#2997 = DIRECTION('',(-1.,0.,0.));
#2998 = ADVANCED_FACE('',(#2999),#3026,.T.);
#2999 = FACE_BOUND('',#3000,.T.);
#3000 = EDGE_LOOP('',(#3001,#3009,#3015,#3016,#3022,#3023,#3024,#3025));
#3001 = ORIENTED_EDGE('',*,*,#3002,.F.);
#3002 = EDGE_CURVE('',#3003,#2956,#3005,.T.);
#3003 = VERTEX_POINT('',#3004);
#3004 = CARTESIAN_POINT('',(-1.54,0.8,0.5));
#3005 = LINE('',#3006,#3007);
#3006 = CARTESIAN_POINT('',(-1.6,0.8,0.5));
#3007 = VECTOR('',#3008,1.);
#3008 = DIRECTION('',(1.,0.,0.));
#3009 = ORIENTED_EDGE('',*,*,#3010,.F.);
#3010 = EDGE_CURVE('',#2559,#3003,#3011,.T.);
#3011 = LINE('',#3012,#3013);
#3012 = CARTESIAN_POINT('',(-1.54,-0.8,0.5));
#3013 = VECTOR('',#3014,1.);
#3014 = DIRECTION('',(0.,1.,0.));
#3015 = ORIENTED_EDGE('',*,*,#2567,.T.);
#3016 = ORIENTED_EDGE('',*,*,#3017,.F.);
#3017 = EDGE_CURVE('',#2979,#2568,#3018,.T.);
#3018 = LINE('',#3019,#3020);
#3019 = CARTESIAN_POINT('',(-1.45,-0.7,0.5));
#3020 = VECTOR('',#3021,1.);
#3021 = DIRECTION('',(0.,-1.,0.));
#3022 = ORIENTED_EDGE('',*,*,#2986,.F.);
#3023 = ORIENTED_EDGE('',*,*,#2483,.T.);
#3024 = ORIENTED_EDGE('',*,*,#2930,.F.);
#3025 = ORIENTED_EDGE('',*,*,#2955,.F.);
#3026 = PLANE('',#3027);
#3027 = AXIS2_PLACEMENT_3D('',#3028,#3029,#3030);
#3028 = CARTESIAN_POINT('',(-1.6,-0.8,0.5));
#3029 = DIRECTION('',(0.,0.,1.));
#3030 = DIRECTION('',(1.,0.,-0.));
#3031 = ADVANCED_FACE('',(#3032),#3038,.F.);
#3032 = FACE_BOUND('',#3033,.F.);
#3033 = EDGE_LOOP('',(#3034,#3035,#3036,#3037));
#3034 = ORIENTED_EDGE('',*,*,#3017,.F.);
#3035 = ORIENTED_EDGE('',*,*,#2978,.T.);
#3036 = ORIENTED_EDGE('',*,*,#2507,.F.);
#3037 = ORIENTED_EDGE('',*,*,#2575,.T.);
#3038 = PLANE('',#3039);
#3039 = AXIS2_PLACEMENT_3D('',#3040,#3041,#3042);
#3040 = CARTESIAN_POINT('',(-1.45,-0.6,0.75));
#3041 = DIRECTION('',(-1.,0.,0.));
#3042 = DIRECTION('',(0.,-1.,0.));
#3043 = ADVANCED_FACE('',(#3044),#3101,.F.);
#3044 = FACE_BOUND('',#3045,.F.);
#3045 = EDGE_LOOP('',(#3046,#3056,#3062,#3063,#3071,#3079,#3087,#3095));
#3046 = ORIENTED_EDGE('',*,*,#3047,.F.);
#3047 = EDGE_CURVE('',#3048,#3050,#3052,.T.);
#3048 = VERTEX_POINT('',#3049);
#3049 = CARTESIAN_POINT('',(-1.54,0.8,-6.938893903907E-18));
#3050 = VERTEX_POINT('',#3051);
#3051 = CARTESIAN_POINT('',(-1.45,0.8,0.));
#3052 = LINE('',#3053,#3054);
#3053 = CARTESIAN_POINT('',(-1.6,0.8,0.));
#3054 = VECTOR('',#3055,1.);
#3055 = DIRECTION('',(1.,0.,0.));
#3056 = ORIENTED_EDGE('',*,*,#3057,.F.);
#3057 = EDGE_CURVE('',#2532,#3048,#3058,.T.);
#3058 = LINE('',#3059,#3060);
#3059 = CARTESIAN_POINT('',(-1.54,-0.8,-6.938893903907E-18));
#3060 = VECTOR('',#3061,1.);
#3061 = DIRECTION('',(0.,1.,0.));
#3062 = ORIENTED_EDGE('',*,*,#2531,.T.);
#3063 = ORIENTED_EDGE('',*,*,#3064,.F.);
#3064 = EDGE_CURVE('',#3065,#2534,#3067,.T.);
#3065 = VERTEX_POINT('',#3066);
#3066 = CARTESIAN_POINT('',(-1.45,-0.6,0.));
#3067 = LINE('',#3068,#3069);
#3068 = CARTESIAN_POINT('',(-1.45,-0.7,0.));
#3069 = VECTOR('',#3070,1.);
#3070 = DIRECTION('',(0.,-1.,0.));
#3071 = ORIENTED_EDGE('',*,*,#3072,.F.);
#3072 = EDGE_CURVE('',#3073,#3065,#3075,.T.);
#3073 = VERTEX_POINT('',#3074);
#3074 = CARTESIAN_POINT('',(-1.06,-0.6,-6.938893903907E-18));
#3075 = LINE('',#3076,#3077);
#3076 = CARTESIAN_POINT('',(-7.5E-02,-0.6,0.));
#3077 = VECTOR('',#3078,1.);
#3078 = DIRECTION('',(-1.,0.,0.));
#3079 = ORIENTED_EDGE('',*,*,#3080,.T.);
#3080 = EDGE_CURVE('',#3073,#3081,#3083,.T.);
#3081 = VERTEX_POINT('',#3082);
#3082 = CARTESIAN_POINT('',(-1.06,0.6,-6.938893903907E-18));
#3083 = LINE('',#3084,#3085);
#3084 = CARTESIAN_POINT('',(-1.06,-0.8,-6.938893903907E-18));
#3085 = VECTOR('',#3086,1.);
#3086 = DIRECTION('',(0.,1.,0.));
#3087 = ORIENTED_EDGE('',*,*,#3088,.F.);
#3088 = EDGE_CURVE('',#3089,#3081,#3091,.T.);
#3089 = VERTEX_POINT('',#3090);
#3090 = CARTESIAN_POINT('',(-1.45,0.6,0.));
#3091 = LINE('',#3092,#3093);
#3092 = CARTESIAN_POINT('',(-1.525,0.6,0.));
#3093 = VECTOR('',#3094,1.);
#3094 = DIRECTION('',(1.,0.,0.));
#3095 = ORIENTED_EDGE('',*,*,#3096,.F.);
#3096 = EDGE_CURVE('',#3050,#3089,#3097,.T.);
#3097 = LINE('',#3098,#3099);
#3098 = CARTESIAN_POINT('',(-1.45,0.1,0.));
#3099 = VECTOR('',#3100,1.);
#3100 = DIRECTION('',(0.,-1.,0.));
#3101 = PLANE('',#3102);
#3102 = AXIS2_PLACEMENT_3D('',#3103,#3104,#3105);
#3103 = CARTESIAN_POINT('',(-1.6,-0.8,0.));
#3104 = DIRECTION('',(0.,0.,1.));
#3105 = DIRECTION('',(1.,0.,-0.));
#3106 = ADVANCED_FACE('',(#3107),#3126,.T.);
#3107 = FACE_BOUND('',#3108,.T.);
#3108 = EDGE_LOOP('',(#3109,#3117,#3124,#3125));
#3109 = ORIENTED_EDGE('',*,*,#3110,.T.);
#3110 = EDGE_CURVE('',#2542,#3111,#3113,.T.);
#3111 = VERTEX_POINT('',#3112);
#3112 = CARTESIAN_POINT('',(-1.6,0.8,6.E-02));
#3113 = LINE('',#3114,#3115);
#3114 = CARTESIAN_POINT('',(-1.6,-0.8,6.E-02));
#3115 = VECTOR('',#3116,1.);
#3116 = DIRECTION('',(0.,1.,0.));
#3117 = ORIENTED_EDGE('',*,*,#3118,.T.);
#3118 = EDGE_CURVE('',#3111,#3048,#3119,.T.);
#3119 = CIRCLE('',#3120,6.E-02);
#3120 = AXIS2_PLACEMENT_3D('',#3121,#3122,#3123);
#3121 = CARTESIAN_POINT('',(-1.54,0.8,6.E-02));
#3122 = DIRECTION('',(0.,-1.,0.));
#3123 = DIRECTION('',(0.,0.,1.));
#3124 = ORIENTED_EDGE('',*,*,#3057,.F.);
#3125 = ORIENTED_EDGE('',*,*,#2541,.F.);
#3126 = CYLINDRICAL_SURFACE('',#3127,6.E-02);
#3127 = AXIS2_PLACEMENT_3D('',#3128,#3129,#3130);
#3128 = CARTESIAN_POINT('',(-1.54,-0.8,6.E-02));
#3129 = DIRECTION('',(0.,1.,0.));
#3130 = DIRECTION('',(-1.,0.,0.));
#3131 = ADVANCED_FACE('',(#3132),#3143,.F.);
#3132 = FACE_BOUND('',#3133,.F.);
#3133 = EDGE_LOOP('',(#3134,#3135,#3141,#3142));
#3134 = ORIENTED_EDGE('',*,*,#2598,.T.);
#3135 = ORIENTED_EDGE('',*,*,#3136,.T.);
#3136 = EDGE_CURVE('',#2599,#3065,#3137,.T.);
#3137 = LINE('',#3138,#3139);
#3138 = CARTESIAN_POINT('',(-1.45,-0.6,0.75));
#3139 = VECTOR('',#3140,1.);
#3140 = DIRECTION('',(-0.,-0.,-1.));
#3141 = ORIENTED_EDGE('',*,*,#3064,.T.);
#3142 = ORIENTED_EDGE('',*,*,#2584,.T.);
#3143 = PLANE('',#3144);
#3144 = AXIS2_PLACEMENT_3D('',#3145,#3146,#3147);
#3145 = CARTESIAN_POINT('',(-1.45,-0.6,0.75));
#3146 = DIRECTION('',(-1.,0.,0.));
#3147 = DIRECTION('',(0.,-1.,0.));
#3148 = ADVANCED_FACE('',(#3149),#3167,.F.);
#3149 = FACE_BOUND('',#3150,.F.);
#3150 = EDGE_LOOP('',(#3151,#3152,#3153,#3161));
#3151 = ORIENTED_EDGE('',*,*,#2550,.F.);
#3152 = ORIENTED_EDGE('',*,*,#3110,.T.);
#3153 = ORIENTED_EDGE('',*,*,#3154,.T.);
#3154 = EDGE_CURVE('',#3111,#3155,#3157,.T.);
#3155 = VERTEX_POINT('',#3156);
#3156 = CARTESIAN_POINT('',(-1.6,0.8,0.44));
#3157 = LINE('',#3158,#3159);
#3158 = CARTESIAN_POINT('',(-1.6,0.8,0.));
#3159 = VECTOR('',#3160,1.);
#3160 = DIRECTION('',(0.,0.,1.));
#3161 = ORIENTED_EDGE('',*,*,#3162,.F.);
#3162 = EDGE_CURVE('',#2551,#3155,#3163,.T.);
#3163 = LINE('',#3164,#3165);
#3164 = CARTESIAN_POINT('',(-1.6,-0.8,0.44));
#3165 = VECTOR('',#3166,1.);
#3166 = DIRECTION('',(0.,1.,0.));
#3167 = PLANE('',#3168);
#3168 = AXIS2_PLACEMENT_3D('',#3169,#3170,#3171);
#3169 = CARTESIAN_POINT('',(-1.6,-0.8,0.));
#3170 = DIRECTION('',(1.,0.,0.));
#3171 = DIRECTION('',(0.,0.,1.));
#3172 = ADVANCED_FACE('',(#3173),#3185,.T.);
#3173 = FACE_BOUND('',#3174,.T.);
#3174 = EDGE_LOOP('',(#3175,#3176,#3177,#3184));
#3175 = ORIENTED_EDGE('',*,*,#2558,.T.);
#3176 = ORIENTED_EDGE('',*,*,#3010,.T.);
#3177 = ORIENTED_EDGE('',*,*,#3178,.F.);
#3178 = EDGE_CURVE('',#3155,#3003,#3179,.T.);
#3179 = CIRCLE('',#3180,6.E-02);
#3180 = AXIS2_PLACEMENT_3D('',#3181,#3182,#3183);
#3181 = CARTESIAN_POINT('',(-1.54,0.8,0.44));
#3182 = DIRECTION('',(0.,1.,0.));
#3183 = DIRECTION('',(0.,-0.,1.));
#3184 = ORIENTED_EDGE('',*,*,#3162,.F.);
#3185 = CYLINDRICAL_SURFACE('',#3186,6.E-02);
#3186 = AXIS2_PLACEMENT_3D('',#3187,#3188,#3189);
#3187 = CARTESIAN_POINT('',(-1.54,-0.8,0.44));
#3188 = DIRECTION('',(0.,1.,0.));
#3189 = DIRECTION('',(-1.,0.,0.));
#3190 = ADVANCED_FACE('',(#3191),#3203,.F.);
#3191 = FACE_BOUND('',#3192,.F.);
#3192 = EDGE_LOOP('',(#3193,#3194,#3195,#3202));
#3193 = ORIENTED_EDGE('',*,*,#3136,.F.);
#3194 = ORIENTED_EDGE('',*,*,#2679,.T.);
#3195 = ORIENTED_EDGE('',*,*,#3196,.T.);
#3196 = EDGE_CURVE('',#2672,#3073,#3197,.T.);
#3197 = CIRCLE('',#3198,6.E-02);
#3198 = AXIS2_PLACEMENT_3D('',#3199,#3200,#3201);
#3199 = CARTESIAN_POINT('',(-1.06,-0.6,6.E-02));
#3200 = DIRECTION('',(-0.,1.,0.));
#3201 = DIRECTION('',(1.,0.,0.));
#3202 = ORIENTED_EDGE('',*,*,#3072,.T.);
#3203 = PLANE('',#3204);
#3204 = AXIS2_PLACEMENT_3D('',#3205,#3206,#3207);
#3205 = CARTESIAN_POINT('',(1.45,-0.6,0.75));
#3206 = DIRECTION('',(0.,1.,0.));
#3207 = DIRECTION('',(-1.,0.,0.));
#3208 = ADVANCED_FACE('',(#3209),#3221,.T.);
#3209 = FACE_BOUND('',#3210,.T.);
#3210 = EDGE_LOOP('',(#3211,#3212,#3213,#3214));
#3211 = ORIENTED_EDGE('',*,*,#2671,.F.);
#3212 = ORIENTED_EDGE('',*,*,#3196,.T.);
#3213 = ORIENTED_EDGE('',*,*,#3080,.T.);
#3214 = ORIENTED_EDGE('',*,*,#3215,.F.);
#3215 = EDGE_CURVE('',#2664,#3081,#3216,.T.);
#3216 = CIRCLE('',#3217,6.E-02);
#3217 = AXIS2_PLACEMENT_3D('',#3218,#3219,#3220);
#3218 = CARTESIAN_POINT('',(-1.06,0.6,6.E-02));
#3219 = DIRECTION('',(-0.,1.,0.));
#3220 = DIRECTION('',(1.,0.,0.));
#3221 = CYLINDRICAL_SURFACE('',#3222,6.E-02);
#3222 = AXIS2_PLACEMENT_3D('',#3223,#3224,#3225);
#3223 = CARTESIAN_POINT('',(-1.06,-0.8,6.E-02));
#3224 = DIRECTION('',(0.,1.,0.));
#3225 = DIRECTION('',(1.,0.,0.));
#3226 = ADVANCED_FACE('',(#3227),#3238,.F.);
#3227 = FACE_BOUND('',#3228,.F.);
#3228 = EDGE_LOOP('',(#3229,#3230,#3236,#3237));
#3229 = ORIENTED_EDGE('',*,*,#2663,.T.);
#3230 = ORIENTED_EDGE('',*,*,#3231,.T.);
#3231 = EDGE_CURVE('',#2656,#3089,#3232,.T.);
#3232 = LINE('',#3233,#3234);
#3233 = CARTESIAN_POINT('',(-1.45,0.6,0.75));
#3234 = VECTOR('',#3235,1.);
#3235 = DIRECTION('',(-0.,-0.,-1.));
#3236 = ORIENTED_EDGE('',*,*,#3088,.T.);
#3237 = ORIENTED_EDGE('',*,*,#3215,.F.);
#3238 = PLANE('',#3239);
#3239 = AXIS2_PLACEMENT_3D('',#3240,#3241,#3242);
#3240 = CARTESIAN_POINT('',(-1.45,0.6,0.75));
#3241 = DIRECTION('',(0.,-1.,0.));
#3242 = DIRECTION('',(1.,0.,0.));
#3243 = ADVANCED_FACE('',(#3244),#3255,.F.);
#3244 = FACE_BOUND('',#3245,.F.);
#3245 = EDGE_LOOP('',(#3246,#3247,#3248,#3254));
#3246 = ORIENTED_EDGE('',*,*,#3231,.F.);
#3247 = ORIENTED_EDGE('',*,*,#2655,.T.);
#3248 = ORIENTED_EDGE('',*,*,#3249,.F.);
#3249 = EDGE_CURVE('',#3050,#2648,#3250,.T.);
#3250 = LINE('',#3251,#3252);
#3251 = CARTESIAN_POINT('',(-1.45,0.8,0.375));
#3252 = VECTOR('',#3253,1.);
#3253 = DIRECTION('',(0.,0.,1.));
#3254 = ORIENTED_EDGE('',*,*,#3096,.T.);
#3255 = PLANE('',#3256);
#3256 = AXIS2_PLACEMENT_3D('',#3257,#3258,#3259);
#3257 = CARTESIAN_POINT('',(-1.45,1.,0.75));
#3258 = DIRECTION('',(-1.,0.,0.));
#3259 = DIRECTION('',(0.,-1.,0.));
#3260 = ADVANCED_FACE('',(#3261),#3286,.F.);
#3261 = FACE_BOUND('',#3262,.F.);
#3262 = EDGE_LOOP('',(#3263,#3264,#3272,#3280));
#3263 = ORIENTED_EDGE('',*,*,#2639,.T.);
#3264 = ORIENTED_EDGE('',*,*,#3265,.T.);
#3265 = EDGE_CURVE('',#2632,#3266,#3268,.T.);
#3266 = VERTEX_POINT('',#3267);
#3267 = CARTESIAN_POINT('',(1.45,0.6,0.));
#3268 = LINE('',#3269,#3270);
#3269 = CARTESIAN_POINT('',(1.45,0.6,0.75));
#3270 = VECTOR('',#3271,1.);
#3271 = DIRECTION('',(-0.,-0.,-1.));
#3272 = ORIENTED_EDGE('',*,*,#3273,.T.);
#3273 = EDGE_CURVE('',#3266,#3274,#3276,.T.);
#3274 = VERTEX_POINT('',#3275);
#3275 = CARTESIAN_POINT('',(1.45,0.8,0.));
#3276 = LINE('',#3277,#3278);
#3277 = CARTESIAN_POINT('',(1.45,-0.1,0.));
#3278 = VECTOR('',#3279,1.);
#3279 = DIRECTION('',(0.,1.,0.));
#3280 = ORIENTED_EDGE('',*,*,#3281,.F.);
#3281 = EDGE_CURVE('',#2640,#3274,#3282,.T.);
#3282 = LINE('',#3283,#3284);
#3283 = CARTESIAN_POINT('',(1.45,0.8,0.375));
#3284 = VECTOR('',#3285,1.);
#3285 = DIRECTION('',(0.,0.,-1.));
#3286 = PLANE('',#3287);
#3287 = AXIS2_PLACEMENT_3D('',#3288,#3289,#3290);
#3288 = CARTESIAN_POINT('',(1.45,0.6,0.75));
#3289 = DIRECTION('',(1.,0.,0.));
#3290 = DIRECTION('',(-0.,1.,0.));
#3291 = ADVANCED_FACE('',(#3292),#3311,.F.);
#3292 = FACE_BOUND('',#3293,.F.);
#3293 = EDGE_LOOP('',(#3294,#3295,#3296,#3305));
#3294 = ORIENTED_EDGE('',*,*,#3265,.F.);
#3295 = ORIENTED_EDGE('',*,*,#2631,.T.);
#3296 = ORIENTED_EDGE('',*,*,#3297,.F.);
#3297 = EDGE_CURVE('',#3298,#2624,#3300,.T.);
#3298 = VERTEX_POINT('',#3299);
#3299 = CARTESIAN_POINT('',(1.06,0.6,-6.938893903907E-18));
#3300 = CIRCLE('',#3301,6.E-02);
#3301 = AXIS2_PLACEMENT_3D('',#3302,#3303,#3304);
#3302 = CARTESIAN_POINT('',(1.06,0.6,6.E-02));
#3303 = DIRECTION('',(0.,1.,-0.));
#3304 = DIRECTION('',(-1.,0.,0.));
#3305 = ORIENTED_EDGE('',*,*,#3306,.T.);
#3306 = EDGE_CURVE('',#3298,#3266,#3307,.T.);
#3307 = LINE('',#3308,#3309);
#3308 = CARTESIAN_POINT('',(-0.225,0.6,0.));
#3309 = VECTOR('',#3310,1.);
#3310 = DIRECTION('',(1.,0.,0.));
#3311 = PLANE('',#3312);
#3312 = AXIS2_PLACEMENT_3D('',#3313,#3314,#3315);
#3313 = CARTESIAN_POINT('',(-1.45,0.6,0.75));
#3314 = DIRECTION('',(0.,-1.,0.));
#3315 = DIRECTION('',(1.,0.,0.));
#3316 = ADVANCED_FACE('',(#3317),#3336,.T.);
#3317 = FACE_BOUND('',#3318,.T.);
#3318 = EDGE_LOOP('',(#3319,#3320,#3328,#3335));
#3319 = ORIENTED_EDGE('',*,*,#3297,.F.);
#3320 = ORIENTED_EDGE('',*,*,#3321,.F.);
#3321 = EDGE_CURVE('',#3322,#3298,#3324,.T.);
#3322 = VERTEX_POINT('',#3323);
#3323 = CARTESIAN_POINT('',(1.06,-0.6,-6.938893903907E-18));
#3324 = LINE('',#3325,#3326);
#3325 = CARTESIAN_POINT('',(1.06,-0.8,-6.938893903907E-18));
#3326 = VECTOR('',#3327,1.);
#3327 = DIRECTION('',(0.,1.,0.));
#3328 = ORIENTED_EDGE('',*,*,#3329,.T.);
#3329 = EDGE_CURVE('',#3322,#2616,#3330,.T.);
#3330 = CIRCLE('',#3331,6.E-02);
#3331 = AXIS2_PLACEMENT_3D('',#3332,#3333,#3334);
#3332 = CARTESIAN_POINT('',(1.06,-0.6,6.E-02));
#3333 = DIRECTION('',(0.,1.,-0.));
#3334 = DIRECTION('',(-1.,0.,0.));
#3335 = ORIENTED_EDGE('',*,*,#2623,.T.);
#3336 = CYLINDRICAL_SURFACE('',#3337,6.E-02);
#3337 = AXIS2_PLACEMENT_3D('',#3338,#3339,#3340);
#3338 = CARTESIAN_POINT('',(1.06,-0.8,6.E-02));
#3339 = DIRECTION('',(0.,1.,0.));
#3340 = DIRECTION('',(-1.,0.,0.));
#3341 = ADVANCED_FACE('',(#3342),#3360,.F.);
#3342 = FACE_BOUND('',#3343,.F.);
#3343 = EDGE_LOOP('',(#3344,#3345,#3353,#3359));
#3344 = ORIENTED_EDGE('',*,*,#2615,.T.);
#3345 = ORIENTED_EDGE('',*,*,#3346,.T.);
#3346 = EDGE_CURVE('',#2608,#3347,#3349,.T.);
#3347 = VERTEX_POINT('',#3348);
#3348 = CARTESIAN_POINT('',(1.45,-0.6,0.));
#3349 = LINE('',#3350,#3351);
#3350 = CARTESIAN_POINT('',(1.45,-0.6,0.75));
#3351 = VECTOR('',#3352,1.);
#3352 = DIRECTION('',(-0.,-0.,-1.));
#3353 = ORIENTED_EDGE('',*,*,#3354,.T.);
#3354 = EDGE_CURVE('',#3347,#3322,#3355,.T.);
#3355 = LINE('',#3356,#3357);
#3356 = CARTESIAN_POINT('',(1.225,-0.6,0.));
#3357 = VECTOR('',#3358,1.);
#3358 = DIRECTION('',(-1.,0.,0.));
#3359 = ORIENTED_EDGE('',*,*,#3329,.T.);
#3360 = PLANE('',#3361);
#3361 = AXIS2_PLACEMENT_3D('',#3362,#3363,#3364);
#3362 = CARTESIAN_POINT('',(1.45,-0.6,0.75));
#3363 = DIRECTION('',(0.,1.,0.));
#3364 = DIRECTION('',(-1.,0.,0.));
#3365 = ADVANCED_FACE('',(#3366),#3377,.F.);
#3366 = FACE_BOUND('',#3367,.F.);
#3367 = EDGE_LOOP('',(#3368,#3369,#3370,#3371));
#3368 = ORIENTED_EDGE('',*,*,#3346,.F.);
#3369 = ORIENTED_EDGE('',*,*,#2607,.T.);
#3370 = ORIENTED_EDGE('',*,*,#2729,.T.);
#3371 = ORIENTED_EDGE('',*,*,#3372,.T.);
#3372 = EDGE_CURVE('',#2720,#3347,#3373,.T.);
#3373 = LINE('',#3374,#3375);
#3374 = CARTESIAN_POINT('',(1.45,-0.9,0.));
#3375 = VECTOR('',#3376,1.);
#3376 = DIRECTION('',(0.,1.,0.));
#3377 = PLANE('',#3378);
#3378 = AXIS2_PLACEMENT_3D('',#3379,#3380,#3381);
#3379 = CARTESIAN_POINT('',(1.45,-1.,0.75));
#3380 = DIRECTION('',(1.,0.,0.));
#3381 = DIRECTION('',(-0.,1.,0.));
#3382 = ADVANCED_FACE('',(#3383),#3408,.T.);
#3383 = FACE_BOUND('',#3384,.T.);
#3384 = EDGE_LOOP('',(#3385,#3393,#3394,#3402));
#3385 = ORIENTED_EDGE('',*,*,#3386,.T.);
#3386 = EDGE_CURVE('',#3387,#2688,#3389,.T.);
#3387 = VERTEX_POINT('',#3388);
#3388 = CARTESIAN_POINT('',(0.554256258422,0.64,3.E-02));
#3389 = LINE('',#3390,#3391);
#3390 = CARTESIAN_POINT('',(0.554256258422,0.64,3.E-02));
#3391 = VECTOR('',#3392,1.);
#3392 = DIRECTION('',(0.,0.,1.));
#3393 = ORIENTED_EDGE('',*,*,#2687,.T.);
#3394 = ORIENTED_EDGE('',*,*,#3395,.F.);
#3395 = EDGE_CURVE('',#3396,#2690,#3398,.T.);
#3396 = VERTEX_POINT('',#3397);
#3397 = CARTESIAN_POINT('',(0.554256258422,-0.64,3.E-02));
#3398 = LINE('',#3399,#3400);
#3399 = CARTESIAN_POINT('',(0.554256258422,-0.64,3.E-02));
#3400 = VECTOR('',#3401,1.);
#3401 = DIRECTION('',(0.,0.,1.));
#3402 = ORIENTED_EDGE('',*,*,#3403,.F.);
#3403 = EDGE_CURVE('',#3387,#3396,#3404,.T.);
#3404 = LINE('',#3405,#3406);
#3405 = CARTESIAN_POINT('',(0.554256258422,0.64,3.E-02));
#3406 = VECTOR('',#3407,1.);
#3407 = DIRECTION('',(0.,-1.,0.));
#3408 = PLANE('',#3409);
#3409 = AXIS2_PLACEMENT_3D('',#3410,#3411,#3412);
#3410 = CARTESIAN_POINT('',(0.554256258422,0.64,3.E-02));
#3411 = DIRECTION('',(1.,0.,0.));
#3412 = DIRECTION('',(0.,-1.,0.));
#3413 = ADVANCED_FACE('',(#3414),#3432,.T.);
#3414 = FACE_BOUND('',#3415,.T.);
#3415 = EDGE_LOOP('',(#3416,#3424,#3425,#3426));
#3416 = ORIENTED_EDGE('',*,*,#3417,.T.);
#3417 = EDGE_CURVE('',#3418,#2698,#3420,.T.);
#3418 = VERTEX_POINT('',#3419);
#3419 = CARTESIAN_POINT('',(-0.554256258422,0.,3.E-02));
#3420 = LINE('',#3421,#3422);
#3421 = CARTESIAN_POINT('',(-0.554256258422,0.,3.E-02));
#3422 = VECTOR('',#3423,1.);
#3423 = DIRECTION('',(0.,0.,1.));
#3424 = ORIENTED_EDGE('',*,*,#2705,.T.);
#3425 = ORIENTED_EDGE('',*,*,#3386,.F.);
#3426 = ORIENTED_EDGE('',*,*,#3427,.F.);
#3427 = EDGE_CURVE('',#3418,#3387,#3428,.T.);
#3428 = LINE('',#3429,#3430);
#3429 = CARTESIAN_POINT('',(-0.554256258422,0.,3.E-02));
#3430 = VECTOR('',#3431,1.);
#3431 = DIRECTION('',(0.866025403784,0.5,0.));
#3432 = PLANE('',#3433);
#3433 = AXIS2_PLACEMENT_3D('',#3434,#3435,#3436);
#3434 = CARTESIAN_POINT('',(-0.554256258422,0.,3.E-02));
#3435 = DIRECTION('',(-0.5,0.866025403784,0.));
#3436 = DIRECTION('',(0.866025403784,0.5,0.));
#3437 = ADVANCED_FACE('',(#3438),#3449,.T.);
#3438 = FACE_BOUND('',#3439,.T.);
#3439 = EDGE_LOOP('',(#3440,#3441,#3442,#3443));
#3440 = ORIENTED_EDGE('',*,*,#3395,.T.);
#3441 = ORIENTED_EDGE('',*,*,#2697,.T.);
#3442 = ORIENTED_EDGE('',*,*,#3417,.F.);
#3443 = ORIENTED_EDGE('',*,*,#3444,.F.);
#3444 = EDGE_CURVE('',#3396,#3418,#3445,.T.);
#3445 = LINE('',#3446,#3447);
#3446 = CARTESIAN_POINT('',(0.554256258422,-0.64,3.E-02));
#3447 = VECTOR('',#3448,1.);
#3448 = DIRECTION('',(-0.866025403784,0.5,0.));
#3449 = PLANE('',#3450);
#3450 = AXIS2_PLACEMENT_3D('',#3451,#3452,#3453);
#3451 = CARTESIAN_POINT('',(0.554256258422,-0.64,3.E-02));
#3452 = DIRECTION('',(-0.5,-0.866025403784,0.));
#3453 = DIRECTION('',(-0.866025403784,0.5,0.));
#3454 = ADVANCED_FACE('',(#3455),#3477,.F.);
#3455 = FACE_BOUND('',#3456,.F.);
#3456 = EDGE_LOOP('',(#3457,#3465,#3466,#3467,#3468,#3469,#3470,#3471));
#3457 = ORIENTED_EDGE('',*,*,#3458,.F.);
#3458 = EDGE_CURVE('',#3274,#3459,#3461,.T.);
#3459 = VERTEX_POINT('',#3460);
#3460 = CARTESIAN_POINT('',(1.54,0.8,-6.938893903907E-18));
#3461 = LINE('',#3462,#3463);
#3462 = CARTESIAN_POINT('',(1.,0.8,0.));
#3463 = VECTOR('',#3464,1.);
#3464 = DIRECTION('',(1.,0.,0.));
#3465 = ORIENTED_EDGE('',*,*,#3273,.F.);
#3466 = ORIENTED_EDGE('',*,*,#3306,.F.);
#3467 = ORIENTED_EDGE('',*,*,#3321,.F.);
#3468 = ORIENTED_EDGE('',*,*,#3354,.F.);
#3469 = ORIENTED_EDGE('',*,*,#3372,.F.);
#3470 = ORIENTED_EDGE('',*,*,#2719,.T.);
#3471 = ORIENTED_EDGE('',*,*,#3472,.T.);
#3472 = EDGE_CURVE('',#2722,#3459,#3473,.T.);
#3473 = LINE('',#3474,#3475);
#3474 = CARTESIAN_POINT('',(1.54,-0.8,-6.938893903907E-18));
#3475 = VECTOR('',#3476,1.);
#3476 = DIRECTION('',(0.,1.,0.));
#3477 = PLANE('',#3478);
#3478 = AXIS2_PLACEMENT_3D('',#3479,#3480,#3481);
#3479 = CARTESIAN_POINT('',(1.,-0.8,0.));
#3480 = DIRECTION('',(0.,0.,1.));
#3481 = DIRECTION('',(1.,0.,-0.));
#3482 = ADVANCED_FACE('',(#3483),#3502,.T.);
#3483 = FACE_BOUND('',#3484,.T.);
#3484 = EDGE_LOOP('',(#3485,#3486,#3487,#3496));
#3485 = ORIENTED_EDGE('',*,*,#2771,.T.);
#3486 = ORIENTED_EDGE('',*,*,#3472,.T.);
#3487 = ORIENTED_EDGE('',*,*,#3488,.F.);
#3488 = EDGE_CURVE('',#3489,#3459,#3491,.T.);
#3489 = VERTEX_POINT('',#3490);
#3490 = CARTESIAN_POINT('',(1.6,0.8,6.E-02));
#3491 = CIRCLE('',#3492,6.E-02);
#3492 = AXIS2_PLACEMENT_3D('',#3493,#3494,#3495);
#3493 = CARTESIAN_POINT('',(1.54,0.8,6.E-02));
#3494 = DIRECTION('',(0.,1.,0.));
#3495 = DIRECTION('',(0.,-0.,1.));
#3496 = ORIENTED_EDGE('',*,*,#3497,.F.);
#3497 = EDGE_CURVE('',#2764,#3489,#3498,.T.);
#3498 = LINE('',#3499,#3500);
#3499 = CARTESIAN_POINT('',(1.6,-0.8,6.E-02));
#3500 = VECTOR('',#3501,1.);
#3501 = DIRECTION('',(0.,1.,0.));
#3502 = CYLINDRICAL_SURFACE('',#3503,6.E-02);
#3503 = AXIS2_PLACEMENT_3D('',#3504,#3505,#3506);
#3504 = CARTESIAN_POINT('',(1.54,-0.8,6.E-02));
#3505 = DIRECTION('',(0.,1.,0.));
#3506 = DIRECTION('',(1.,0.,0.));
#3507 = ADVANCED_FACE('',(#3508),#3526,.T.);
#3508 = FACE_BOUND('',#3509,.T.);
#3509 = EDGE_LOOP('',(#3510,#3511,#3512,#3520));
#3510 = ORIENTED_EDGE('',*,*,#2763,.F.);
#3511 = ORIENTED_EDGE('',*,*,#3497,.T.);
#3512 = ORIENTED_EDGE('',*,*,#3513,.T.);
#3513 = EDGE_CURVE('',#3489,#3514,#3516,.T.);
#3514 = VERTEX_POINT('',#3515);
#3515 = CARTESIAN_POINT('',(1.6,0.8,0.44));
#3516 = LINE('',#3517,#3518);
#3517 = CARTESIAN_POINT('',(1.6,0.8,0.));
#3518 = VECTOR('',#3519,1.);
#3519 = DIRECTION('',(0.,0.,1.));
#3520 = ORIENTED_EDGE('',*,*,#3521,.F.);
#3521 = EDGE_CURVE('',#2755,#3514,#3522,.T.);
#3522 = LINE('',#3523,#3524);
#3523 = CARTESIAN_POINT('',(1.6,-0.8,0.44));
#3524 = VECTOR('',#3525,1.);
#3525 = DIRECTION('',(0.,1.,0.));
#3526 = PLANE('',#3527);
#3527 = AXIS2_PLACEMENT_3D('',#3528,#3529,#3530);
#3528 = CARTESIAN_POINT('',(1.6,-0.8,0.));
#3529 = DIRECTION('',(1.,0.,0.));
#3530 = DIRECTION('',(0.,0.,1.));
#3531 = ADVANCED_FACE('',(#3532),#3551,.T.);
#3532 = FACE_BOUND('',#3533,.T.);
#3533 = EDGE_LOOP('',(#3534,#3535,#3544,#3550));
#3534 = ORIENTED_EDGE('',*,*,#3521,.T.);
#3535 = ORIENTED_EDGE('',*,*,#3536,.T.);
#3536 = EDGE_CURVE('',#3514,#3537,#3539,.T.);
#3537 = VERTEX_POINT('',#3538);
#3538 = CARTESIAN_POINT('',(1.54,0.8,0.5));
#3539 = CIRCLE('',#3540,6.E-02);
#3540 = AXIS2_PLACEMENT_3D('',#3541,#3542,#3543);
#3541 = CARTESIAN_POINT('',(1.54,0.8,0.44));
#3542 = DIRECTION('',(0.,-1.,0.));
#3543 = DIRECTION('',(0.,0.,1.));
#3544 = ORIENTED_EDGE('',*,*,#3545,.F.);
#3545 = EDGE_CURVE('',#2747,#3537,#3546,.T.);
#3546 = LINE('',#3547,#3548);
#3547 = CARTESIAN_POINT('',(1.54,-0.8,0.5));
#3548 = VECTOR('',#3549,1.);
#3549 = DIRECTION('',(0.,1.,0.));
#3550 = ORIENTED_EDGE('',*,*,#2754,.F.);
#3551 = CYLINDRICAL_SURFACE('',#3552,6.E-02);
#3552 = AXIS2_PLACEMENT_3D('',#3553,#3554,#3555);
#3553 = CARTESIAN_POINT('',(1.54,-0.8,0.44));
#3554 = DIRECTION('',(0.,1.,0.));
#3555 = DIRECTION('',(1.,0.,0.));
#3556 = ADVANCED_FACE('',(#3557),#3598,.T.);
#3557 = FACE_BOUND('',#3558,.T.);
#3558 = EDGE_LOOP('',(#3559,#3567,#3575,#3581,#3582,#3590,#3596,#3597));
#3559 = ORIENTED_EDGE('',*,*,#3560,.F.);
#3560 = EDGE_CURVE('',#3561,#3537,#3563,.T.);
#3561 = VERTEX_POINT('',#3562);
#3562 = CARTESIAN_POINT('',(1.45,0.8,0.5));
#3563 = LINE('',#3564,#3565);
#3564 = CARTESIAN_POINT('',(1.,0.8,0.5));
#3565 = VECTOR('',#3566,1.);
#3566 = DIRECTION('',(1.,0.,0.));
#3567 = ORIENTED_EDGE('',*,*,#3568,.F.);
#3568 = EDGE_CURVE('',#3569,#3561,#3571,.T.);
#3569 = VERTEX_POINT('',#3570);
#3570 = CARTESIAN_POINT('',(1.45,0.6,0.5));
#3571 = LINE('',#3572,#3573);
#3572 = CARTESIAN_POINT('',(1.45,-0.1,0.5));
#3573 = VECTOR('',#3574,1.);
#3574 = DIRECTION('',(0.,1.,0.));
#3575 = ORIENTED_EDGE('',*,*,#3576,.F.);
#3576 = EDGE_CURVE('',#2852,#3569,#3577,.T.);
#3577 = LINE('',#3578,#3579);
#3578 = CARTESIAN_POINT('',(-0.225,0.6,0.5));
#3579 = VECTOR('',#3580,1.);
#3580 = DIRECTION('',(1.,0.,0.));
#3581 = ORIENTED_EDGE('',*,*,#2851,.F.);
#3582 = ORIENTED_EDGE('',*,*,#3583,.F.);
#3583 = EDGE_CURVE('',#3584,#2843,#3586,.T.);
#3584 = VERTEX_POINT('',#3585);
#3585 = CARTESIAN_POINT('',(1.45,-0.6,0.5));
#3586 = LINE('',#3587,#3588);
#3587 = CARTESIAN_POINT('',(1.225,-0.6,0.5));
#3588 = VECTOR('',#3589,1.);
#3589 = DIRECTION('',(-1.,0.,0.));
#3590 = ORIENTED_EDGE('',*,*,#3591,.F.);
#3591 = EDGE_CURVE('',#2739,#3584,#3592,.T.);
#3592 = LINE('',#3593,#3594);
#3593 = CARTESIAN_POINT('',(1.45,-0.9,0.5));
#3594 = VECTOR('',#3595,1.);
#3595 = DIRECTION('',(0.,1.,0.));
#3596 = ORIENTED_EDGE('',*,*,#2746,.T.);
#3597 = ORIENTED_EDGE('',*,*,#3545,.T.);
#3598 = PLANE('',#3599);
#3599 = AXIS2_PLACEMENT_3D('',#3600,#3601,#3602);
#3600 = CARTESIAN_POINT('',(1.,-0.8,0.5));
#3601 = DIRECTION('',(0.,0.,1.));
#3602 = DIRECTION('',(1.,0.,-0.));
#3603 = ADVANCED_FACE('',(#3604),#3615,.F.);
#3604 = FACE_BOUND('',#3605,.F.);
#3605 = EDGE_LOOP('',(#3606,#3612,#3613,#3614));
#3606 = ORIENTED_EDGE('',*,*,#3607,.F.);
#3607 = EDGE_CURVE('',#3584,#2787,#3608,.T.);
#3608 = LINE('',#3609,#3610);
#3609 = CARTESIAN_POINT('',(1.45,-0.6,0.75));
#3610 = VECTOR('',#3611,1.);
#3611 = DIRECTION('',(-0.,-0.,-1.));
#3612 = ORIENTED_EDGE('',*,*,#3591,.F.);
#3613 = ORIENTED_EDGE('',*,*,#2738,.T.);
#3614 = ORIENTED_EDGE('',*,*,#2796,.F.);
#3615 = PLANE('',#3616);
#3616 = AXIS2_PLACEMENT_3D('',#3617,#3618,#3619);
#3617 = CARTESIAN_POINT('',(1.45,-1.,0.75));
#3618 = DIRECTION('',(1.,0.,0.));
#3619 = DIRECTION('',(-0.,1.,0.));
#3620 = ADVANCED_FACE('',(#3621),#3627,.F.);
#3621 = FACE_BOUND('',#3622,.F.);
#3622 = EDGE_LOOP('',(#3623,#3624,#3625,#3626));
#3623 = ORIENTED_EDGE('',*,*,#3583,.F.);
#3624 = ORIENTED_EDGE('',*,*,#3607,.T.);
#3625 = ORIENTED_EDGE('',*,*,#2786,.F.);
#3626 = ORIENTED_EDGE('',*,*,#2842,.T.);
#3627 = PLANE('',#3628);
#3628 = AXIS2_PLACEMENT_3D('',#3629,#3630,#3631);
#3629 = CARTESIAN_POINT('',(1.45,-0.6,0.75));
#3630 = DIRECTION('',(0.,1.,0.));
#3631 = DIRECTION('',(-1.,0.,0.));
#3632 = ADVANCED_FACE('',(#3633),#3649,.F.);
#3633 = FACE_BOUND('',#3634,.F.);
#3634 = EDGE_LOOP('',(#3635,#3636,#3642,#3643));
#3635 = ORIENTED_EDGE('',*,*,#3568,.F.);
#3636 = ORIENTED_EDGE('',*,*,#3637,.T.);
#3637 = EDGE_CURVE('',#3569,#2820,#3638,.T.);
#3638 = LINE('',#3639,#3640);
#3639 = CARTESIAN_POINT('',(1.45,0.6,0.75));
#3640 = VECTOR('',#3641,1.);
#3641 = DIRECTION('',(-0.,-0.,-1.));
#3642 = ORIENTED_EDGE('',*,*,#2827,.F.);
#3643 = ORIENTED_EDGE('',*,*,#3644,.F.);
#3644 = EDGE_CURVE('',#3561,#2811,#3645,.T.);
#3645 = LINE('',#3646,#3647);
#3646 = CARTESIAN_POINT('',(1.45,0.8,0.375));
#3647 = VECTOR('',#3648,1.);
#3648 = DIRECTION('',(0.,0.,-1.));
#3649 = PLANE('',#3650);
#3650 = AXIS2_PLACEMENT_3D('',#3651,#3652,#3653);
#3651 = CARTESIAN_POINT('',(1.45,0.6,0.75));
#3652 = DIRECTION('',(1.,0.,0.));
#3653 = DIRECTION('',(-0.,1.,0.));
#3654 = ADVANCED_FACE('',(#3655),#3661,.F.);
#3655 = FACE_BOUND('',#3656,.F.);
#3656 = EDGE_LOOP('',(#3657,#3658,#3659,#3660));
#3657 = ORIENTED_EDGE('',*,*,#3637,.F.);
#3658 = ORIENTED_EDGE('',*,*,#3576,.F.);
#3659 = ORIENTED_EDGE('',*,*,#2859,.F.);
#3660 = ORIENTED_EDGE('',*,*,#2819,.F.);
#3661 = PLANE('',#3662);
#3662 = AXIS2_PLACEMENT_3D('',#3663,#3664,#3665);
#3663 = CARTESIAN_POINT('',(-1.45,0.6,0.75));
#3664 = DIRECTION('',(0.,-1.,0.));
#3665 = DIRECTION('',(1.,0.,0.));
#3666 = ADVANCED_FACE('',(#3667),#3679,.T.);
#3667 = FACE_BOUND('',#3668,.T.);
#3668 = EDGE_LOOP('',(#3669,#3670,#3671,#3672,#3673,#3674,#3675,#3676,
    #3677,#3678));
#3669 = ORIENTED_EDGE('',*,*,#3047,.F.);
#3670 = ORIENTED_EDGE('',*,*,#3118,.F.);
#3671 = ORIENTED_EDGE('',*,*,#3154,.T.);
#3672 = ORIENTED_EDGE('',*,*,#3178,.T.);
#3673 = ORIENTED_EDGE('',*,*,#3002,.T.);
#3674 = ORIENTED_EDGE('',*,*,#2963,.F.);
#3675 = ORIENTED_EDGE('',*,*,#2890,.F.);
#3676 = ORIENTED_EDGE('',*,*,#2882,.F.);
#3677 = ORIENTED_EDGE('',*,*,#2874,.T.);
#3678 = ORIENTED_EDGE('',*,*,#3249,.F.);
#3679 = PLANE('',#3680);
#3680 = AXIS2_PLACEMENT_3D('',#3681,#3682,#3683);
#3681 = CARTESIAN_POINT('',(-1.6,0.8,0.));
#3682 = DIRECTION('',(0.,1.,0.));
#3683 = DIRECTION('',(0.,-0.,1.));
#3684 = ADVANCED_FACE('',(#3685),#3697,.T.);
#3685 = FACE_BOUND('',#3686,.T.);
#3686 = EDGE_LOOP('',(#3687,#3688,#3689,#3690,#3691,#3692,#3693,#3694,
    #3695,#3696));
#3687 = ORIENTED_EDGE('',*,*,#3458,.F.);
#3688 = ORIENTED_EDGE('',*,*,#3281,.F.);
#3689 = ORIENTED_EDGE('',*,*,#2915,.T.);
#3690 = ORIENTED_EDGE('',*,*,#2907,.T.);
#3691 = ORIENTED_EDGE('',*,*,#2899,.F.);
#3692 = ORIENTED_EDGE('',*,*,#3644,.F.);
#3693 = ORIENTED_EDGE('',*,*,#3560,.T.);
#3694 = ORIENTED_EDGE('',*,*,#3536,.F.);
#3695 = ORIENTED_EDGE('',*,*,#3513,.F.);
#3696 = ORIENTED_EDGE('',*,*,#3488,.T.);
#3697 = PLANE('',#3698);
#3698 = AXIS2_PLACEMENT_3D('',#3699,#3700,#3701);
#3699 = CARTESIAN_POINT('',(1.,0.8,0.));
#3700 = DIRECTION('',(0.,1.,0.));
#3701 = DIRECTION('',(0.,-0.,1.));
#3702 = ADVANCED_FACE('',(#3703),#3708,.T.);
#3703 = FACE_BOUND('',#3704,.T.);
#3704 = EDGE_LOOP('',(#3705,#3706,#3707));
#3705 = ORIENTED_EDGE('',*,*,#3427,.T.);
#3706 = ORIENTED_EDGE('',*,*,#3403,.T.);
#3707 = ORIENTED_EDGE('',*,*,#3444,.T.);
#3708 = PLANE('',#3709);
#3709 = AXIS2_PLACEMENT_3D('',#3710,#3711,#3712);
#3710 = CARTESIAN_POINT('',(0.184752086141,0.,3.E-02));
#3711 = DIRECTION('',(-0.,-0.,-1.));
#3712 = DIRECTION('',(-1.,0.,0.));
#3713 = ( GEOMETRIC_REPRESENTATION_CONTEXT(3) 
GLOBAL_UNCERTAINTY_ASSIGNED_CONTEXT((#3717)) 
GLOBAL_UNIT_ASSIGNED_CONTEXT((#3714,#3715,#3716)) REPRESENTATION_CONTEXT
('Context #1','3D Context with UNIT and UNCERTAINTY') );
#3714 = ( LENGTH_UNIT() NAMED_UNIT(*) SI_UNIT(.MILLI.,.METRE.) );
#3715 = ( NAMED_UNIT(*) PLANE_ANGLE_UNIT() SI_UNIT($,.RADIAN.) );
#3716 = ( NAMED_UNIT(*) SI_UNIT($,.STERADIAN.) SOLID_ANGLE_UNIT() );
#3717 = UNCERTAINTY_MEASURE_WITH_UNIT(LENGTH_MEASURE(1.E-07),#3714,
  'distance_accuracy_value','confusion accuracy');
#3718 = CONTEXT_DEPENDENT_SHAPE_REPRESENTATION(#3719,#3721);
#3719 = ( REPRESENTATION_RELATIONSHIP('','',#2189,#10) 
REPRESENTATION_RELATIONSHIP_WITH_TRANSFORMATION(#3720) 
SHAPE_REPRESENTATION_RELATIONSHIP() );
#3720 = ITEM_DEFINED_TRANSFORMATION('','',#11,#19);
#3721 = PRODUCT_DEFINITION_SHAPE('Placement','Placement of an item',
  #3722);
#3722 = NEXT_ASSEMBLY_USAGE_OCCURRENCE('2','D4','',#5,#2184,$);
#3723 = PRODUCT_RELATED_PRODUCT_CATEGORY('part',$,(#2186));
#3724 = SHAPE_DEFINITION_REPRESENTATION(#3725,#3731);
#3725 = PRODUCT_DEFINITION_SHAPE('','',#3726);
#3726 = PRODUCT_DEFINITION('design','',#3727,#3730);
#3727 = PRODUCT_DEFINITION_FORMATION('','',#3728);
#3728 = PRODUCT('R_1206_3216Metric','R_1206_3216Metric','',(#3729));
#3729 = PRODUCT_CONTEXT('',#2,'mechanical');
#3730 = PRODUCT_DEFINITION_CONTEXT('part definition',#2,'design');
#3731 = ADVANCED_BREP_SHAPE_REPRESENTATION('',(#11,#3732),#4522);
#3732 = MANIFOLD_SOLID_BREP('',#3733);
#3733 = CLOSED_SHELL('',(#3734,#3774,#3857,#3882,#3907,#3974,#3991,#4008
    ,#4057,#4074,#4091,#4140,#4157,#4226,#4257,#4281,#4350,#4374,#4391,
    #4408,#4425,#4442,#4459,#4476,#4493,#4510));
#3734 = ADVANCED_FACE('',(#3735),#3769,.F.);
#3735 = FACE_BOUND('',#3736,.F.);
#3736 = EDGE_LOOP('',(#3737,#3747,#3755,#3763));
#3737 = ORIENTED_EDGE('',*,*,#3738,.F.);
#3738 = EDGE_CURVE('',#3739,#3741,#3743,.T.);
#3739 = VERTEX_POINT('',#3740);
#3740 = CARTESIAN_POINT('',(-1.6,-0.8,5.5E-02));
#3741 = VERTEX_POINT('',#3742);
#3742 = CARTESIAN_POINT('',(-1.6,-0.8,0.495));
#3743 = LINE('',#3744,#3745);
#3744 = CARTESIAN_POINT('',(-1.6,-0.8,0.));
#3745 = VECTOR('',#3746,1.);
#3746 = DIRECTION('',(0.,0.,1.));
#3747 = ORIENTED_EDGE('',*,*,#3748,.T.);
#3748 = EDGE_CURVE('',#3739,#3749,#3751,.T.);
#3749 = VERTEX_POINT('',#3750);
#3750 = CARTESIAN_POINT('',(-1.6,0.8,5.5E-02));
#3751 = LINE('',#3752,#3753);
#3752 = CARTESIAN_POINT('',(-1.6,-0.8,5.5E-02));
#3753 = VECTOR('',#3754,1.);
#3754 = DIRECTION('',(0.,1.,0.));
#3755 = ORIENTED_EDGE('',*,*,#3756,.T.);
#3756 = EDGE_CURVE('',#3749,#3757,#3759,.T.);
#3757 = VERTEX_POINT('',#3758);
#3758 = CARTESIAN_POINT('',(-1.6,0.8,0.495));
#3759 = LINE('',#3760,#3761);
#3760 = CARTESIAN_POINT('',(-1.6,0.8,0.));
#3761 = VECTOR('',#3762,1.);
#3762 = DIRECTION('',(0.,0.,1.));
#3763 = ORIENTED_EDGE('',*,*,#3764,.F.);
#3764 = EDGE_CURVE('',#3741,#3757,#3765,.T.);
#3765 = LINE('',#3766,#3767);
#3766 = CARTESIAN_POINT('',(-1.6,-0.8,0.495));
#3767 = VECTOR('',#3768,1.);
#3768 = DIRECTION('',(0.,1.,0.));
#3769 = PLANE('',#3770);
#3770 = AXIS2_PLACEMENT_3D('',#3771,#3772,#3773);
#3771 = CARTESIAN_POINT('',(-1.6,-0.8,0.));
#3772 = DIRECTION('',(1.,0.,0.));
#3773 = DIRECTION('',(0.,0.,1.));
#3774 = ADVANCED_FACE('',(#3775),#3852,.F.);
#3775 = FACE_BOUND('',#3776,.F.);
#3776 = EDGE_LOOP('',(#3777,#3787,#3794,#3795,#3804,#3812,#3821,#3829,
    #3837,#3845));
#3777 = ORIENTED_EDGE('',*,*,#3778,.F.);
#3778 = EDGE_CURVE('',#3779,#3781,#3783,.T.);
#3779 = VERTEX_POINT('',#3780);
#3780 = CARTESIAN_POINT('',(-1.545,-0.8,0.));
#3781 = VERTEX_POINT('',#3782);
#3782 = CARTESIAN_POINT('',(-1.255,-0.8,0.));
#3783 = LINE('',#3784,#3785);
#3784 = CARTESIAN_POINT('',(-1.6,-0.8,0.));
#3785 = VECTOR('',#3786,1.);
#3786 = DIRECTION('',(1.,0.,0.));
#3787 = ORIENTED_EDGE('',*,*,#3788,.F.);
#3788 = EDGE_CURVE('',#3739,#3779,#3789,.T.);
#3789 = CIRCLE('',#3790,5.5E-02);
#3790 = AXIS2_PLACEMENT_3D('',#3791,#3792,#3793);
#3791 = CARTESIAN_POINT('',(-1.545,-0.8,5.5E-02));
#3792 = DIRECTION('',(0.,-1.,0.));
#3793 = DIRECTION('',(0.,0.,1.));
#3794 = ORIENTED_EDGE('',*,*,#3738,.T.);
#3795 = ORIENTED_EDGE('',*,*,#3796,.T.);
#3796 = EDGE_CURVE('',#3741,#3797,#3799,.T.);
#3797 = VERTEX_POINT('',#3798);
#3798 = CARTESIAN_POINT('',(-1.545,-0.8,0.55));
#3799 = CIRCLE('',#3800,5.5E-02);
#3800 = AXIS2_PLACEMENT_3D('',#3801,#3802,#3803);
#3801 = CARTESIAN_POINT('',(-1.545,-0.8,0.495));
#3802 = DIRECTION('',(0.,1.,0.));
#3803 = DIRECTION('',(0.,-0.,1.));
#3804 = ORIENTED_EDGE('',*,*,#3805,.T.);
#3805 = EDGE_CURVE('',#3797,#3806,#3808,.T.);
#3806 = VERTEX_POINT('',#3807);
#3807 = CARTESIAN_POINT('',(-1.255,-0.8,0.55));
#3808 = LINE('',#3809,#3810);
#3809 = CARTESIAN_POINT('',(-1.6,-0.8,0.55));
#3810 = VECTOR('',#3811,1.);
#3811 = DIRECTION('',(1.,0.,0.));
#3812 = ORIENTED_EDGE('',*,*,#3813,.F.);
#3813 = EDGE_CURVE('',#3814,#3806,#3816,.T.);
#3814 = VERTEX_POINT('',#3815);
#3815 = CARTESIAN_POINT('',(-1.2,-0.8,0.495));
#3816 = CIRCLE('',#3817,5.5E-02);
#3817 = AXIS2_PLACEMENT_3D('',#3818,#3819,#3820);
#3818 = CARTESIAN_POINT('',(-1.255,-0.8,0.495));
#3819 = DIRECTION('',(0.,-1.,0.));
#3820 = DIRECTION('',(0.,0.,1.));
#3821 = ORIENTED_EDGE('',*,*,#3822,.F.);
#3822 = EDGE_CURVE('',#3823,#3814,#3825,.T.);
#3823 = VERTEX_POINT('',#3824);
#3824 = CARTESIAN_POINT('',(-1.545,-0.8,0.495));
#3825 = LINE('',#3826,#3827);
#3826 = CARTESIAN_POINT('',(-1.545,-0.8,0.495));
#3827 = VECTOR('',#3828,1.);
#3828 = DIRECTION('',(1.,0.,0.));
#3829 = ORIENTED_EDGE('',*,*,#3830,.F.);
#3830 = EDGE_CURVE('',#3831,#3823,#3833,.T.);
#3831 = VERTEX_POINT('',#3832);
#3832 = CARTESIAN_POINT('',(-1.545,-0.8,5.5E-02));
#3833 = LINE('',#3834,#3835);
#3834 = CARTESIAN_POINT('',(-1.545,-0.8,5.5E-02));
#3835 = VECTOR('',#3836,1.);
#3836 = DIRECTION('',(0.,0.,1.));
#3837 = ORIENTED_EDGE('',*,*,#3838,.T.);
#3838 = EDGE_CURVE('',#3831,#3839,#3841,.T.);
#3839 = VERTEX_POINT('',#3840);
#3840 = CARTESIAN_POINT('',(-1.2,-0.8,5.5E-02));
#3841 = LINE('',#3842,#3843);
#3842 = CARTESIAN_POINT('',(-1.545,-0.8,5.5E-02));
#3843 = VECTOR('',#3844,1.);
#3844 = DIRECTION('',(1.,0.,0.));
#3845 = ORIENTED_EDGE('',*,*,#3846,.T.);
#3846 = EDGE_CURVE('',#3839,#3781,#3847,.T.);
#3847 = CIRCLE('',#3848,5.5E-02);
#3848 = AXIS2_PLACEMENT_3D('',#3849,#3850,#3851);
#3849 = CARTESIAN_POINT('',(-1.255,-0.8,5.5E-02));
#3850 = DIRECTION('',(0.,1.,0.));
#3851 = DIRECTION('',(0.,-0.,1.));
#3852 = PLANE('',#3853);
#3853 = AXIS2_PLACEMENT_3D('',#3854,#3855,#3856);
#3854 = CARTESIAN_POINT('',(-1.6,-0.8,0.));
#3855 = DIRECTION('',(0.,1.,0.));
#3856 = DIRECTION('',(0.,-0.,1.));
#3857 = ADVANCED_FACE('',(#3858),#3877,.T.);
#3858 = FACE_BOUND('',#3859,.T.);
#3859 = EDGE_LOOP('',(#3860,#3861,#3870,#3876));
#3860 = ORIENTED_EDGE('',*,*,#3748,.T.);
#3861 = ORIENTED_EDGE('',*,*,#3862,.T.);
#3862 = EDGE_CURVE('',#3749,#3863,#3865,.T.);
#3863 = VERTEX_POINT('',#3864);
#3864 = CARTESIAN_POINT('',(-1.545,0.8,0.));
#3865 = CIRCLE('',#3866,5.5E-02);
#3866 = AXIS2_PLACEMENT_3D('',#3867,#3868,#3869);
#3867 = CARTESIAN_POINT('',(-1.545,0.8,5.5E-02));
#3868 = DIRECTION('',(0.,-1.,0.));
#3869 = DIRECTION('',(0.,0.,1.));
#3870 = ORIENTED_EDGE('',*,*,#3871,.F.);
#3871 = EDGE_CURVE('',#3779,#3863,#3872,.T.);
#3872 = LINE('',#3873,#3874);
#3873 = CARTESIAN_POINT('',(-1.545,-0.8,0.));
#3874 = VECTOR('',#3875,1.);
#3875 = DIRECTION('',(0.,1.,0.));
#3876 = ORIENTED_EDGE('',*,*,#3788,.F.);
#3877 = CYLINDRICAL_SURFACE('',#3878,5.5E-02);
#3878 = AXIS2_PLACEMENT_3D('',#3879,#3880,#3881);
#3879 = CARTESIAN_POINT('',(-1.545,-0.8,5.5E-02));
#3880 = DIRECTION('',(0.,1.,0.));
#3881 = DIRECTION('',(-1.,0.,0.));
#3882 = ADVANCED_FACE('',(#3883),#3902,.T.);
#3883 = FACE_BOUND('',#3884,.T.);
#3884 = EDGE_LOOP('',(#3885,#3886,#3894,#3901));
#3885 = ORIENTED_EDGE('',*,*,#3796,.T.);
#3886 = ORIENTED_EDGE('',*,*,#3887,.T.);
#3887 = EDGE_CURVE('',#3797,#3888,#3890,.T.);
#3888 = VERTEX_POINT('',#3889);
#3889 = CARTESIAN_POINT('',(-1.545,0.8,0.55));
#3890 = LINE('',#3891,#3892);
#3891 = CARTESIAN_POINT('',(-1.545,-0.8,0.55));
#3892 = VECTOR('',#3893,1.);
#3893 = DIRECTION('',(0.,1.,0.));
#3894 = ORIENTED_EDGE('',*,*,#3895,.F.);
#3895 = EDGE_CURVE('',#3757,#3888,#3896,.T.);
#3896 = CIRCLE('',#3897,5.5E-02);
#3897 = AXIS2_PLACEMENT_3D('',#3898,#3899,#3900);
#3898 = CARTESIAN_POINT('',(-1.545,0.8,0.495));
#3899 = DIRECTION('',(0.,1.,0.));
#3900 = DIRECTION('',(0.,-0.,1.));
#3901 = ORIENTED_EDGE('',*,*,#3764,.F.);
#3902 = CYLINDRICAL_SURFACE('',#3903,5.5E-02);
#3903 = AXIS2_PLACEMENT_3D('',#3904,#3905,#3906);
#3904 = CARTESIAN_POINT('',(-1.545,-0.8,0.495));
#3905 = DIRECTION('',(0.,1.,0.));
#3906 = DIRECTION('',(-1.,0.,0.));
#3907 = ADVANCED_FACE('',(#3908),#3969,.T.);
#3908 = FACE_BOUND('',#3909,.T.);
#3909 = EDGE_LOOP('',(#3910,#3918,#3919,#3920,#3921,#3929,#3938,#3946,
    #3954,#3962));
#3910 = ORIENTED_EDGE('',*,*,#3911,.F.);
#3911 = EDGE_CURVE('',#3863,#3912,#3914,.T.);
#3912 = VERTEX_POINT('',#3913);
#3913 = CARTESIAN_POINT('',(-1.255,0.8,0.));
#3914 = LINE('',#3915,#3916);
#3915 = CARTESIAN_POINT('',(-1.6,0.8,0.));
#3916 = VECTOR('',#3917,1.);
#3917 = DIRECTION('',(1.,0.,0.));
#3918 = ORIENTED_EDGE('',*,*,#3862,.F.);
#3919 = ORIENTED_EDGE('',*,*,#3756,.T.);
#3920 = ORIENTED_EDGE('',*,*,#3895,.T.);
#3921 = ORIENTED_EDGE('',*,*,#3922,.T.);
#3922 = EDGE_CURVE('',#3888,#3923,#3925,.T.);
#3923 = VERTEX_POINT('',#3924);
#3924 = CARTESIAN_POINT('',(-1.255,0.8,0.55));
#3925 = LINE('',#3926,#3927);
#3926 = CARTESIAN_POINT('',(-1.6,0.8,0.55));
#3927 = VECTOR('',#3928,1.);
#3928 = DIRECTION('',(1.,0.,0.));
#3929 = ORIENTED_EDGE('',*,*,#3930,.F.);
#3930 = EDGE_CURVE('',#3931,#3923,#3933,.T.);
#3931 = VERTEX_POINT('',#3932);
#3932 = CARTESIAN_POINT('',(-1.2,0.8,0.495));
#3933 = CIRCLE('',#3934,5.5E-02);
#3934 = AXIS2_PLACEMENT_3D('',#3935,#3936,#3937);
#3935 = CARTESIAN_POINT('',(-1.255,0.8,0.495));
#3936 = DIRECTION('',(0.,-1.,0.));
#3937 = DIRECTION('',(0.,0.,1.));
#3938 = ORIENTED_EDGE('',*,*,#3939,.F.);
#3939 = EDGE_CURVE('',#3940,#3931,#3942,.T.);
#3940 = VERTEX_POINT('',#3941);
#3941 = CARTESIAN_POINT('',(-1.545,0.8,0.495));
#3942 = LINE('',#3943,#3944);
#3943 = CARTESIAN_POINT('',(-1.545,0.8,0.495));
#3944 = VECTOR('',#3945,1.);
#3945 = DIRECTION('',(1.,0.,0.));
#3946 = ORIENTED_EDGE('',*,*,#3947,.F.);
#3947 = EDGE_CURVE('',#3948,#3940,#3950,.T.);
#3948 = VERTEX_POINT('',#3949);
#3949 = CARTESIAN_POINT('',(-1.545,0.8,5.5E-02));
#3950 = LINE('',#3951,#3952);
#3951 = CARTESIAN_POINT('',(-1.545,0.8,5.5E-02));
#3952 = VECTOR('',#3953,1.);
#3953 = DIRECTION('',(0.,0.,1.));
#3954 = ORIENTED_EDGE('',*,*,#3955,.T.);
#3955 = EDGE_CURVE('',#3948,#3956,#3958,.T.);
#3956 = VERTEX_POINT('',#3957);
#3957 = CARTESIAN_POINT('',(-1.2,0.8,5.5E-02));
#3958 = LINE('',#3959,#3960);
#3959 = CARTESIAN_POINT('',(-1.545,0.8,5.5E-02));
#3960 = VECTOR('',#3961,1.);
#3961 = DIRECTION('',(1.,0.,0.));
#3962 = ORIENTED_EDGE('',*,*,#3963,.T.);
#3963 = EDGE_CURVE('',#3956,#3912,#3964,.T.);
#3964 = CIRCLE('',#3965,5.5E-02);
#3965 = AXIS2_PLACEMENT_3D('',#3966,#3967,#3968);
#3966 = CARTESIAN_POINT('',(-1.255,0.8,5.5E-02));
#3967 = DIRECTION('',(0.,1.,0.));
#3968 = DIRECTION('',(0.,-0.,1.));
#3969 = PLANE('',#3970);
#3970 = AXIS2_PLACEMENT_3D('',#3971,#3972,#3973);
#3971 = CARTESIAN_POINT('',(-1.6,0.8,0.));
#3972 = DIRECTION('',(0.,1.,0.));
#3973 = DIRECTION('',(0.,-0.,1.));
#3974 = ADVANCED_FACE('',(#3975),#3986,.F.);
#3975 = FACE_BOUND('',#3976,.F.);
#3976 = EDGE_LOOP('',(#3977,#3978,#3979,#3980));
#3977 = ORIENTED_EDGE('',*,*,#3911,.F.);
#3978 = ORIENTED_EDGE('',*,*,#3871,.F.);
#3979 = ORIENTED_EDGE('',*,*,#3778,.T.);
#3980 = ORIENTED_EDGE('',*,*,#3981,.T.);
#3981 = EDGE_CURVE('',#3781,#3912,#3982,.T.);
#3982 = LINE('',#3983,#3984);
#3983 = CARTESIAN_POINT('',(-1.255,-0.8,0.));
#3984 = VECTOR('',#3985,1.);
#3985 = DIRECTION('',(0.,1.,0.));
#3986 = PLANE('',#3987);
#3987 = AXIS2_PLACEMENT_3D('',#3988,#3989,#3990);
#3988 = CARTESIAN_POINT('',(-1.6,-0.8,0.));
#3989 = DIRECTION('',(0.,0.,1.));
#3990 = DIRECTION('',(1.,0.,-0.));
#3991 = ADVANCED_FACE('',(#3992),#4003,.T.);
#3992 = FACE_BOUND('',#3993,.T.);
#3993 = EDGE_LOOP('',(#3994,#3995,#3996,#3997));
#3994 = ORIENTED_EDGE('',*,*,#3846,.T.);
#3995 = ORIENTED_EDGE('',*,*,#3981,.T.);
#3996 = ORIENTED_EDGE('',*,*,#3963,.F.);
#3997 = ORIENTED_EDGE('',*,*,#3998,.F.);
#3998 = EDGE_CURVE('',#3839,#3956,#3999,.T.);
#3999 = LINE('',#4000,#4001);
#4000 = CARTESIAN_POINT('',(-1.2,-0.8,5.5E-02));
#4001 = VECTOR('',#4002,1.);
#4002 = DIRECTION('',(0.,1.,0.));
#4003 = CYLINDRICAL_SURFACE('',#4004,5.5E-02);
#4004 = AXIS2_PLACEMENT_3D('',#4005,#4006,#4007);
#4005 = CARTESIAN_POINT('',(-1.255,-0.8,5.5E-02));
#4006 = DIRECTION('',(0.,1.,0.));
#4007 = DIRECTION('',(1.,0.,0.));
#4008 = ADVANCED_FACE('',(#4009),#4052,.F.);
#4009 = FACE_BOUND('',#4010,.F.);
#4010 = EDGE_LOOP('',(#4011,#4012,#4013,#4014,#4022,#4030,#4038,#4046));
#4011 = ORIENTED_EDGE('',*,*,#3838,.F.);
#4012 = ORIENTED_EDGE('',*,*,#3830,.T.);
#4013 = ORIENTED_EDGE('',*,*,#3822,.T.);
#4014 = ORIENTED_EDGE('',*,*,#4015,.T.);
#4015 = EDGE_CURVE('',#3814,#4016,#4018,.T.);
#4016 = VERTEX_POINT('',#4017);
#4017 = CARTESIAN_POINT('',(1.2,-0.8,0.495));
#4018 = LINE('',#4019,#4020);
#4019 = CARTESIAN_POINT('',(-1.2,-0.8,0.495));
#4020 = VECTOR('',#4021,1.);
#4021 = DIRECTION('',(1.,0.,0.));
#4022 = ORIENTED_EDGE('',*,*,#4023,.T.);
#4023 = EDGE_CURVE('',#4016,#4024,#4026,.T.);
#4024 = VERTEX_POINT('',#4025);
#4025 = CARTESIAN_POINT('',(1.545,-0.8,0.495));
#4026 = LINE('',#4027,#4028);
#4027 = CARTESIAN_POINT('',(-1.545,-0.8,0.495));
#4028 = VECTOR('',#4029,1.);
#4029 = DIRECTION('',(1.,0.,0.));
#4030 = ORIENTED_EDGE('',*,*,#4031,.F.);
#4031 = EDGE_CURVE('',#4032,#4024,#4034,.T.);
#4032 = VERTEX_POINT('',#4033);
#4033 = CARTESIAN_POINT('',(1.545,-0.8,5.5E-02));
#4034 = LINE('',#4035,#4036);
#4035 = CARTESIAN_POINT('',(1.545,-0.8,5.5E-02));
#4036 = VECTOR('',#4037,1.);
#4037 = DIRECTION('',(0.,0.,1.));
#4038 = ORIENTED_EDGE('',*,*,#4039,.F.);
#4039 = EDGE_CURVE('',#4040,#4032,#4042,.T.);
#4040 = VERTEX_POINT('',#4041);
#4041 = CARTESIAN_POINT('',(1.2,-0.8,5.5E-02));
#4042 = LINE('',#4043,#4044);
#4043 = CARTESIAN_POINT('',(-1.545,-0.8,5.5E-02));
#4044 = VECTOR('',#4045,1.);
#4045 = DIRECTION('',(1.,0.,0.));
#4046 = ORIENTED_EDGE('',*,*,#4047,.F.);
#4047 = EDGE_CURVE('',#3839,#4040,#4048,.T.);
#4048 = LINE('',#4049,#4050);
#4049 = CARTESIAN_POINT('',(-1.545,-0.8,5.5E-02));
#4050 = VECTOR('',#4051,1.);
#4051 = DIRECTION('',(1.,0.,0.));
#4052 = PLANE('',#4053);
#4053 = AXIS2_PLACEMENT_3D('',#4054,#4055,#4056);
#4054 = CARTESIAN_POINT('',(-1.545,-0.8,5.5E-02));
#4055 = DIRECTION('',(0.,1.,0.));
#4056 = DIRECTION('',(0.,-0.,1.));
#4057 = ADVANCED_FACE('',(#4058),#4069,.T.);
#4058 = FACE_BOUND('',#4059,.T.);
#4059 = EDGE_LOOP('',(#4060,#4061,#4062,#4063));
#4060 = ORIENTED_EDGE('',*,*,#3922,.F.);
#4061 = ORIENTED_EDGE('',*,*,#3887,.F.);
#4062 = ORIENTED_EDGE('',*,*,#3805,.T.);
#4063 = ORIENTED_EDGE('',*,*,#4064,.T.);
#4064 = EDGE_CURVE('',#3806,#3923,#4065,.T.);
#4065 = LINE('',#4066,#4067);
#4066 = CARTESIAN_POINT('',(-1.255,-0.8,0.55));
#4067 = VECTOR('',#4068,1.);
#4068 = DIRECTION('',(0.,1.,0.));
#4069 = PLANE('',#4070);
#4070 = AXIS2_PLACEMENT_3D('',#4071,#4072,#4073);
#4071 = CARTESIAN_POINT('',(-1.6,-0.8,0.55));
#4072 = DIRECTION('',(0.,0.,1.));
#4073 = DIRECTION('',(1.,0.,-0.));
#4074 = ADVANCED_FACE('',(#4075),#4086,.T.);
#4075 = FACE_BOUND('',#4076,.T.);
#4076 = EDGE_LOOP('',(#4077,#4083,#4084,#4085));
#4077 = ORIENTED_EDGE('',*,*,#4078,.T.);
#4078 = EDGE_CURVE('',#3814,#3931,#4079,.T.);
#4079 = LINE('',#4080,#4081);
#4080 = CARTESIAN_POINT('',(-1.2,-0.8,0.495));
#4081 = VECTOR('',#4082,1.);
#4082 = DIRECTION('',(0.,1.,0.));
#4083 = ORIENTED_EDGE('',*,*,#3930,.T.);
#4084 = ORIENTED_EDGE('',*,*,#4064,.F.);
#4085 = ORIENTED_EDGE('',*,*,#3813,.F.);
#4086 = CYLINDRICAL_SURFACE('',#4087,5.5E-02);
#4087 = AXIS2_PLACEMENT_3D('',#4088,#4089,#4090);
#4088 = CARTESIAN_POINT('',(-1.255,-0.8,0.495));
#4089 = DIRECTION('',(0.,1.,0.));
#4090 = DIRECTION('',(1.,0.,0.));
#4091 = ADVANCED_FACE('',(#4092),#4135,.T.);
#4092 = FACE_BOUND('',#4093,.T.);
#4093 = EDGE_LOOP('',(#4094,#4095,#4096,#4097,#4105,#4113,#4121,#4129));
#4094 = ORIENTED_EDGE('',*,*,#3955,.F.);
#4095 = ORIENTED_EDGE('',*,*,#3947,.T.);
#4096 = ORIENTED_EDGE('',*,*,#3939,.T.);
#4097 = ORIENTED_EDGE('',*,*,#4098,.T.);
#4098 = EDGE_CURVE('',#3931,#4099,#4101,.T.);
#4099 = VERTEX_POINT('',#4100);
#4100 = CARTESIAN_POINT('',(1.2,0.8,0.495));
#4101 = LINE('',#4102,#4103);
#4102 = CARTESIAN_POINT('',(-1.2,0.8,0.495));
#4103 = VECTOR('',#4104,1.);
#4104 = DIRECTION('',(1.,0.,0.));
#4105 = ORIENTED_EDGE('',*,*,#4106,.T.);
#4106 = EDGE_CURVE('',#4099,#4107,#4109,.T.);
#4107 = VERTEX_POINT('',#4108);
#4108 = CARTESIAN_POINT('',(1.545,0.8,0.495));
#4109 = LINE('',#4110,#4111);
#4110 = CARTESIAN_POINT('',(-1.545,0.8,0.495));
#4111 = VECTOR('',#4112,1.);
#4112 = DIRECTION('',(1.,0.,0.));
#4113 = ORIENTED_EDGE('',*,*,#4114,.F.);
#4114 = EDGE_CURVE('',#4115,#4107,#4117,.T.);
#4115 = VERTEX_POINT('',#4116);
#4116 = CARTESIAN_POINT('',(1.545,0.8,5.5E-02));
#4117 = LINE('',#4118,#4119);
#4118 = CARTESIAN_POINT('',(1.545,0.8,5.5E-02));
#4119 = VECTOR('',#4120,1.);
#4120 = DIRECTION('',(0.,0.,1.));
#4121 = ORIENTED_EDGE('',*,*,#4122,.F.);
#4122 = EDGE_CURVE('',#4123,#4115,#4125,.T.);
#4123 = VERTEX_POINT('',#4124);
#4124 = CARTESIAN_POINT('',(1.2,0.8,5.5E-02));
#4125 = LINE('',#4126,#4127);
#4126 = CARTESIAN_POINT('',(-1.545,0.8,5.5E-02));
#4127 = VECTOR('',#4128,1.);
#4128 = DIRECTION('',(1.,0.,0.));
#4129 = ORIENTED_EDGE('',*,*,#4130,.F.);
#4130 = EDGE_CURVE('',#3956,#4123,#4131,.T.);
#4131 = LINE('',#4132,#4133);
#4132 = CARTESIAN_POINT('',(-1.545,0.8,5.5E-02));
#4133 = VECTOR('',#4134,1.);
#4134 = DIRECTION('',(1.,0.,0.));
#4135 = PLANE('',#4136);
#4136 = AXIS2_PLACEMENT_3D('',#4137,#4138,#4139);
#4137 = CARTESIAN_POINT('',(-1.545,0.8,5.5E-02));
#4138 = DIRECTION('',(0.,1.,0.));
#4139 = DIRECTION('',(0.,-0.,1.));
#4140 = ADVANCED_FACE('',(#4141),#4152,.F.);
#4141 = FACE_BOUND('',#4142,.F.);
#4142 = EDGE_LOOP('',(#4143,#4144,#4145,#4151));
#4143 = ORIENTED_EDGE('',*,*,#3998,.F.);
#4144 = ORIENTED_EDGE('',*,*,#4047,.T.);
#4145 = ORIENTED_EDGE('',*,*,#4146,.T.);
#4146 = EDGE_CURVE('',#4040,#4123,#4147,.T.);
#4147 = LINE('',#4148,#4149);
#4148 = CARTESIAN_POINT('',(1.2,-0.8,5.5E-02));
#4149 = VECTOR('',#4150,1.);
#4150 = DIRECTION('',(0.,1.,0.));
#4151 = ORIENTED_EDGE('',*,*,#4130,.F.);
#4152 = PLANE('',#4153);
#4153 = AXIS2_PLACEMENT_3D('',#4154,#4155,#4156);
#4154 = CARTESIAN_POINT('',(-1.545,-0.8,5.5E-02));
#4155 = DIRECTION('',(0.,0.,1.));
#4156 = DIRECTION('',(1.,0.,-0.));
#4157 = ADVANCED_FACE('',(#4158),#4221,.F.);
#4158 = FACE_BOUND('',#4159,.F.);
#4159 = EDGE_LOOP('',(#4160,#4170,#4177,#4178,#4179,#4180,#4189,#4197,
    #4206,#4214));
#4160 = ORIENTED_EDGE('',*,*,#4161,.F.);
#4161 = EDGE_CURVE('',#4162,#4164,#4166,.T.);
#4162 = VERTEX_POINT('',#4163);
#4163 = CARTESIAN_POINT('',(1.255,-0.8,0.));
#4164 = VERTEX_POINT('',#4165);
#4165 = CARTESIAN_POINT('',(1.545,-0.8,0.));
#4166 = LINE('',#4167,#4168);
#4167 = CARTESIAN_POINT('',(1.2,-0.8,0.));
#4168 = VECTOR('',#4169,1.);
#4169 = DIRECTION('',(1.,0.,0.));
#4170 = ORIENTED_EDGE('',*,*,#4171,.F.);
#4171 = EDGE_CURVE('',#4040,#4162,#4172,.T.);
#4172 = CIRCLE('',#4173,5.5E-02);
#4173 = AXIS2_PLACEMENT_3D('',#4174,#4175,#4176);
#4174 = CARTESIAN_POINT('',(1.255,-0.8,5.5E-02));
#4175 = DIRECTION('',(0.,-1.,0.));
#4176 = DIRECTION('',(0.,0.,1.));
#4177 = ORIENTED_EDGE('',*,*,#4039,.T.);
#4178 = ORIENTED_EDGE('',*,*,#4031,.T.);
#4179 = ORIENTED_EDGE('',*,*,#4023,.F.);
#4180 = ORIENTED_EDGE('',*,*,#4181,.T.);
#4181 = EDGE_CURVE('',#4016,#4182,#4184,.T.);
#4182 = VERTEX_POINT('',#4183);
#4183 = CARTESIAN_POINT('',(1.255,-0.8,0.55));
#4184 = CIRCLE('',#4185,5.5E-02);
#4185 = AXIS2_PLACEMENT_3D('',#4186,#4187,#4188);
#4186 = CARTESIAN_POINT('',(1.255,-0.8,0.495));
#4187 = DIRECTION('',(0.,1.,0.));
#4188 = DIRECTION('',(0.,-0.,1.));
#4189 = ORIENTED_EDGE('',*,*,#4190,.T.);
#4190 = EDGE_CURVE('',#4182,#4191,#4193,.T.);
#4191 = VERTEX_POINT('',#4192);
#4192 = CARTESIAN_POINT('',(1.545,-0.8,0.55));
#4193 = LINE('',#4194,#4195);
#4194 = CARTESIAN_POINT('',(1.2,-0.8,0.55));
#4195 = VECTOR('',#4196,1.);
#4196 = DIRECTION('',(1.,0.,0.));
#4197 = ORIENTED_EDGE('',*,*,#4198,.F.);
#4198 = EDGE_CURVE('',#4199,#4191,#4201,.T.);
#4199 = VERTEX_POINT('',#4200);
#4200 = CARTESIAN_POINT('',(1.6,-0.8,0.495));
#4201 = CIRCLE('',#4202,5.5E-02);
#4202 = AXIS2_PLACEMENT_3D('',#4203,#4204,#4205);
#4203 = CARTESIAN_POINT('',(1.545,-0.8,0.495));
#4204 = DIRECTION('',(0.,-1.,0.));
#4205 = DIRECTION('',(0.,0.,1.));
#4206 = ORIENTED_EDGE('',*,*,#4207,.F.);
#4207 = EDGE_CURVE('',#4208,#4199,#4210,.T.);
#4208 = VERTEX_POINT('',#4209);
#4209 = CARTESIAN_POINT('',(1.6,-0.8,5.5E-02));
#4210 = LINE('',#4211,#4212);
#4211 = CARTESIAN_POINT('',(1.6,-0.8,0.));
#4212 = VECTOR('',#4213,1.);
#4213 = DIRECTION('',(0.,0.,1.));
#4214 = ORIENTED_EDGE('',*,*,#4215,.T.);
#4215 = EDGE_CURVE('',#4208,#4164,#4216,.T.);
#4216 = CIRCLE('',#4217,5.5E-02);
#4217 = AXIS2_PLACEMENT_3D('',#4218,#4219,#4220);
#4218 = CARTESIAN_POINT('',(1.545,-0.8,5.5E-02));
#4219 = DIRECTION('',(0.,1.,0.));
#4220 = DIRECTION('',(0.,-0.,1.));
#4221 = PLANE('',#4222);
#4222 = AXIS2_PLACEMENT_3D('',#4223,#4224,#4225);
#4223 = CARTESIAN_POINT('',(1.2,-0.8,0.));
#4224 = DIRECTION('',(0.,1.,0.));
#4225 = DIRECTION('',(0.,-0.,1.));
#4226 = ADVANCED_FACE('',(#4227),#4252,.F.);
#4227 = FACE_BOUND('',#4228,.F.);
#4228 = EDGE_LOOP('',(#4229,#4230,#4238,#4246));
#4229 = ORIENTED_EDGE('',*,*,#4015,.F.);
#4230 = ORIENTED_EDGE('',*,*,#4231,.T.);
#4231 = EDGE_CURVE('',#3814,#4232,#4234,.T.);
#4232 = VERTEX_POINT('',#4233);
#4233 = CARTESIAN_POINT('',(-1.2,-0.8,0.55));
#4234 = LINE('',#4235,#4236);
#4235 = CARTESIAN_POINT('',(-1.2,-0.8,0.495));
#4236 = VECTOR('',#4237,1.);
#4237 = DIRECTION('',(0.,0.,1.));
#4238 = ORIENTED_EDGE('',*,*,#4239,.T.);
#4239 = EDGE_CURVE('',#4232,#4240,#4242,.T.);
#4240 = VERTEX_POINT('',#4241);
#4241 = CARTESIAN_POINT('',(1.2,-0.8,0.55));
#4242 = LINE('',#4243,#4244);
#4243 = CARTESIAN_POINT('',(-1.2,-0.8,0.55));
#4244 = VECTOR('',#4245,1.);
#4245 = DIRECTION('',(1.,0.,0.));
#4246 = ORIENTED_EDGE('',*,*,#4247,.F.);
#4247 = EDGE_CURVE('',#4016,#4240,#4248,.T.);
#4248 = LINE('',#4249,#4250);
#4249 = CARTESIAN_POINT('',(1.2,-0.8,0.495));
#4250 = VECTOR('',#4251,1.);
#4251 = DIRECTION('',(0.,0.,1.));
#4252 = PLANE('',#4253);
#4253 = AXIS2_PLACEMENT_3D('',#4254,#4255,#4256);
#4254 = CARTESIAN_POINT('',(-1.2,-0.8,0.495));
#4255 = DIRECTION('',(0.,1.,0.));
#4256 = DIRECTION('',(0.,-0.,1.));
#4257 = ADVANCED_FACE('',(#4258),#4276,.F.);
#4258 = FACE_BOUND('',#4259,.F.);
#4259 = EDGE_LOOP('',(#4260,#4261,#4262,#4270));
#4260 = ORIENTED_EDGE('',*,*,#4231,.F.);
#4261 = ORIENTED_EDGE('',*,*,#4078,.T.);
#4262 = ORIENTED_EDGE('',*,*,#4263,.T.);
#4263 = EDGE_CURVE('',#3931,#4264,#4266,.T.);
#4264 = VERTEX_POINT('',#4265);
#4265 = CARTESIAN_POINT('',(-1.2,0.8,0.55));
#4266 = LINE('',#4267,#4268);
#4267 = CARTESIAN_POINT('',(-1.2,0.8,0.495));
#4268 = VECTOR('',#4269,1.);
#4269 = DIRECTION('',(0.,0.,1.));
#4270 = ORIENTED_EDGE('',*,*,#4271,.F.);
#4271 = EDGE_CURVE('',#4232,#4264,#4272,.T.);
#4272 = LINE('',#4273,#4274);
#4273 = CARTESIAN_POINT('',(-1.2,-0.8,0.55));
#4274 = VECTOR('',#4275,1.);
#4275 = DIRECTION('',(0.,1.,0.));
#4276 = PLANE('',#4277);
#4277 = AXIS2_PLACEMENT_3D('',#4278,#4279,#4280);
#4278 = CARTESIAN_POINT('',(-1.2,-0.8,0.495));
#4279 = DIRECTION('',(1.,0.,0.));
#4280 = DIRECTION('',(0.,0.,1.));
#4281 = ADVANCED_FACE('',(#4282),#4345,.T.);
#4282 = FACE_BOUND('',#4283,.T.);
#4283 = EDGE_LOOP('',(#4284,#4294,#4301,#4302,#4303,#4304,#4313,#4321,
    #4330,#4338));
#4284 = ORIENTED_EDGE('',*,*,#4285,.F.);
#4285 = EDGE_CURVE('',#4286,#4288,#4290,.T.);
#4286 = VERTEX_POINT('',#4287);
#4287 = CARTESIAN_POINT('',(1.255,0.8,0.));
#4288 = VERTEX_POINT('',#4289);
#4289 = CARTESIAN_POINT('',(1.545,0.8,0.));
#4290 = LINE('',#4291,#4292);
#4291 = CARTESIAN_POINT('',(1.2,0.8,0.));
#4292 = VECTOR('',#4293,1.);
#4293 = DIRECTION('',(1.,0.,0.));
#4294 = ORIENTED_EDGE('',*,*,#4295,.F.);
#4295 = EDGE_CURVE('',#4123,#4286,#4296,.T.);
#4296 = CIRCLE('',#4297,5.5E-02);
#4297 = AXIS2_PLACEMENT_3D('',#4298,#4299,#4300);
#4298 = CARTESIAN_POINT('',(1.255,0.8,5.5E-02));
#4299 = DIRECTION('',(0.,-1.,0.));
#4300 = DIRECTION('',(0.,0.,1.));
#4301 = ORIENTED_EDGE('',*,*,#4122,.T.);
#4302 = ORIENTED_EDGE('',*,*,#4114,.T.);
#4303 = ORIENTED_EDGE('',*,*,#4106,.F.);
#4304 = ORIENTED_EDGE('',*,*,#4305,.T.);
#4305 = EDGE_CURVE('',#4099,#4306,#4308,.T.);
#4306 = VERTEX_POINT('',#4307);
#4307 = CARTESIAN_POINT('',(1.255,0.8,0.55));
#4308 = CIRCLE('',#4309,5.5E-02);
#4309 = AXIS2_PLACEMENT_3D('',#4310,#4311,#4312);
#4310 = CARTESIAN_POINT('',(1.255,0.8,0.495));
#4311 = DIRECTION('',(0.,1.,0.));
#4312 = DIRECTION('',(0.,-0.,1.));
#4313 = ORIENTED_EDGE('',*,*,#4314,.T.);
#4314 = EDGE_CURVE('',#4306,#4315,#4317,.T.);
#4315 = VERTEX_POINT('',#4316);
#4316 = CARTESIAN_POINT('',(1.545,0.8,0.55));
#4317 = LINE('',#4318,#4319);
#4318 = CARTESIAN_POINT('',(1.2,0.8,0.55));
#4319 = VECTOR('',#4320,1.);
#4320 = DIRECTION('',(1.,0.,0.));
#4321 = ORIENTED_EDGE('',*,*,#4322,.F.);
#4322 = EDGE_CURVE('',#4323,#4315,#4325,.T.);
#4323 = VERTEX_POINT('',#4324);
#4324 = CARTESIAN_POINT('',(1.6,0.8,0.495));
#4325 = CIRCLE('',#4326,5.5E-02);
#4326 = AXIS2_PLACEMENT_3D('',#4327,#4328,#4329);
#4327 = CARTESIAN_POINT('',(1.545,0.8,0.495));
#4328 = DIRECTION('',(0.,-1.,0.));
#4329 = DIRECTION('',(0.,0.,1.));
#4330 = ORIENTED_EDGE('',*,*,#4331,.F.);
#4331 = EDGE_CURVE('',#4332,#4323,#4334,.T.);
#4332 = VERTEX_POINT('',#4333);
#4333 = CARTESIAN_POINT('',(1.6,0.8,5.5E-02));
#4334 = LINE('',#4335,#4336);
#4335 = CARTESIAN_POINT('',(1.6,0.8,0.));
#4336 = VECTOR('',#4337,1.);
#4337 = DIRECTION('',(0.,0.,1.));
#4338 = ORIENTED_EDGE('',*,*,#4339,.T.);
#4339 = EDGE_CURVE('',#4332,#4288,#4340,.T.);
#4340 = CIRCLE('',#4341,5.5E-02);
#4341 = AXIS2_PLACEMENT_3D('',#4342,#4343,#4344);
#4342 = CARTESIAN_POINT('',(1.545,0.8,5.5E-02));
#4343 = DIRECTION('',(0.,1.,0.));
#4344 = DIRECTION('',(0.,-0.,1.));
#4345 = PLANE('',#4346);
#4346 = AXIS2_PLACEMENT_3D('',#4347,#4348,#4349);
#4347 = CARTESIAN_POINT('',(1.2,0.8,0.));
#4348 = DIRECTION('',(0.,1.,0.));
#4349 = DIRECTION('',(0.,-0.,1.));
#4350 = ADVANCED_FACE('',(#4351),#4369,.T.);
#4351 = FACE_BOUND('',#4352,.T.);
#4352 = EDGE_LOOP('',(#4353,#4354,#4355,#4363));
#4353 = ORIENTED_EDGE('',*,*,#4098,.F.);
#4354 = ORIENTED_EDGE('',*,*,#4263,.T.);
#4355 = ORIENTED_EDGE('',*,*,#4356,.T.);
#4356 = EDGE_CURVE('',#4264,#4357,#4359,.T.);
#4357 = VERTEX_POINT('',#4358);
#4358 = CARTESIAN_POINT('',(1.2,0.8,0.55));
#4359 = LINE('',#4360,#4361);
#4360 = CARTESIAN_POINT('',(-1.2,0.8,0.55));
#4361 = VECTOR('',#4362,1.);
#4362 = DIRECTION('',(1.,0.,0.));
#4363 = ORIENTED_EDGE('',*,*,#4364,.F.);
#4364 = EDGE_CURVE('',#4099,#4357,#4365,.T.);
#4365 = LINE('',#4366,#4367);
#4366 = CARTESIAN_POINT('',(1.2,0.8,0.495));
#4367 = VECTOR('',#4368,1.);
#4368 = DIRECTION('',(0.,0.,1.));
#4369 = PLANE('',#4370);
#4370 = AXIS2_PLACEMENT_3D('',#4371,#4372,#4373);
#4371 = CARTESIAN_POINT('',(-1.2,0.8,0.495));
#4372 = DIRECTION('',(0.,1.,0.));
#4373 = DIRECTION('',(0.,-0.,1.));
#4374 = ADVANCED_FACE('',(#4375),#4386,.T.);
#4375 = FACE_BOUND('',#4376,.T.);
#4376 = EDGE_LOOP('',(#4377,#4378,#4379,#4385));
#4377 = ORIENTED_EDGE('',*,*,#4146,.T.);
#4378 = ORIENTED_EDGE('',*,*,#4295,.T.);
#4379 = ORIENTED_EDGE('',*,*,#4380,.F.);
#4380 = EDGE_CURVE('',#4162,#4286,#4381,.T.);
#4381 = LINE('',#4382,#4383);
#4382 = CARTESIAN_POINT('',(1.255,-0.8,0.));
#4383 = VECTOR('',#4384,1.);
#4384 = DIRECTION('',(0.,1.,0.));
#4385 = ORIENTED_EDGE('',*,*,#4171,.F.);
#4386 = CYLINDRICAL_SURFACE('',#4387,5.5E-02);
#4387 = AXIS2_PLACEMENT_3D('',#4388,#4389,#4390);
#4388 = CARTESIAN_POINT('',(1.255,-0.8,5.5E-02));
#4389 = DIRECTION('',(0.,1.,0.));
#4390 = DIRECTION('',(-1.,0.,0.));
#4391 = ADVANCED_FACE('',(#4392),#4403,.F.);
#4392 = FACE_BOUND('',#4393,.F.);
#4393 = EDGE_LOOP('',(#4394,#4395,#4396,#4397));
#4394 = ORIENTED_EDGE('',*,*,#4285,.F.);
#4395 = ORIENTED_EDGE('',*,*,#4380,.F.);
#4396 = ORIENTED_EDGE('',*,*,#4161,.T.);
#4397 = ORIENTED_EDGE('',*,*,#4398,.T.);
#4398 = EDGE_CURVE('',#4164,#4288,#4399,.T.);
#4399 = LINE('',#4400,#4401);
#4400 = CARTESIAN_POINT('',(1.545,-0.8,0.));
#4401 = VECTOR('',#4402,1.);
#4402 = DIRECTION('',(0.,1.,0.));
#4403 = PLANE('',#4404);
#4404 = AXIS2_PLACEMENT_3D('',#4405,#4406,#4407);
#4405 = CARTESIAN_POINT('',(1.2,-0.8,0.));
#4406 = DIRECTION('',(0.,0.,1.));
#4407 = DIRECTION('',(1.,0.,-0.));
#4408 = ADVANCED_FACE('',(#4409),#4420,.T.);
#4409 = FACE_BOUND('',#4410,.T.);
#4410 = EDGE_LOOP('',(#4411,#4412,#4413,#4414));
#4411 = ORIENTED_EDGE('',*,*,#4215,.T.);
#4412 = ORIENTED_EDGE('',*,*,#4398,.T.);
#4413 = ORIENTED_EDGE('',*,*,#4339,.F.);
#4414 = ORIENTED_EDGE('',*,*,#4415,.F.);
#4415 = EDGE_CURVE('',#4208,#4332,#4416,.T.);
#4416 = LINE('',#4417,#4418);
#4417 = CARTESIAN_POINT('',(1.6,-0.8,5.5E-02));
#4418 = VECTOR('',#4419,1.);
#4419 = DIRECTION('',(0.,1.,0.));
#4420 = CYLINDRICAL_SURFACE('',#4421,5.5E-02);
#4421 = AXIS2_PLACEMENT_3D('',#4422,#4423,#4424);
#4422 = CARTESIAN_POINT('',(1.545,-0.8,5.5E-02));
#4423 = DIRECTION('',(0.,1.,0.));
#4424 = DIRECTION('',(1.,0.,0.));
#4425 = ADVANCED_FACE('',(#4426),#4437,.T.);
#4426 = FACE_BOUND('',#4427,.T.);
#4427 = EDGE_LOOP('',(#4428,#4429,#4430,#4431));
#4428 = ORIENTED_EDGE('',*,*,#4207,.F.);
#4429 = ORIENTED_EDGE('',*,*,#4415,.T.);
#4430 = ORIENTED_EDGE('',*,*,#4331,.T.);
#4431 = ORIENTED_EDGE('',*,*,#4432,.F.);
#4432 = EDGE_CURVE('',#4199,#4323,#4433,.T.);
#4433 = LINE('',#4434,#4435);
#4434 = CARTESIAN_POINT('',(1.6,-0.8,0.495));
#4435 = VECTOR('',#4436,1.);
#4436 = DIRECTION('',(0.,1.,0.));
#4437 = PLANE('',#4438);
#4438 = AXIS2_PLACEMENT_3D('',#4439,#4440,#4441);
#4439 = CARTESIAN_POINT('',(1.6,-0.8,0.));
#4440 = DIRECTION('',(1.,0.,0.));
#4441 = DIRECTION('',(0.,0.,1.));
#4442 = ADVANCED_FACE('',(#4443),#4454,.T.);
#4443 = FACE_BOUND('',#4444,.T.);
#4444 = EDGE_LOOP('',(#4445,#4446,#4447,#4453));
#4445 = ORIENTED_EDGE('',*,*,#4432,.T.);
#4446 = ORIENTED_EDGE('',*,*,#4322,.T.);
#4447 = ORIENTED_EDGE('',*,*,#4448,.F.);
#4448 = EDGE_CURVE('',#4191,#4315,#4449,.T.);
#4449 = LINE('',#4450,#4451);
#4450 = CARTESIAN_POINT('',(1.545,-0.8,0.55));
#4451 = VECTOR('',#4452,1.);
#4452 = DIRECTION('',(0.,1.,0.));
#4453 = ORIENTED_EDGE('',*,*,#4198,.F.);
#4454 = CYLINDRICAL_SURFACE('',#4455,5.5E-02);
#4455 = AXIS2_PLACEMENT_3D('',#4456,#4457,#4458);
#4456 = CARTESIAN_POINT('',(1.545,-0.8,0.495));
#4457 = DIRECTION('',(0.,1.,0.));
#4458 = DIRECTION('',(1.,0.,0.));
#4459 = ADVANCED_FACE('',(#4460),#4471,.T.);
#4460 = FACE_BOUND('',#4461,.T.);
#4461 = EDGE_LOOP('',(#4462,#4463,#4469,#4470));
#4462 = ORIENTED_EDGE('',*,*,#4314,.F.);
#4463 = ORIENTED_EDGE('',*,*,#4464,.F.);
#4464 = EDGE_CURVE('',#4182,#4306,#4465,.T.);
#4465 = LINE('',#4466,#4467);
#4466 = CARTESIAN_POINT('',(1.255,-0.8,0.55));
#4467 = VECTOR('',#4468,1.);
#4468 = DIRECTION('',(0.,1.,0.));
#4469 = ORIENTED_EDGE('',*,*,#4190,.T.);
#4470 = ORIENTED_EDGE('',*,*,#4448,.T.);
#4471 = PLANE('',#4472);
#4472 = AXIS2_PLACEMENT_3D('',#4473,#4474,#4475);
#4473 = CARTESIAN_POINT('',(1.2,-0.8,0.55));
#4474 = DIRECTION('',(0.,0.,1.));
#4475 = DIRECTION('',(1.,0.,-0.));
#4476 = ADVANCED_FACE('',(#4477),#4488,.T.);
#4477 = FACE_BOUND('',#4478,.T.);
#4478 = EDGE_LOOP('',(#4479,#4480,#4481,#4482));
#4479 = ORIENTED_EDGE('',*,*,#4181,.T.);
#4480 = ORIENTED_EDGE('',*,*,#4464,.T.);
#4481 = ORIENTED_EDGE('',*,*,#4305,.F.);
#4482 = ORIENTED_EDGE('',*,*,#4483,.F.);
#4483 = EDGE_CURVE('',#4016,#4099,#4484,.T.);
#4484 = LINE('',#4485,#4486);
#4485 = CARTESIAN_POINT('',(1.2,-0.8,0.495));
#4486 = VECTOR('',#4487,1.);
#4487 = DIRECTION('',(0.,1.,0.));
#4488 = CYLINDRICAL_SURFACE('',#4489,5.5E-02);
#4489 = AXIS2_PLACEMENT_3D('',#4490,#4491,#4492);
#4490 = CARTESIAN_POINT('',(1.255,-0.8,0.495));
#4491 = DIRECTION('',(0.,1.,0.));
#4492 = DIRECTION('',(-1.,0.,0.));
#4493 = ADVANCED_FACE('',(#4494),#4505,.T.);
#4494 = FACE_BOUND('',#4495,.T.);
#4495 = EDGE_LOOP('',(#4496,#4497,#4498,#4499));
#4496 = ORIENTED_EDGE('',*,*,#4247,.F.);
#4497 = ORIENTED_EDGE('',*,*,#4483,.T.);
#4498 = ORIENTED_EDGE('',*,*,#4364,.T.);
#4499 = ORIENTED_EDGE('',*,*,#4500,.F.);
#4500 = EDGE_CURVE('',#4240,#4357,#4501,.T.);
#4501 = LINE('',#4502,#4503);
#4502 = CARTESIAN_POINT('',(1.2,-0.8,0.55));
#4503 = VECTOR('',#4504,1.);
#4504 = DIRECTION('',(0.,1.,0.));
#4505 = PLANE('',#4506);
#4506 = AXIS2_PLACEMENT_3D('',#4507,#4508,#4509);
#4507 = CARTESIAN_POINT('',(1.2,-0.8,0.495));
#4508 = DIRECTION('',(1.,0.,0.));
#4509 = DIRECTION('',(0.,0.,1.));
#4510 = ADVANCED_FACE('',(#4511),#4517,.T.);
#4511 = FACE_BOUND('',#4512,.T.);
#4512 = EDGE_LOOP('',(#4513,#4514,#4515,#4516));
#4513 = ORIENTED_EDGE('',*,*,#4271,.F.);
#4514 = ORIENTED_EDGE('',*,*,#4239,.T.);
#4515 = ORIENTED_EDGE('',*,*,#4500,.T.);
#4516 = ORIENTED_EDGE('',*,*,#4356,.F.);
#4517 = PLANE('',#4518);
#4518 = AXIS2_PLACEMENT_3D('',#4519,#4520,#4521);
#4519 = CARTESIAN_POINT('',(-1.2,-0.8,0.55));
#4520 = DIRECTION('',(0.,0.,1.));
#4521 = DIRECTION('',(1.,0.,-0.));
#4522 = ( GEOMETRIC_REPRESENTATION_CONTEXT(3) 
GLOBAL_UNCERTAINTY_ASSIGNED_CONTEXT((#4526)) 
GLOBAL_UNIT_ASSIGNED_CONTEXT((#4523,#4524,#4525)) REPRESENTATION_CONTEXT
('Context #1','3D Context with UNIT and UNCERTAINTY') );
#4523 = ( LENGTH_UNIT() NAMED_UNIT(*) SI_UNIT(.MILLI.,.METRE.) );
#4524 = ( NAMED_UNIT(*) PLANE_ANGLE_UNIT() SI_UNIT($,.RADIAN.) );
#4525 = ( NAMED_UNIT(*) SI_UNIT($,.STERADIAN.) SOLID_ANGLE_UNIT() );
#4526 = UNCERTAINTY_MEASURE_WITH_UNIT(LENGTH_MEASURE(1.E-07),#4523,
  'distance_accuracy_value','confusion accuracy');
#4527 = CONTEXT_DEPENDENT_SHAPE_REPRESENTATION(#4528,#4530);
#4528 = ( REPRESENTATION_RELATIONSHIP('','',#3731,#10) 
REPRESENTATION_RELATIONSHIP_WITH_TRANSFORMATION(#4529) 
SHAPE_REPRESENTATION_RELATIONSHIP() );
#4529 = ITEM_DEFINED_TRANSFORMATION('','',#11,#23);
#4530 = PRODUCT_DEFINITION_SHAPE('Placement','Placement of an item',
  #4531);
#4531 = NEXT_ASSEMBLY_USAGE_OCCURRENCE('3','R7','',#5,#3726,$);
#4532 = PRODUCT_RELATED_PRODUCT_CATEGORY('part',$,(#3728));
#4533 = SHAPE_DEFINITION_REPRESENTATION(#4534,#4540);
#4534 = PRODUCT_DEFINITION_SHAPE('','',#4535);
#4535 = PRODUCT_DEFINITION('design','',#4536,#4539);
#4536 = PRODUCT_DEFINITION_FORMATION('','',#4537);
#4537 = PRODUCT('C_1206_3216Metric','C_1206_3216Metric','',(#4538));
#4538 = PRODUCT_CONTEXT('',#2,'mechanical');
#4539 = PRODUCT_DEFINITION_CONTEXT('part definition',#2,'design');
#4540 = ADVANCED_BREP_SHAPE_REPRESENTATION('',(#11,#4541),#5395);
#4541 = MANIFOLD_SOLID_BREP('',#4542);
#4542 = CLOSED_SHELL('',(#4543,#4619,#4650,#4675,#4700,#4724,#4748,#4773
    ,#4798,#4815,#4901,#4933,#4957,#4982,#5006,#5031,#5055,#5080,#5097,
    #5183,#5214,#5239,#5264,#5288,#5312,#5337,#5362,#5379));
#4543 = ADVANCED_FACE('',(#4544),#4614,.F.);
#4544 = FACE_BOUND('',#4545,.F.);
#4545 = EDGE_LOOP('',(#4546,#4556,#4565,#4573,#4582,#4590,#4599,#4607));
#4546 = ORIENTED_EDGE('',*,*,#4547,.F.);
#4547 = EDGE_CURVE('',#4548,#4550,#4552,.T.);
#4548 = VERTEX_POINT('',#4549);
#4549 = CARTESIAN_POINT('',(-1.6,-0.8,4.E-02));
#4550 = VERTEX_POINT('',#4551);
#4551 = CARTESIAN_POINT('',(-1.6,-0.8,1.56));
#4552 = LINE('',#4553,#4554);
#4553 = CARTESIAN_POINT('',(-1.6,-0.8,0.));
#4554 = VECTOR('',#4555,1.);
#4555 = DIRECTION('',(0.,0.,1.));
#4556 = ORIENTED_EDGE('',*,*,#4557,.T.);
#4557 = EDGE_CURVE('',#4548,#4558,#4560,.T.);
#4558 = VERTEX_POINT('',#4559);
#4559 = CARTESIAN_POINT('',(-1.6,-0.76,0.));
#4560 = CIRCLE('',#4561,4.E-02);
#4561 = AXIS2_PLACEMENT_3D('',#4562,#4563,#4564);
#4562 = CARTESIAN_POINT('',(-1.6,-0.76,4.E-02));
#4563 = DIRECTION('',(1.,0.,-0.));
#4564 = DIRECTION('',(0.,0.,1.));
#4565 = ORIENTED_EDGE('',*,*,#4566,.T.);
#4566 = EDGE_CURVE('',#4558,#4567,#4569,.T.);
#4567 = VERTEX_POINT('',#4568);
#4568 = CARTESIAN_POINT('',(-1.6,0.76,0.));
#4569 = LINE('',#4570,#4571);
#4570 = CARTESIAN_POINT('',(-1.6,-0.8,0.));
#4571 = VECTOR('',#4572,1.);
#4572 = DIRECTION('',(0.,1.,0.));
#4573 = ORIENTED_EDGE('',*,*,#4574,.F.);
#4574 = EDGE_CURVE('',#4575,#4567,#4577,.T.);
#4575 = VERTEX_POINT('',#4576);
#4576 = CARTESIAN_POINT('',(-1.6,0.8,4.E-02));
#4577 = CIRCLE('',#4578,4.E-02);
#4578 = AXIS2_PLACEMENT_3D('',#4579,#4580,#4581);
#4579 = CARTESIAN_POINT('',(-1.6,0.76,4.E-02));
#4580 = DIRECTION('',(-1.,0.,0.));
#4581 = DIRECTION('',(0.,0.,1.));
#4582 = ORIENTED_EDGE('',*,*,#4583,.T.);
#4583 = EDGE_CURVE('',#4575,#4584,#4586,.T.);
#4584 = VERTEX_POINT('',#4585);
#4585 = CARTESIAN_POINT('',(-1.6,0.8,1.56));
#4586 = LINE('',#4587,#4588);
#4587 = CARTESIAN_POINT('',(-1.6,0.8,0.));
#4588 = VECTOR('',#4589,1.);
#4589 = DIRECTION('',(0.,0.,1.));
#4590 = ORIENTED_EDGE('',*,*,#4591,.T.);
#4591 = EDGE_CURVE('',#4584,#4592,#4594,.T.);
#4592 = VERTEX_POINT('',#4593);
#4593 = CARTESIAN_POINT('',(-1.6,0.76,1.6));
#4594 = CIRCLE('',#4595,4.E-02);
#4595 = AXIS2_PLACEMENT_3D('',#4596,#4597,#4598);
#4596 = CARTESIAN_POINT('',(-1.6,0.76,1.56));
#4597 = DIRECTION('',(1.,0.,-0.));
#4598 = DIRECTION('',(0.,0.,1.));
#4599 = ORIENTED_EDGE('',*,*,#4600,.F.);
#4600 = EDGE_CURVE('',#4601,#4592,#4603,.T.);
#4601 = VERTEX_POINT('',#4602);
#4602 = CARTESIAN_POINT('',(-1.6,-0.76,1.6));
#4603 = LINE('',#4604,#4605);
#4604 = CARTESIAN_POINT('',(-1.6,-0.8,1.6));
#4605 = VECTOR('',#4606,1.);
#4606 = DIRECTION('',(0.,1.,0.));
#4607 = ORIENTED_EDGE('',*,*,#4608,.F.);
#4608 = EDGE_CURVE('',#4550,#4601,#4609,.T.);
#4609 = CIRCLE('',#4610,4.E-02);
#4610 = AXIS2_PLACEMENT_3D('',#4611,#4612,#4613);
#4611 = CARTESIAN_POINT('',(-1.6,-0.76,1.56));
#4612 = DIRECTION('',(-1.,0.,0.));
#4613 = DIRECTION('',(0.,0.,1.));
#4614 = PLANE('',#4615);
#4615 = AXIS2_PLACEMENT_3D('',#4616,#4617,#4618);
#4616 = CARTESIAN_POINT('',(-1.6,-0.8,0.));
#4617 = DIRECTION('',(1.,0.,0.));
#4618 = DIRECTION('',(0.,0.,1.));
#4619 = ADVANCED_FACE('',(#4620),#4645,.F.);
#4620 = FACE_BOUND('',#4621,.F.);
#4621 = EDGE_LOOP('',(#4622,#4632,#4638,#4639));
#4622 = ORIENTED_EDGE('',*,*,#4623,.F.);
#4623 = EDGE_CURVE('',#4624,#4626,#4628,.T.);
#4624 = VERTEX_POINT('',#4625);
#4625 = CARTESIAN_POINT('',(-1.2,-0.8,4.E-02));
#4626 = VERTEX_POINT('',#4627);
#4627 = CARTESIAN_POINT('',(-1.2,-0.8,1.56));
#4628 = LINE('',#4629,#4630);
#4629 = CARTESIAN_POINT('',(-1.2,-0.8,0.));
#4630 = VECTOR('',#4631,1.);
#4631 = DIRECTION('',(0.,0.,1.));
#4632 = ORIENTED_EDGE('',*,*,#4633,.F.);
#4633 = EDGE_CURVE('',#4548,#4624,#4634,.T.);
#4634 = LINE('',#4635,#4636);
#4635 = CARTESIAN_POINT('',(-1.6,-0.8,4.E-02));
#4636 = VECTOR('',#4637,1.);
#4637 = DIRECTION('',(1.,0.,0.));
#4638 = ORIENTED_EDGE('',*,*,#4547,.T.);
#4639 = ORIENTED_EDGE('',*,*,#4640,.T.);
#4640 = EDGE_CURVE('',#4550,#4626,#4641,.T.);
#4641 = LINE('',#4642,#4643);
#4642 = CARTESIAN_POINT('',(-1.6,-0.8,1.56));
#4643 = VECTOR('',#4644,1.);
#4644 = DIRECTION('',(1.,0.,0.));
#4645 = PLANE('',#4646);
#4646 = AXIS2_PLACEMENT_3D('',#4647,#4648,#4649);
#4647 = CARTESIAN_POINT('',(-1.6,-0.8,0.));
#4648 = DIRECTION('',(0.,1.,0.));
#4649 = DIRECTION('',(0.,-0.,1.));
#4650 = ADVANCED_FACE('',(#4651),#4670,.T.);
#4651 = FACE_BOUND('',#4652,.T.);
#4652 = EDGE_LOOP('',(#4653,#4654,#4662,#4669));
#4653 = ORIENTED_EDGE('',*,*,#4557,.T.);
#4654 = ORIENTED_EDGE('',*,*,#4655,.T.);
#4655 = EDGE_CURVE('',#4558,#4656,#4658,.T.);
#4656 = VERTEX_POINT('',#4657);
#4657 = CARTESIAN_POINT('',(-1.2,-0.76,0.));
#4658 = LINE('',#4659,#4660);
#4659 = CARTESIAN_POINT('',(-1.6,-0.76,0.));
#4660 = VECTOR('',#4661,1.);
#4661 = DIRECTION('',(1.,0.,0.));
#4662 = ORIENTED_EDGE('',*,*,#4663,.F.);
#4663 = EDGE_CURVE('',#4624,#4656,#4664,.T.);
#4664 = CIRCLE('',#4665,4.E-02);
#4665 = AXIS2_PLACEMENT_3D('',#4666,#4667,#4668);
#4666 = CARTESIAN_POINT('',(-1.2,-0.76,4.E-02));
#4667 = DIRECTION('',(1.,0.,-0.));
#4668 = DIRECTION('',(0.,0.,1.));
#4669 = ORIENTED_EDGE('',*,*,#4633,.F.);
#4670 = CYLINDRICAL_SURFACE('',#4671,4.E-02);
#4671 = AXIS2_PLACEMENT_3D('',#4672,#4673,#4674);
#4672 = CARTESIAN_POINT('',(-1.6,-0.76,4.E-02));
#4673 = DIRECTION('',(1.,0.,0.));
#4674 = DIRECTION('',(0.,-1.,0.));
#4675 = ADVANCED_FACE('',(#4676),#4695,.T.);
#4676 = FACE_BOUND('',#4677,.T.);
#4677 = EDGE_LOOP('',(#4678,#4679,#4688,#4694));
#4678 = ORIENTED_EDGE('',*,*,#4640,.T.);
#4679 = ORIENTED_EDGE('',*,*,#4680,.T.);
#4680 = EDGE_CURVE('',#4626,#4681,#4683,.T.);
#4681 = VERTEX_POINT('',#4682);
#4682 = CARTESIAN_POINT('',(-1.2,-0.76,1.6));
#4683 = CIRCLE('',#4684,4.E-02);
#4684 = AXIS2_PLACEMENT_3D('',#4685,#4686,#4687);
#4685 = CARTESIAN_POINT('',(-1.2,-0.76,1.56));
#4686 = DIRECTION('',(-1.,0.,0.));
#4687 = DIRECTION('',(0.,0.,1.));
#4688 = ORIENTED_EDGE('',*,*,#4689,.F.);
#4689 = EDGE_CURVE('',#4601,#4681,#4690,.T.);
#4690 = LINE('',#4691,#4692);
#4691 = CARTESIAN_POINT('',(-1.6,-0.76,1.6));
#4692 = VECTOR('',#4693,1.);
#4693 = DIRECTION('',(1.,0.,0.));
#4694 = ORIENTED_EDGE('',*,*,#4608,.F.);
#4695 = CYLINDRICAL_SURFACE('',#4696,4.E-02);
#4696 = AXIS2_PLACEMENT_3D('',#4697,#4698,#4699);
#4697 = CARTESIAN_POINT('',(-1.6,-0.76,1.56));
#4698 = DIRECTION('',(1.,0.,0.));
#4699 = DIRECTION('',(0.,-1.,0.));
#4700 = ADVANCED_FACE('',(#4701),#4719,.F.);
#4701 = FACE_BOUND('',#4702,.F.);
#4702 = EDGE_LOOP('',(#4703,#4704,#4705,#4713));
#4703 = ORIENTED_EDGE('',*,*,#4566,.F.);
#4704 = ORIENTED_EDGE('',*,*,#4655,.T.);
#4705 = ORIENTED_EDGE('',*,*,#4706,.T.);
#4706 = EDGE_CURVE('',#4656,#4707,#4709,.T.);
#4707 = VERTEX_POINT('',#4708);
#4708 = CARTESIAN_POINT('',(-1.2,0.76,0.));
#4709 = LINE('',#4710,#4711);
#4710 = CARTESIAN_POINT('',(-1.2,-0.8,0.));
#4711 = VECTOR('',#4712,1.);
#4712 = DIRECTION('',(0.,1.,0.));
#4713 = ORIENTED_EDGE('',*,*,#4714,.F.);
#4714 = EDGE_CURVE('',#4567,#4707,#4715,.T.);
#4715 = LINE('',#4716,#4717);
#4716 = CARTESIAN_POINT('',(-1.6,0.76,0.));
#4717 = VECTOR('',#4718,1.);
#4718 = DIRECTION('',(1.,0.,0.));
#4719 = PLANE('',#4720);
#4720 = AXIS2_PLACEMENT_3D('',#4721,#4722,#4723);
#4721 = CARTESIAN_POINT('',(-1.6,-0.8,0.));
#4722 = DIRECTION('',(0.,0.,1.));
#4723 = DIRECTION('',(1.,0.,-0.));
#4724 = ADVANCED_FACE('',(#4725),#4743,.T.);
#4725 = FACE_BOUND('',#4726,.T.);
#4726 = EDGE_LOOP('',(#4727,#4728,#4729,#4737));
#4727 = ORIENTED_EDGE('',*,*,#4600,.F.);
#4728 = ORIENTED_EDGE('',*,*,#4689,.T.);
#4729 = ORIENTED_EDGE('',*,*,#4730,.T.);
#4730 = EDGE_CURVE('',#4681,#4731,#4733,.T.);
#4731 = VERTEX_POINT('',#4732);
#4732 = CARTESIAN_POINT('',(-1.2,0.76,1.6));
#4733 = LINE('',#4734,#4735);
#4734 = CARTESIAN_POINT('',(-1.2,-0.8,1.6));
#4735 = VECTOR('',#4736,1.);
#4736 = DIRECTION('',(0.,1.,0.));
#4737 = ORIENTED_EDGE('',*,*,#4738,.F.);
#4738 = EDGE_CURVE('',#4592,#4731,#4739,.T.);
#4739 = LINE('',#4740,#4741);
#4740 = CARTESIAN_POINT('',(-1.6,0.76,1.6));
#4741 = VECTOR('',#4742,1.);
#4742 = DIRECTION('',(1.,0.,0.));
#4743 = PLANE('',#4744);
#4744 = AXIS2_PLACEMENT_3D('',#4745,#4746,#4747);
#4745 = CARTESIAN_POINT('',(-1.6,-0.8,1.6));
#4746 = DIRECTION('',(0.,0.,1.));
#4747 = DIRECTION('',(1.,0.,-0.));
#4748 = ADVANCED_FACE('',(#4749),#4768,.T.);
#4749 = FACE_BOUND('',#4750,.T.);
#4750 = EDGE_LOOP('',(#4751,#4759,#4766,#4767));
#4751 = ORIENTED_EDGE('',*,*,#4752,.T.);
#4752 = EDGE_CURVE('',#4575,#4753,#4755,.T.);
#4753 = VERTEX_POINT('',#4754);
#4754 = CARTESIAN_POINT('',(-1.2,0.8,4.E-02));
#4755 = LINE('',#4756,#4757);
#4756 = CARTESIAN_POINT('',(-1.6,0.8,4.E-02));
#4757 = VECTOR('',#4758,1.);
#4758 = DIRECTION('',(1.,0.,0.));
#4759 = ORIENTED_EDGE('',*,*,#4760,.T.);
#4760 = EDGE_CURVE('',#4753,#4707,#4761,.T.);
#4761 = CIRCLE('',#4762,4.E-02);
#4762 = AXIS2_PLACEMENT_3D('',#4763,#4764,#4765);
#4763 = CARTESIAN_POINT('',(-1.2,0.76,4.E-02));
#4764 = DIRECTION('',(-1.,0.,0.));
#4765 = DIRECTION('',(0.,0.,1.));
#4766 = ORIENTED_EDGE('',*,*,#4714,.F.);
#4767 = ORIENTED_EDGE('',*,*,#4574,.F.);
#4768 = CYLINDRICAL_SURFACE('',#4769,4.E-02);
#4769 = AXIS2_PLACEMENT_3D('',#4770,#4771,#4772);
#4770 = CARTESIAN_POINT('',(-1.6,0.76,4.E-02));
#4771 = DIRECTION('',(1.,0.,0.));
#4772 = DIRECTION('',(-0.,1.,0.));
#4773 = ADVANCED_FACE('',(#4774),#4793,.T.);
#4774 = FACE_BOUND('',#4775,.T.);
#4775 = EDGE_LOOP('',(#4776,#4777,#4778,#4787));
#4776 = ORIENTED_EDGE('',*,*,#4591,.T.);
#4777 = ORIENTED_EDGE('',*,*,#4738,.T.);
#4778 = ORIENTED_EDGE('',*,*,#4779,.F.);
#4779 = EDGE_CURVE('',#4780,#4731,#4782,.T.);
#4780 = VERTEX_POINT('',#4781);
#4781 = CARTESIAN_POINT('',(-1.2,0.8,1.56));
#4782 = CIRCLE('',#4783,4.E-02);
#4783 = AXIS2_PLACEMENT_3D('',#4784,#4785,#4786);
#4784 = CARTESIAN_POINT('',(-1.2,0.76,1.56));
#4785 = DIRECTION('',(1.,0.,-0.));
#4786 = DIRECTION('',(0.,0.,1.));
#4787 = ORIENTED_EDGE('',*,*,#4788,.F.);
#4788 = EDGE_CURVE('',#4584,#4780,#4789,.T.);
#4789 = LINE('',#4790,#4791);
#4790 = CARTESIAN_POINT('',(-1.6,0.8,1.56));
#4791 = VECTOR('',#4792,1.);
#4792 = DIRECTION('',(1.,0.,0.));
#4793 = CYLINDRICAL_SURFACE('',#4794,4.E-02);
#4794 = AXIS2_PLACEMENT_3D('',#4795,#4796,#4797);
#4795 = CARTESIAN_POINT('',(-1.6,0.76,1.56));
#4796 = DIRECTION('',(1.,0.,0.));
#4797 = DIRECTION('',(-0.,1.,0.));
#4798 = ADVANCED_FACE('',(#4799),#4810,.T.);
#4799 = FACE_BOUND('',#4800,.T.);
#4800 = EDGE_LOOP('',(#4801,#4807,#4808,#4809));
#4801 = ORIENTED_EDGE('',*,*,#4802,.F.);
#4802 = EDGE_CURVE('',#4753,#4780,#4803,.T.);
#4803 = LINE('',#4804,#4805);
#4804 = CARTESIAN_POINT('',(-1.2,0.8,0.));
#4805 = VECTOR('',#4806,1.);
#4806 = DIRECTION('',(0.,0.,1.));
#4807 = ORIENTED_EDGE('',*,*,#4752,.F.);
#4808 = ORIENTED_EDGE('',*,*,#4583,.T.);
#4809 = ORIENTED_EDGE('',*,*,#4788,.T.);
#4810 = PLANE('',#4811);
#4811 = AXIS2_PLACEMENT_3D('',#4812,#4813,#4814);
#4812 = CARTESIAN_POINT('',(-1.6,0.8,0.));
#4813 = DIRECTION('',(0.,1.,0.));
#4814 = DIRECTION('',(0.,-0.,1.));
#4815 = ADVANCED_FACE('',(#4816,#4826),#4896,.T.);
#4816 = FACE_BOUND('',#4817,.T.);
#4817 = EDGE_LOOP('',(#4818,#4819,#4820,#4821,#4822,#4823,#4824,#4825));
#4818 = ORIENTED_EDGE('',*,*,#4623,.F.);
#4819 = ORIENTED_EDGE('',*,*,#4663,.T.);
#4820 = ORIENTED_EDGE('',*,*,#4706,.T.);
#4821 = ORIENTED_EDGE('',*,*,#4760,.F.);
#4822 = ORIENTED_EDGE('',*,*,#4802,.T.);
#4823 = ORIENTED_EDGE('',*,*,#4779,.T.);
#4824 = ORIENTED_EDGE('',*,*,#4730,.F.);
#4825 = ORIENTED_EDGE('',*,*,#4680,.F.);
#4826 = FACE_BOUND('',#4827,.T.);
#4827 = EDGE_LOOP('',(#4828,#4839,#4847,#4856,#4864,#4873,#4881,#4890));
#4828 = ORIENTED_EDGE('',*,*,#4829,.F.);
#4829 = EDGE_CURVE('',#4830,#4832,#4834,.T.);
#4830 = VERTEX_POINT('',#4831);
#4831 = CARTESIAN_POINT('',(-1.2,-0.76,8.E-02));
#4832 = VERTEX_POINT('',#4833);
#4833 = CARTESIAN_POINT('',(-1.2,-0.72,4.E-02));
#4834 = CIRCLE('',#4835,4.E-02);
#4835 = AXIS2_PLACEMENT_3D('',#4836,#4837,#4838);
#4836 = CARTESIAN_POINT('',(-1.2,-0.72,8.E-02));
#4837 = DIRECTION('',(1.,0.,-0.));
#4838 = DIRECTION('',(0.,0.,1.));
#4839 = ORIENTED_EDGE('',*,*,#4840,.T.);
#4840 = EDGE_CURVE('',#4830,#4841,#4843,.T.);
#4841 = VERTEX_POINT('',#4842);
#4842 = CARTESIAN_POINT('',(-1.2,-0.76,1.52));
#4843 = LINE('',#4844,#4845);
#4844 = CARTESIAN_POINT('',(-1.2,-0.76,4.E-02));
#4845 = VECTOR('',#4846,1.);
#4846 = DIRECTION('',(0.,0.,1.));
#4847 = ORIENTED_EDGE('',*,*,#4848,.T.);
#4848 = EDGE_CURVE('',#4841,#4849,#4851,.T.);
#4849 = VERTEX_POINT('',#4850);
#4850 = CARTESIAN_POINT('',(-1.2,-0.72,1.56));
#4851 = CIRCLE('',#4852,4.E-02);
#4852 = AXIS2_PLACEMENT_3D('',#4853,#4854,#4855);
#4853 = CARTESIAN_POINT('',(-1.2,-0.72,1.52));
#4854 = DIRECTION('',(-1.,0.,0.));
#4855 = DIRECTION('',(0.,0.,1.));
#4856 = ORIENTED_EDGE('',*,*,#4857,.T.);
#4857 = EDGE_CURVE('',#4849,#4858,#4860,.T.);
#4858 = VERTEX_POINT('',#4859);
#4859 = CARTESIAN_POINT('',(-1.2,0.72,1.56));
#4860 = LINE('',#4861,#4862);
#4861 = CARTESIAN_POINT('',(-1.2,-0.76,1.56));
#4862 = VECTOR('',#4863,1.);
#4863 = DIRECTION('',(0.,1.,0.));
#4864 = ORIENTED_EDGE('',*,*,#4865,.F.);
#4865 = EDGE_CURVE('',#4866,#4858,#4868,.T.);
#4866 = VERTEX_POINT('',#4867);
#4867 = CARTESIAN_POINT('',(-1.2,0.76,1.52));
#4868 = CIRCLE('',#4869,4.E-02);
#4869 = AXIS2_PLACEMENT_3D('',#4870,#4871,#4872);
#4870 = CARTESIAN_POINT('',(-1.2,0.72,1.52));
#4871 = DIRECTION('',(1.,0.,-0.));
#4872 = DIRECTION('',(0.,0.,1.));
#4873 = ORIENTED_EDGE('',*,*,#4874,.F.);
#4874 = EDGE_CURVE('',#4875,#4866,#4877,.T.);
#4875 = VERTEX_POINT('',#4876);
#4876 = CARTESIAN_POINT('',(-1.2,0.76,8.E-02));
#4877 = LINE('',#4878,#4879);
#4878 = CARTESIAN_POINT('',(-1.2,0.76,4.E-02));
#4879 = VECTOR('',#4880,1.);
#4880 = DIRECTION('',(0.,0.,1.));
#4881 = ORIENTED_EDGE('',*,*,#4882,.T.);
#4882 = EDGE_CURVE('',#4875,#4883,#4885,.T.);
#4883 = VERTEX_POINT('',#4884);
#4884 = CARTESIAN_POINT('',(-1.2,0.72,4.E-02));
#4885 = CIRCLE('',#4886,4.E-02);
#4886 = AXIS2_PLACEMENT_3D('',#4887,#4888,#4889);
#4887 = CARTESIAN_POINT('',(-1.2,0.72,8.E-02));
#4888 = DIRECTION('',(-1.,0.,0.));
#4889 = DIRECTION('',(0.,0.,1.));
#4890 = ORIENTED_EDGE('',*,*,#4891,.F.);
#4891 = EDGE_CURVE('',#4832,#4883,#4892,.T.);
#4892 = LINE('',#4893,#4894);
#4893 = CARTESIAN_POINT('',(-1.2,-0.76,4.E-02));
#4894 = VECTOR('',#4895,1.);
#4895 = DIRECTION('',(0.,1.,0.));
#4896 = PLANE('',#4897);
#4897 = AXIS2_PLACEMENT_3D('',#4898,#4899,#4900);
#4898 = CARTESIAN_POINT('',(-1.2,-0.8,0.));
#4899 = DIRECTION('',(1.,0.,0.));
#4900 = DIRECTION('',(0.,0.,1.));
#4901 = ADVANCED_FACE('',(#4902),#4928,.T.);
#4902 = FACE_BOUND('',#4903,.T.);
#4903 = EDGE_LOOP('',(#4904,#4905,#4913,#4922));
#4904 = ORIENTED_EDGE('',*,*,#4829,.T.);
#4905 = ORIENTED_EDGE('',*,*,#4906,.T.);
#4906 = EDGE_CURVE('',#4832,#4907,#4909,.T.);
#4907 = VERTEX_POINT('',#4908);
#4908 = CARTESIAN_POINT('',(1.2,-0.72,4.E-02));
#4909 = LINE('',#4910,#4911);
#4910 = CARTESIAN_POINT('',(-1.2,-0.72,4.E-02));
#4911 = VECTOR('',#4912,1.);
#4912 = DIRECTION('',(1.,0.,0.));
#4913 = ORIENTED_EDGE('',*,*,#4914,.F.);
#4914 = EDGE_CURVE('',#4915,#4907,#4917,.T.);
#4915 = VERTEX_POINT('',#4916);
#4916 = CARTESIAN_POINT('',(1.2,-0.76,8.E-02));
#4917 = CIRCLE('',#4918,4.E-02);
#4918 = AXIS2_PLACEMENT_3D('',#4919,#4920,#4921);
#4919 = CARTESIAN_POINT('',(1.2,-0.72,8.E-02));
#4920 = DIRECTION('',(1.,0.,-0.));
#4921 = DIRECTION('',(0.,0.,1.));
#4922 = ORIENTED_EDGE('',*,*,#4923,.F.);
#4923 = EDGE_CURVE('',#4830,#4915,#4924,.T.);
#4924 = LINE('',#4925,#4926);
#4925 = CARTESIAN_POINT('',(-1.2,-0.76,8.E-02));
#4926 = VECTOR('',#4927,1.);
#4927 = DIRECTION('',(1.,0.,0.));
#4928 = CYLINDRICAL_SURFACE('',#4929,4.E-02);
#4929 = AXIS2_PLACEMENT_3D('',#4930,#4931,#4932);
#4930 = CARTESIAN_POINT('',(-1.2,-0.72,8.E-02));
#4931 = DIRECTION('',(1.,0.,0.));
#4932 = DIRECTION('',(0.,-1.,0.));
#4933 = ADVANCED_FACE('',(#4934),#4952,.F.);
#4934 = FACE_BOUND('',#4935,.F.);
#4935 = EDGE_LOOP('',(#4936,#4937,#4938,#4946));
#4936 = ORIENTED_EDGE('',*,*,#4891,.F.);
#4937 = ORIENTED_EDGE('',*,*,#4906,.T.);
#4938 = ORIENTED_EDGE('',*,*,#4939,.T.);
#4939 = EDGE_CURVE('',#4907,#4940,#4942,.T.);
#4940 = VERTEX_POINT('',#4941);
#4941 = CARTESIAN_POINT('',(1.2,0.72,4.E-02));
#4942 = LINE('',#4943,#4944);
#4943 = CARTESIAN_POINT('',(1.2,-0.76,4.E-02));
#4944 = VECTOR('',#4945,1.);
#4945 = DIRECTION('',(0.,1.,0.));
#4946 = ORIENTED_EDGE('',*,*,#4947,.F.);
#4947 = EDGE_CURVE('',#4883,#4940,#4948,.T.);
#4948 = LINE('',#4949,#4950);
#4949 = CARTESIAN_POINT('',(-1.2,0.72,4.E-02));
#4950 = VECTOR('',#4951,1.);
#4951 = DIRECTION('',(1.,0.,0.));
#4952 = PLANE('',#4953);
#4953 = AXIS2_PLACEMENT_3D('',#4954,#4955,#4956);
#4954 = CARTESIAN_POINT('',(-1.2,-0.76,4.E-02));
#4955 = DIRECTION('',(0.,0.,1.));
#4956 = DIRECTION('',(1.,0.,-0.));
#4957 = ADVANCED_FACE('',(#4958),#4977,.T.);
#4958 = FACE_BOUND('',#4959,.T.);
#4959 = EDGE_LOOP('',(#4960,#4968,#4975,#4976));
#4960 = ORIENTED_EDGE('',*,*,#4961,.T.);
#4961 = EDGE_CURVE('',#4875,#4962,#4964,.T.);
#4962 = VERTEX_POINT('',#4963);
#4963 = CARTESIAN_POINT('',(1.2,0.76,8.E-02));
#4964 = LINE('',#4965,#4966);
#4965 = CARTESIAN_POINT('',(-1.2,0.76,8.E-02));
#4966 = VECTOR('',#4967,1.);
#4967 = DIRECTION('',(1.,0.,0.));
#4968 = ORIENTED_EDGE('',*,*,#4969,.T.);
#4969 = EDGE_CURVE('',#4962,#4940,#4970,.T.);
#4970 = CIRCLE('',#4971,4.E-02);
#4971 = AXIS2_PLACEMENT_3D('',#4972,#4973,#4974);
#4972 = CARTESIAN_POINT('',(1.2,0.72,8.E-02));
#4973 = DIRECTION('',(-1.,0.,0.));
#4974 = DIRECTION('',(0.,0.,1.));
#4975 = ORIENTED_EDGE('',*,*,#4947,.F.);
#4976 = ORIENTED_EDGE('',*,*,#4882,.F.);
#4977 = CYLINDRICAL_SURFACE('',#4978,4.E-02);
#4978 = AXIS2_PLACEMENT_3D('',#4979,#4980,#4981);
#4979 = CARTESIAN_POINT('',(-1.2,0.72,8.E-02));
#4980 = DIRECTION('',(1.,0.,0.));
#4981 = DIRECTION('',(-0.,1.,0.));
#4982 = ADVANCED_FACE('',(#4983),#5001,.T.);
#4983 = FACE_BOUND('',#4984,.T.);
#4984 = EDGE_LOOP('',(#4985,#4993,#4994,#4995));
#4985 = ORIENTED_EDGE('',*,*,#4986,.F.);
#4986 = EDGE_CURVE('',#4962,#4987,#4989,.T.);
#4987 = VERTEX_POINT('',#4988);
#4988 = CARTESIAN_POINT('',(1.2,0.76,1.52));
#4989 = LINE('',#4990,#4991);
#4990 = CARTESIAN_POINT('',(1.2,0.76,4.E-02));
#4991 = VECTOR('',#4992,1.);
#4992 = DIRECTION('',(0.,0.,1.));
#4993 = ORIENTED_EDGE('',*,*,#4961,.F.);
#4994 = ORIENTED_EDGE('',*,*,#4874,.T.);
#4995 = ORIENTED_EDGE('',*,*,#4996,.T.);
#4996 = EDGE_CURVE('',#4866,#4987,#4997,.T.);
#4997 = LINE('',#4998,#4999);
#4998 = CARTESIAN_POINT('',(-1.2,0.76,1.52));
#4999 = VECTOR('',#5000,1.);
#5000 = DIRECTION('',(1.,0.,0.));
#5001 = PLANE('',#5002);
#5002 = AXIS2_PLACEMENT_3D('',#5003,#5004,#5005);
#5003 = CARTESIAN_POINT('',(-1.2,0.76,4.E-02));
#5004 = DIRECTION('',(0.,1.,0.));
#5005 = DIRECTION('',(0.,-0.,1.));
#5006 = ADVANCED_FACE('',(#5007),#5026,.T.);
#5007 = FACE_BOUND('',#5008,.T.);
#5008 = EDGE_LOOP('',(#5009,#5010,#5018,#5025));
#5009 = ORIENTED_EDGE('',*,*,#4865,.T.);
#5010 = ORIENTED_EDGE('',*,*,#5011,.T.);
#5011 = EDGE_CURVE('',#4858,#5012,#5014,.T.);
#5012 = VERTEX_POINT('',#5013);
#5013 = CARTESIAN_POINT('',(1.2,0.72,1.56));
#5014 = LINE('',#5015,#5016);
#5015 = CARTESIAN_POINT('',(-1.2,0.72,1.56));
#5016 = VECTOR('',#5017,1.);
#5017 = DIRECTION('',(1.,0.,0.));
#5018 = ORIENTED_EDGE('',*,*,#5019,.F.);
#5019 = EDGE_CURVE('',#4987,#5012,#5020,.T.);
#5020 = CIRCLE('',#5021,4.E-02);
#5021 = AXIS2_PLACEMENT_3D('',#5022,#5023,#5024);
#5022 = CARTESIAN_POINT('',(1.2,0.72,1.52));
#5023 = DIRECTION('',(1.,0.,-0.));
#5024 = DIRECTION('',(0.,0.,1.));
#5025 = ORIENTED_EDGE('',*,*,#4996,.F.);
#5026 = CYLINDRICAL_SURFACE('',#5027,4.E-02);
#5027 = AXIS2_PLACEMENT_3D('',#5028,#5029,#5030);
#5028 = CARTESIAN_POINT('',(-1.2,0.72,1.52));
#5029 = DIRECTION('',(1.,0.,0.));
#5030 = DIRECTION('',(-0.,1.,0.));
#5031 = ADVANCED_FACE('',(#5032),#5050,.T.);
#5032 = FACE_BOUND('',#5033,.T.);
#5033 = EDGE_LOOP('',(#5034,#5035,#5043,#5049));
#5034 = ORIENTED_EDGE('',*,*,#4857,.F.);
#5035 = ORIENTED_EDGE('',*,*,#5036,.T.);
#5036 = EDGE_CURVE('',#4849,#5037,#5039,.T.);
#5037 = VERTEX_POINT('',#5038);
#5038 = CARTESIAN_POINT('',(1.2,-0.72,1.56));
#5039 = LINE('',#5040,#5041);
#5040 = CARTESIAN_POINT('',(-1.2,-0.72,1.56));
#5041 = VECTOR('',#5042,1.);
#5042 = DIRECTION('',(1.,0.,0.));
#5043 = ORIENTED_EDGE('',*,*,#5044,.T.);
#5044 = EDGE_CURVE('',#5037,#5012,#5045,.T.);
#5045 = LINE('',#5046,#5047);
#5046 = CARTESIAN_POINT('',(1.2,-0.76,1.56));
#5047 = VECTOR('',#5048,1.);
#5048 = DIRECTION('',(0.,1.,0.));
#5049 = ORIENTED_EDGE('',*,*,#5011,.F.);
#5050 = PLANE('',#5051);
#5051 = AXIS2_PLACEMENT_3D('',#5052,#5053,#5054);
#5052 = CARTESIAN_POINT('',(-1.2,-0.76,1.56));
#5053 = DIRECTION('',(0.,0.,1.));
#5054 = DIRECTION('',(1.,0.,-0.));
#5055 = ADVANCED_FACE('',(#5056),#5075,.T.);
#5056 = FACE_BOUND('',#5057,.T.);
#5057 = EDGE_LOOP('',(#5058,#5066,#5073,#5074));
#5058 = ORIENTED_EDGE('',*,*,#5059,.T.);
#5059 = EDGE_CURVE('',#4841,#5060,#5062,.T.);
#5060 = VERTEX_POINT('',#5061);
#5061 = CARTESIAN_POINT('',(1.2,-0.76,1.52));
#5062 = LINE('',#5063,#5064);
#5063 = CARTESIAN_POINT('',(-1.2,-0.76,1.52));
#5064 = VECTOR('',#5065,1.);
#5065 = DIRECTION('',(1.,0.,0.));
#5066 = ORIENTED_EDGE('',*,*,#5067,.T.);
#5067 = EDGE_CURVE('',#5060,#5037,#5068,.T.);
#5068 = CIRCLE('',#5069,4.E-02);
#5069 = AXIS2_PLACEMENT_3D('',#5070,#5071,#5072);
#5070 = CARTESIAN_POINT('',(1.2,-0.72,1.52));
#5071 = DIRECTION('',(-1.,0.,0.));
#5072 = DIRECTION('',(0.,0.,1.));
#5073 = ORIENTED_EDGE('',*,*,#5036,.F.);
#5074 = ORIENTED_EDGE('',*,*,#4848,.F.);
#5075 = CYLINDRICAL_SURFACE('',#5076,4.E-02);
#5076 = AXIS2_PLACEMENT_3D('',#5077,#5078,#5079);
#5077 = CARTESIAN_POINT('',(-1.2,-0.72,1.52));
#5078 = DIRECTION('',(1.,0.,0.));
#5079 = DIRECTION('',(0.,-1.,0.));
#5080 = ADVANCED_FACE('',(#5081),#5092,.F.);
#5081 = FACE_BOUND('',#5082,.F.);
#5082 = EDGE_LOOP('',(#5083,#5089,#5090,#5091));
#5083 = ORIENTED_EDGE('',*,*,#5084,.F.);
#5084 = EDGE_CURVE('',#4915,#5060,#5085,.T.);
#5085 = LINE('',#5086,#5087);
#5086 = CARTESIAN_POINT('',(1.2,-0.76,4.E-02));
#5087 = VECTOR('',#5088,1.);
#5088 = DIRECTION('',(0.,0.,1.));
#5089 = ORIENTED_EDGE('',*,*,#4923,.F.);
#5090 = ORIENTED_EDGE('',*,*,#4840,.T.);
#5091 = ORIENTED_EDGE('',*,*,#5059,.T.);
#5092 = PLANE('',#5093);
#5093 = AXIS2_PLACEMENT_3D('',#5094,#5095,#5096);
#5094 = CARTESIAN_POINT('',(-1.2,-0.76,4.E-02));
#5095 = DIRECTION('',(0.,1.,0.));
#5096 = DIRECTION('',(0.,-0.,1.));
#5097 = ADVANCED_FACE('',(#5098,#5168),#5178,.F.);
#5098 = FACE_BOUND('',#5099,.F.);
#5099 = EDGE_LOOP('',(#5100,#5110,#5119,#5127,#5136,#5144,#5153,#5161));
#5100 = ORIENTED_EDGE('',*,*,#5101,.F.);
#5101 = EDGE_CURVE('',#5102,#5104,#5106,.T.);
#5102 = VERTEX_POINT('',#5103);
#5103 = CARTESIAN_POINT('',(1.2,-0.8,4.E-02));
#5104 = VERTEX_POINT('',#5105);
#5105 = CARTESIAN_POINT('',(1.2,-0.8,1.56));
#5106 = LINE('',#5107,#5108);
#5107 = CARTESIAN_POINT('',(1.2,-0.8,0.));
#5108 = VECTOR('',#5109,1.);
#5109 = DIRECTION('',(0.,0.,1.));
#5110 = ORIENTED_EDGE('',*,*,#5111,.T.);
#5111 = EDGE_CURVE('',#5102,#5112,#5114,.T.);
#5112 = VERTEX_POINT('',#5113);
#5113 = CARTESIAN_POINT('',(1.2,-0.76,0.));
#5114 = CIRCLE('',#5115,4.E-02);
#5115 = AXIS2_PLACEMENT_3D('',#5116,#5117,#5118);
#5116 = CARTESIAN_POINT('',(1.2,-0.76,4.E-02));
#5117 = DIRECTION('',(1.,0.,-0.));
#5118 = DIRECTION('',(0.,0.,1.));
#5119 = ORIENTED_EDGE('',*,*,#5120,.T.);
#5120 = EDGE_CURVE('',#5112,#5121,#5123,.T.);
#5121 = VERTEX_POINT('',#5122);
#5122 = CARTESIAN_POINT('',(1.2,0.76,0.));
#5123 = LINE('',#5124,#5125);
#5124 = CARTESIAN_POINT('',(1.2,-0.8,0.));
#5125 = VECTOR('',#5126,1.);
#5126 = DIRECTION('',(0.,1.,0.));
#5127 = ORIENTED_EDGE('',*,*,#5128,.F.);
#5128 = EDGE_CURVE('',#5129,#5121,#5131,.T.);
#5129 = VERTEX_POINT('',#5130);
#5130 = CARTESIAN_POINT('',(1.2,0.8,4.E-02));
#5131 = CIRCLE('',#5132,4.E-02);
#5132 = AXIS2_PLACEMENT_3D('',#5133,#5134,#5135);
#5133 = CARTESIAN_POINT('',(1.2,0.76,4.E-02));
#5134 = DIRECTION('',(-1.,0.,0.));
#5135 = DIRECTION('',(0.,0.,1.));
#5136 = ORIENTED_EDGE('',*,*,#5137,.T.);
#5137 = EDGE_CURVE('',#5129,#5138,#5140,.T.);
#5138 = VERTEX_POINT('',#5139);
#5139 = CARTESIAN_POINT('',(1.2,0.8,1.56));
#5140 = LINE('',#5141,#5142);
#5141 = CARTESIAN_POINT('',(1.2,0.8,0.));
#5142 = VECTOR('',#5143,1.);
#5143 = DIRECTION('',(0.,0.,1.));
#5144 = ORIENTED_EDGE('',*,*,#5145,.T.);
#5145 = EDGE_CURVE('',#5138,#5146,#5148,.T.);
#5146 = VERTEX_POINT('',#5147);
#5147 = CARTESIAN_POINT('',(1.2,0.76,1.6));
#5148 = CIRCLE('',#5149,4.E-02);
#5149 = AXIS2_PLACEMENT_3D('',#5150,#5151,#5152);
#5150 = CARTESIAN_POINT('',(1.2,0.76,1.56));
#5151 = DIRECTION('',(1.,0.,-0.));
#5152 = DIRECTION('',(0.,0.,1.));
#5153 = ORIENTED_EDGE('',*,*,#5154,.F.);
#5154 = EDGE_CURVE('',#5155,#5146,#5157,.T.);
#5155 = VERTEX_POINT('',#5156);
#5156 = CARTESIAN_POINT('',(1.2,-0.76,1.6));
#5157 = LINE('',#5158,#5159);
#5158 = CARTESIAN_POINT('',(1.2,-0.8,1.6));
#5159 = VECTOR('',#5160,1.);
#5160 = DIRECTION('',(0.,1.,0.));
#5161 = ORIENTED_EDGE('',*,*,#5162,.F.);
#5162 = EDGE_CURVE('',#5104,#5155,#5163,.T.);
#5163 = CIRCLE('',#5164,4.E-02);
#5164 = AXIS2_PLACEMENT_3D('',#5165,#5166,#5167);
#5165 = CARTESIAN_POINT('',(1.2,-0.76,1.56));
#5166 = DIRECTION('',(-1.,0.,0.));
#5167 = DIRECTION('',(0.,0.,1.));
#5168 = FACE_BOUND('',#5169,.F.);
#5169 = EDGE_LOOP('',(#5170,#5171,#5172,#5173,#5174,#5175,#5176,#5177));
#5170 = ORIENTED_EDGE('',*,*,#4914,.F.);
#5171 = ORIENTED_EDGE('',*,*,#5084,.T.);
#5172 = ORIENTED_EDGE('',*,*,#5067,.T.);
#5173 = ORIENTED_EDGE('',*,*,#5044,.T.);
#5174 = ORIENTED_EDGE('',*,*,#5019,.F.);
#5175 = ORIENTED_EDGE('',*,*,#4986,.F.);
#5176 = ORIENTED_EDGE('',*,*,#4969,.T.);
#5177 = ORIENTED_EDGE('',*,*,#4939,.F.);
#5178 = PLANE('',#5179);
#5179 = AXIS2_PLACEMENT_3D('',#5180,#5181,#5182);
#5180 = CARTESIAN_POINT('',(1.2,-0.8,0.));
#5181 = DIRECTION('',(1.,0.,0.));
#5182 = DIRECTION('',(0.,0.,1.));
#5183 = ADVANCED_FACE('',(#5184),#5209,.F.);
#5184 = FACE_BOUND('',#5185,.F.);
#5185 = EDGE_LOOP('',(#5186,#5196,#5202,#5203));
#5186 = ORIENTED_EDGE('',*,*,#5187,.F.);
#5187 = EDGE_CURVE('',#5188,#5190,#5192,.T.);
#5188 = VERTEX_POINT('',#5189);
#5189 = CARTESIAN_POINT('',(1.6,-0.8,4.E-02));
#5190 = VERTEX_POINT('',#5191);
#5191 = CARTESIAN_POINT('',(1.6,-0.8,1.56));
#5192 = LINE('',#5193,#5194);
#5193 = CARTESIAN_POINT('',(1.6,-0.8,0.));
#5194 = VECTOR('',#5195,1.);
#5195 = DIRECTION('',(0.,0.,1.));
#5196 = ORIENTED_EDGE('',*,*,#5197,.F.);
#5197 = EDGE_CURVE('',#5102,#5188,#5198,.T.);
#5198 = LINE('',#5199,#5200);
#5199 = CARTESIAN_POINT('',(1.2,-0.8,4.E-02));
#5200 = VECTOR('',#5201,1.);
#5201 = DIRECTION('',(1.,0.,0.));
#5202 = ORIENTED_EDGE('',*,*,#5101,.T.);
#5203 = ORIENTED_EDGE('',*,*,#5204,.T.);
#5204 = EDGE_CURVE('',#5104,#5190,#5205,.T.);
#5205 = LINE('',#5206,#5207);
#5206 = CARTESIAN_POINT('',(1.2,-0.8,1.56));
#5207 = VECTOR('',#5208,1.);
#5208 = DIRECTION('',(1.,0.,0.));
#5209 = PLANE('',#5210);
#5210 = AXIS2_PLACEMENT_3D('',#5211,#5212,#5213);
#5211 = CARTESIAN_POINT('',(1.2,-0.8,0.));
#5212 = DIRECTION('',(0.,1.,0.));
#5213 = DIRECTION('',(0.,-0.,1.));
#5214 = ADVANCED_FACE('',(#5215),#5234,.T.);
#5215 = FACE_BOUND('',#5216,.T.);
#5216 = EDGE_LOOP('',(#5217,#5218,#5226,#5233));
#5217 = ORIENTED_EDGE('',*,*,#5111,.T.);
#5218 = ORIENTED_EDGE('',*,*,#5219,.T.);
#5219 = EDGE_CURVE('',#5112,#5220,#5222,.T.);
#5220 = VERTEX_POINT('',#5221);
#5221 = CARTESIAN_POINT('',(1.6,-0.76,0.));
#5222 = LINE('',#5223,#5224);
#5223 = CARTESIAN_POINT('',(1.2,-0.76,0.));
#5224 = VECTOR('',#5225,1.);
#5225 = DIRECTION('',(1.,0.,0.));
#5226 = ORIENTED_EDGE('',*,*,#5227,.F.);
#5227 = EDGE_CURVE('',#5188,#5220,#5228,.T.);
#5228 = CIRCLE('',#5229,4.E-02);
#5229 = AXIS2_PLACEMENT_3D('',#5230,#5231,#5232);
#5230 = CARTESIAN_POINT('',(1.6,-0.76,4.E-02));
#5231 = DIRECTION('',(1.,0.,-0.));
#5232 = DIRECTION('',(0.,0.,1.));
#5233 = ORIENTED_EDGE('',*,*,#5197,.F.);
#5234 = CYLINDRICAL_SURFACE('',#5235,4.E-02);
#5235 = AXIS2_PLACEMENT_3D('',#5236,#5237,#5238);
#5236 = CARTESIAN_POINT('',(1.2,-0.76,4.E-02));
#5237 = DIRECTION('',(1.,0.,0.));
#5238 = DIRECTION('',(0.,-1.,0.));
#5239 = ADVANCED_FACE('',(#5240),#5259,.T.);
#5240 = FACE_BOUND('',#5241,.T.);
#5241 = EDGE_LOOP('',(#5242,#5243,#5252,#5258));
#5242 = ORIENTED_EDGE('',*,*,#5204,.T.);
#5243 = ORIENTED_EDGE('',*,*,#5244,.T.);
#5244 = EDGE_CURVE('',#5190,#5245,#5247,.T.);
#5245 = VERTEX_POINT('',#5246);
#5246 = CARTESIAN_POINT('',(1.6,-0.76,1.6));
#5247 = CIRCLE('',#5248,4.E-02);
#5248 = AXIS2_PLACEMENT_3D('',#5249,#5250,#5251);
#5249 = CARTESIAN_POINT('',(1.6,-0.76,1.56));
#5250 = DIRECTION('',(-1.,0.,0.));
#5251 = DIRECTION('',(0.,0.,1.));
#5252 = ORIENTED_EDGE('',*,*,#5253,.F.);
#5253 = EDGE_CURVE('',#5155,#5245,#5254,.T.);
#5254 = LINE('',#5255,#5256);
#5255 = CARTESIAN_POINT('',(1.2,-0.76,1.6));
#5256 = VECTOR('',#5257,1.);
#5257 = DIRECTION('',(1.,0.,0.));
#5258 = ORIENTED_EDGE('',*,*,#5162,.F.);
#5259 = CYLINDRICAL_SURFACE('',#5260,4.E-02);
#5260 = AXIS2_PLACEMENT_3D('',#5261,#5262,#5263);
#5261 = CARTESIAN_POINT('',(1.2,-0.76,1.56));
#5262 = DIRECTION('',(1.,0.,0.));
#5263 = DIRECTION('',(0.,-1.,0.));
#5264 = ADVANCED_FACE('',(#5265),#5283,.F.);
#5265 = FACE_BOUND('',#5266,.F.);
#5266 = EDGE_LOOP('',(#5267,#5268,#5269,#5277));
#5267 = ORIENTED_EDGE('',*,*,#5120,.F.);
#5268 = ORIENTED_EDGE('',*,*,#5219,.T.);
#5269 = ORIENTED_EDGE('',*,*,#5270,.T.);
#5270 = EDGE_CURVE('',#5220,#5271,#5273,.T.);
#5271 = VERTEX_POINT('',#5272);
#5272 = CARTESIAN_POINT('',(1.6,0.76,0.));
#5273 = LINE('',#5274,#5275);
#5274 = CARTESIAN_POINT('',(1.6,-0.8,0.));
#5275 = VECTOR('',#5276,1.);
#5276 = DIRECTION('',(0.,1.,0.));
#5277 = ORIENTED_EDGE('',*,*,#5278,.F.);
#5278 = EDGE_CURVE('',#5121,#5271,#5279,.T.);
#5279 = LINE('',#5280,#5281);
#5280 = CARTESIAN_POINT('',(1.2,0.76,0.));
#5281 = VECTOR('',#5282,1.);
#5282 = DIRECTION('',(1.,0.,0.));
#5283 = PLANE('',#5284);
#5284 = AXIS2_PLACEMENT_3D('',#5285,#5286,#5287);
#5285 = CARTESIAN_POINT('',(1.2,-0.8,0.));
#5286 = DIRECTION('',(0.,0.,1.));
#5287 = DIRECTION('',(1.,0.,-0.));
#5288 = ADVANCED_FACE('',(#5289),#5307,.T.);
#5289 = FACE_BOUND('',#5290,.T.);
#5290 = EDGE_LOOP('',(#5291,#5292,#5293,#5301));
#5291 = ORIENTED_EDGE('',*,*,#5154,.F.);
#5292 = ORIENTED_EDGE('',*,*,#5253,.T.);
#5293 = ORIENTED_EDGE('',*,*,#5294,.T.);
#5294 = EDGE_CURVE('',#5245,#5295,#5297,.T.);
#5295 = VERTEX_POINT('',#5296);
#5296 = CARTESIAN_POINT('',(1.6,0.76,1.6));
#5297 = LINE('',#5298,#5299);
#5298 = CARTESIAN_POINT('',(1.6,-0.8,1.6));
#5299 = VECTOR('',#5300,1.);
#5300 = DIRECTION('',(0.,1.,0.));
#5301 = ORIENTED_EDGE('',*,*,#5302,.F.);
#5302 = EDGE_CURVE('',#5146,#5295,#5303,.T.);
#5303 = LINE('',#5304,#5305);
#5304 = CARTESIAN_POINT('',(1.2,0.76,1.6));
#5305 = VECTOR('',#5306,1.);
#5306 = DIRECTION('',(1.,0.,0.));
#5307 = PLANE('',#5308);
#5308 = AXIS2_PLACEMENT_3D('',#5309,#5310,#5311);
#5309 = CARTESIAN_POINT('',(1.2,-0.8,1.6));
#5310 = DIRECTION('',(0.,0.,1.));
#5311 = DIRECTION('',(1.,0.,-0.));
#5312 = ADVANCED_FACE('',(#5313),#5332,.T.);
#5313 = FACE_BOUND('',#5314,.T.);
#5314 = EDGE_LOOP('',(#5315,#5323,#5330,#5331));
#5315 = ORIENTED_EDGE('',*,*,#5316,.T.);
#5316 = EDGE_CURVE('',#5129,#5317,#5319,.T.);
#5317 = VERTEX_POINT('',#5318);
#5318 = CARTESIAN_POINT('',(1.6,0.8,4.E-02));
#5319 = LINE('',#5320,#5321);
#5320 = CARTESIAN_POINT('',(1.2,0.8,4.E-02));
#5321 = VECTOR('',#5322,1.);
#5322 = DIRECTION('',(1.,0.,0.));
#5323 = ORIENTED_EDGE('',*,*,#5324,.T.);
#5324 = EDGE_CURVE('',#5317,#5271,#5325,.T.);
#5325 = CIRCLE('',#5326,4.E-02);
#5326 = AXIS2_PLACEMENT_3D('',#5327,#5328,#5329);
#5327 = CARTESIAN_POINT('',(1.6,0.76,4.E-02));
#5328 = DIRECTION('',(-1.,0.,0.));
#5329 = DIRECTION('',(0.,0.,1.));
#5330 = ORIENTED_EDGE('',*,*,#5278,.F.);
#5331 = ORIENTED_EDGE('',*,*,#5128,.F.);
#5332 = CYLINDRICAL_SURFACE('',#5333,4.E-02);
#5333 = AXIS2_PLACEMENT_3D('',#5334,#5335,#5336);
#5334 = CARTESIAN_POINT('',(1.2,0.76,4.E-02));
#5335 = DIRECTION('',(1.,0.,0.));
#5336 = DIRECTION('',(-0.,1.,0.));
#5337 = ADVANCED_FACE('',(#5338),#5357,.T.);
#5338 = FACE_BOUND('',#5339,.T.);
#5339 = EDGE_LOOP('',(#5340,#5341,#5342,#5351));
#5340 = ORIENTED_EDGE('',*,*,#5145,.T.);
#5341 = ORIENTED_EDGE('',*,*,#5302,.T.);
#5342 = ORIENTED_EDGE('',*,*,#5343,.F.);
#5343 = EDGE_CURVE('',#5344,#5295,#5346,.T.);
#5344 = VERTEX_POINT('',#5345);
#5345 = CARTESIAN_POINT('',(1.6,0.8,1.56));
#5346 = CIRCLE('',#5347,4.E-02);
#5347 = AXIS2_PLACEMENT_3D('',#5348,#5349,#5350);
#5348 = CARTESIAN_POINT('',(1.6,0.76,1.56));
#5349 = DIRECTION('',(1.,0.,-0.));
#5350 = DIRECTION('',(0.,0.,1.));
#5351 = ORIENTED_EDGE('',*,*,#5352,.F.);
#5352 = EDGE_CURVE('',#5138,#5344,#5353,.T.);
#5353 = LINE('',#5354,#5355);
#5354 = CARTESIAN_POINT('',(1.2,0.8,1.56));
#5355 = VECTOR('',#5356,1.);
#5356 = DIRECTION('',(1.,0.,0.));
#5357 = CYLINDRICAL_SURFACE('',#5358,4.E-02);
#5358 = AXIS2_PLACEMENT_3D('',#5359,#5360,#5361);
#5359 = CARTESIAN_POINT('',(1.2,0.76,1.56));
#5360 = DIRECTION('',(1.,0.,0.));
#5361 = DIRECTION('',(-0.,1.,0.));
#5362 = ADVANCED_FACE('',(#5363),#5374,.T.);
#5363 = FACE_BOUND('',#5364,.T.);
#5364 = EDGE_LOOP('',(#5365,#5371,#5372,#5373));
#5365 = ORIENTED_EDGE('',*,*,#5366,.F.);
#5366 = EDGE_CURVE('',#5317,#5344,#5367,.T.);
#5367 = LINE('',#5368,#5369);
#5368 = CARTESIAN_POINT('',(1.6,0.8,0.));
#5369 = VECTOR('',#5370,1.);
#5370 = DIRECTION('',(0.,0.,1.));
#5371 = ORIENTED_EDGE('',*,*,#5316,.F.);
#5372 = ORIENTED_EDGE('',*,*,#5137,.T.);
#5373 = ORIENTED_EDGE('',*,*,#5352,.T.);
#5374 = PLANE('',#5375);
#5375 = AXIS2_PLACEMENT_3D('',#5376,#5377,#5378);
#5376 = CARTESIAN_POINT('',(1.2,0.8,0.));
#5377 = DIRECTION('',(0.,1.,0.));
#5378 = DIRECTION('',(0.,-0.,1.));
#5379 = ADVANCED_FACE('',(#5380),#5390,.T.);
#5380 = FACE_BOUND('',#5381,.T.);
#5381 = EDGE_LOOP('',(#5382,#5383,#5384,#5385,#5386,#5387,#5388,#5389));
#5382 = ORIENTED_EDGE('',*,*,#5187,.F.);
#5383 = ORIENTED_EDGE('',*,*,#5227,.T.);
#5384 = ORIENTED_EDGE('',*,*,#5270,.T.);
#5385 = ORIENTED_EDGE('',*,*,#5324,.F.);
#5386 = ORIENTED_EDGE('',*,*,#5366,.T.);
#5387 = ORIENTED_EDGE('',*,*,#5343,.T.);
#5388 = ORIENTED_EDGE('',*,*,#5294,.F.);
#5389 = ORIENTED_EDGE('',*,*,#5244,.F.);
#5390 = PLANE('',#5391);
#5391 = AXIS2_PLACEMENT_3D('',#5392,#5393,#5394);
#5392 = CARTESIAN_POINT('',(1.6,-0.8,0.));
#5393 = DIRECTION('',(1.,0.,0.));
#5394 = DIRECTION('',(0.,0.,1.));
#5395 = ( GEOMETRIC_REPRESENTATION_CONTEXT(3) 
GLOBAL_UNCERTAINTY_ASSIGNED_CONTEXT((#5399)) 
GLOBAL_UNIT_ASSIGNED_CONTEXT((#5396,#5397,#5398)) REPRESENTATION_CONTEXT
('Context #1','3D Context with UNIT and UNCERTAINTY') );
#5396 = ( LENGTH_UNIT() NAMED_UNIT(*) SI_UNIT(.MILLI.,.METRE.) );
#5397 = ( NAMED_UNIT(*) PLANE_ANGLE_UNIT() SI_UNIT($,.RADIAN.) );
#5398 = ( NAMED_UNIT(*) SI_UNIT($,.STERADIAN.) SOLID_ANGLE_UNIT() );
#5399 = UNCERTAINTY_MEASURE_WITH_UNIT(LENGTH_MEASURE(1.E-07),#5396,
  'distance_accuracy_value','confusion accuracy');
#5400 = CONTEXT_DEPENDENT_SHAPE_REPRESENTATION(#5401,#5403);
#5401 = ( REPRESENTATION_RELATIONSHIP('','',#4540,#10) 
REPRESENTATION_RELATIONSHIP_WITH_TRANSFORMATION(#5402) 
SHAPE_REPRESENTATION_RELATIONSHIP() );
#5402 = ITEM_DEFINED_TRANSFORMATION('','',#11,#27);
#5403 = PRODUCT_DEFINITION_SHAPE('Placement','Placement of an item',
  #5404);
#5404 = NEXT_ASSEMBLY_USAGE_OCCURRENCE('4','C1','',#5,#4535,$);
#5405 = PRODUCT_RELATED_PRODUCT_CATEGORY('part',$,(#4537));
#5406 = CONTEXT_DEPENDENT_SHAPE_REPRESENTATION(#5407,#5409);
#5407 = ( REPRESENTATION_RELATIONSHIP('','',#188,#10) 
REPRESENTATION_RELATIONSHIP_WITH_TRANSFORMATION(#5408) 
SHAPE_REPRESENTATION_RELATIONSHIP() );
#5408 = ITEM_DEFINED_TRANSFORMATION('','',#11,#31);
#5409 = PRODUCT_DEFINITION_SHAPE('Placement','Placement of an item',
  #5410);
#5410 = NEXT_ASSEMBLY_USAGE_OCCURRENCE('5','U3','',#5,#183,$);
#5411 = CONTEXT_DEPENDENT_SHAPE_REPRESENTATION(#5412,#5414);
#5412 = ( REPRESENTATION_RELATIONSHIP('','',#4540,#10) 
REPRESENTATION_RELATIONSHIP_WITH_TRANSFORMATION(#5413) 
SHAPE_REPRESENTATION_RELATIONSHIP() );
#5413 = ITEM_DEFINED_TRANSFORMATION('','',#11,#35);
#5414 = PRODUCT_DEFINITION_SHAPE('Placement','Placement of an item',
  #5415);
#5415 = NEXT_ASSEMBLY_USAGE_OCCURRENCE('6','C9','',#5,#4535,$);
#5416 = CONTEXT_DEPENDENT_SHAPE_REPRESENTATION(#5417,#5419);
#5417 = ( REPRESENTATION_RELATIONSHIP('','',#4540,#10) 
REPRESENTATION_RELATIONSHIP_WITH_TRANSFORMATION(#5418) 
SHAPE_REPRESENTATION_RELATIONSHIP() );
#5418 = ITEM_DEFINED_TRANSFORMATION('','',#11,#39);
#5419 = PRODUCT_DEFINITION_SHAPE('Placement','Placement of an item',
  #5420);
#5420 = NEXT_ASSEMBLY_USAGE_OCCURRENCE('7','C5','',#5,#4535,$);
#5421 = CONTEXT_DEPENDENT_SHAPE_REPRESENTATION(#5422,#5424);
#5422 = ( REPRESENTATION_RELATIONSHIP('','',#3731,#10) 
REPRESENTATION_RELATIONSHIP_WITH_TRANSFORMATION(#5423) 
SHAPE_REPRESENTATION_RELATIONSHIP() );
#5423 = ITEM_DEFINED_TRANSFORMATION('','',#11,#43);
#5424 = PRODUCT_DEFINITION_SHAPE('Placement','Placement of an item',
  #5425);
#5425 = NEXT_ASSEMBLY_USAGE_OCCURRENCE('8','R8','',#5,#3726,$);
#5426 = CONTEXT_DEPENDENT_SHAPE_REPRESENTATION(#5427,#5429);
#5427 = ( REPRESENTATION_RELATIONSHIP('','',#2189,#10) 
REPRESENTATION_RELATIONSHIP_WITH_TRANSFORMATION(#5428) 
SHAPE_REPRESENTATION_RELATIONSHIP() );
#5428 = ITEM_DEFINED_TRANSFORMATION('','',#11,#47);
#5429 = PRODUCT_DEFINITION_SHAPE('Placement','Placement of an item',
  #5430);
#5430 = NEXT_ASSEMBLY_USAGE_OCCURRENCE('9','D1','',#5,#2184,$);
#5431 = CONTEXT_DEPENDENT_SHAPE_REPRESENTATION(#5432,#5434);
#5432 = ( REPRESENTATION_RELATIONSHIP('','',#4540,#10) 
REPRESENTATION_RELATIONSHIP_WITH_TRANSFORMATION(#5433) 
SHAPE_REPRESENTATION_RELATIONSHIP() );
#5433 = ITEM_DEFINED_TRANSFORMATION('','',#11,#51);
#5434 = PRODUCT_DEFINITION_SHAPE('Placement','Placement of an item',
  #5435);
#5435 = NEXT_ASSEMBLY_USAGE_OCCURRENCE('10','C6','',#5,#4535,$);
#5436 = CONTEXT_DEPENDENT_SHAPE_REPRESENTATION(#5437,#5439);
#5437 = ( REPRESENTATION_RELATIONSHIP('','',#3731,#10) 
REPRESENTATION_RELATIONSHIP_WITH_TRANSFORMATION(#5438) 
SHAPE_REPRESENTATION_RELATIONSHIP() );
#5438 = ITEM_DEFINED_TRANSFORMATION('','',#11,#55);
#5439 = PRODUCT_DEFINITION_SHAPE('Placement','Placement of an item',
  #5440);
#5440 = NEXT_ASSEMBLY_USAGE_OCCURRENCE('11','R3','',#5,#3726,$);
#5441 = CONTEXT_DEPENDENT_SHAPE_REPRESENTATION(#5442,#5444);
#5442 = ( REPRESENTATION_RELATIONSHIP('','',#4540,#10) 
REPRESENTATION_RELATIONSHIP_WITH_TRANSFORMATION(#5443) 
SHAPE_REPRESENTATION_RELATIONSHIP() );
#5443 = ITEM_DEFINED_TRANSFORMATION('','',#11,#59);
#5444 = PRODUCT_DEFINITION_SHAPE('Placement','Placement of an item',
  #5445);
#5445 = NEXT_ASSEMBLY_USAGE_OCCURRENCE('12','C3','',#5,#4535,$);
#5446 = CONTEXT_DEPENDENT_SHAPE_REPRESENTATION(#5447,#5449);
#5447 = ( REPRESENTATION_RELATIONSHIP('','',#4540,#10) 
REPRESENTATION_RELATIONSHIP_WITH_TRANSFORMATION(#5448) 
SHAPE_REPRESENTATION_RELATIONSHIP() );
#5448 = ITEM_DEFINED_TRANSFORMATION('','',#11,#63);
#5449 = PRODUCT_DEFINITION_SHAPE('Placement','Placement of an item',
  #5450);
#5450 = NEXT_ASSEMBLY_USAGE_OCCURRENCE('13','C4','',#5,#4535,$);
#5451 = CONTEXT_DEPENDENT_SHAPE_REPRESENTATION(#5452,#5454);
#5452 = ( REPRESENTATION_RELATIONSHIP('','',#188,#10) 
REPRESENTATION_RELATIONSHIP_WITH_TRANSFORMATION(#5453) 
SHAPE_REPRESENTATION_RELATIONSHIP() );
#5453 = ITEM_DEFINED_TRANSFORMATION('','',#11,#67);
#5454 = PRODUCT_DEFINITION_SHAPE('Placement','Placement of an item',
  #5455);
#5455 = NEXT_ASSEMBLY_USAGE_OCCURRENCE('14','U11','',#5,#183,$);
#5456 = CONTEXT_DEPENDENT_SHAPE_REPRESENTATION(#5457,#5459);
#5457 = ( REPRESENTATION_RELATIONSHIP('','',#2189,#10) 
REPRESENTATION_RELATIONSHIP_WITH_TRANSFORMATION(#5458) 
SHAPE_REPRESENTATION_RELATIONSHIP() );
#5458 = ITEM_DEFINED_TRANSFORMATION('','',#11,#71);
#5459 = PRODUCT_DEFINITION_SHAPE('Placement','Placement of an item',
  #5460);
#5460 = NEXT_ASSEMBLY_USAGE_OCCURRENCE('15','D9','',#5,#2184,$);
#5461 = CONTEXT_DEPENDENT_SHAPE_REPRESENTATION(#5462,#5464);
#5462 = ( REPRESENTATION_RELATIONSHIP('','',#188,#10) 
REPRESENTATION_RELATIONSHIP_WITH_TRANSFORMATION(#5463) 
SHAPE_REPRESENTATION_RELATIONSHIP() );
#5463 = ITEM_DEFINED_TRANSFORMATION('','',#11,#75);
#5464 = PRODUCT_DEFINITION_SHAPE('Placement','Placement of an item',
  #5465);
#5465 = NEXT_ASSEMBLY_USAGE_OCCURRENCE('16','U7','',#5,#183,$);
#5466 = CONTEXT_DEPENDENT_SHAPE_REPRESENTATION(#5467,#5469);
#5467 = ( REPRESENTATION_RELATIONSHIP('','',#3731,#10) 
REPRESENTATION_RELATIONSHIP_WITH_TRANSFORMATION(#5468) 
SHAPE_REPRESENTATION_RELATIONSHIP() );
#5468 = ITEM_DEFINED_TRANSFORMATION('','',#11,#79);
#5469 = PRODUCT_DEFINITION_SHAPE('Placement','Placement of an item',
  #5470);
#5470 = NEXT_ASSEMBLY_USAGE_OCCURRENCE('17','R9','',#5,#3726,$);
#5471 = CONTEXT_DEPENDENT_SHAPE_REPRESENTATION(#5472,#5474);
#5472 = ( REPRESENTATION_RELATIONSHIP('','',#188,#10) 
REPRESENTATION_RELATIONSHIP_WITH_TRANSFORMATION(#5473) 
SHAPE_REPRESENTATION_RELATIONSHIP() );
#5473 = ITEM_DEFINED_TRANSFORMATION('','',#11,#83);
#5474 = PRODUCT_DEFINITION_SHAPE('Placement','Placement of an item',
  #5475);
#5475 = NEXT_ASSEMBLY_USAGE_OCCURRENCE('18','U5','',#5,#183,$);
#5476 = CONTEXT_DEPENDENT_SHAPE_REPRESENTATION(#5477,#5479);
#5477 = ( REPRESENTATION_RELATIONSHIP('','',#3731,#10) 
REPRESENTATION_RELATIONSHIP_WITH_TRANSFORMATION(#5478) 
SHAPE_REPRESENTATION_RELATIONSHIP() );
#5478 = ITEM_DEFINED_TRANSFORMATION('','',#11,#87);
#5479 = PRODUCT_DEFINITION_SHAPE('Placement','Placement of an item',
  #5480);
#5480 = NEXT_ASSEMBLY_USAGE_OCCURRENCE('19','R4','',#5,#3726,$);
#5481 = CONTEXT_DEPENDENT_SHAPE_REPRESENTATION(#5482,#5484);
#5482 = ( REPRESENTATION_RELATIONSHIP('','',#3731,#10) 
REPRESENTATION_RELATIONSHIP_WITH_TRANSFORMATION(#5483) 
SHAPE_REPRESENTATION_RELATIONSHIP() );
#5483 = ITEM_DEFINED_TRANSFORMATION('','',#11,#91);
#5484 = PRODUCT_DEFINITION_SHAPE('Placement','Placement of an item',
  #5485);
#5485 = NEXT_ASSEMBLY_USAGE_OCCURRENCE('20','R1','',#5,#3726,$);
#5486 = CONTEXT_DEPENDENT_SHAPE_REPRESENTATION(#5487,#5489);
#5487 = ( REPRESENTATION_RELATIONSHIP('','',#3731,#10) 
REPRESENTATION_RELATIONSHIP_WITH_TRANSFORMATION(#5488) 
SHAPE_REPRESENTATION_RELATIONSHIP() );
#5488 = ITEM_DEFINED_TRANSFORMATION('','',#11,#95);
#5489 = PRODUCT_DEFINITION_SHAPE('Placement','Placement of an item',
  #5490);
#5490 = NEXT_ASSEMBLY_USAGE_OCCURRENCE('21','R5','',#5,#3726,$);
#5491 = CONTEXT_DEPENDENT_SHAPE_REPRESENTATION(#5492,#5494);
#5492 = ( REPRESENTATION_RELATIONSHIP('','',#2189,#10) 
REPRESENTATION_RELATIONSHIP_WITH_TRANSFORMATION(#5493) 
SHAPE_REPRESENTATION_RELATIONSHIP() );
#5493 = ITEM_DEFINED_TRANSFORMATION('','',#11,#99);
#5494 = PRODUCT_DEFINITION_SHAPE('Placement','Placement of an item',
  #5495);
#5495 = NEXT_ASSEMBLY_USAGE_OCCURRENCE('22','D6','',#5,#2184,$);
#5496 = CONTEXT_DEPENDENT_SHAPE_REPRESENTATION(#5497,#5499);
#5497 = ( REPRESENTATION_RELATIONSHIP('','',#4540,#10) 
REPRESENTATION_RELATIONSHIP_WITH_TRANSFORMATION(#5498) 
SHAPE_REPRESENTATION_RELATIONSHIP() );
#5498 = ITEM_DEFINED_TRANSFORMATION('','',#11,#103);
#5499 = PRODUCT_DEFINITION_SHAPE('Placement','Placement of an item',
  #5500);
#5500 = NEXT_ASSEMBLY_USAGE_OCCURRENCE('23','C2','',#5,#4535,$);
#5501 = CONTEXT_DEPENDENT_SHAPE_REPRESENTATION(#5502,#5504);
#5502 = ( REPRESENTATION_RELATIONSHIP('','',#188,#10) 
REPRESENTATION_RELATIONSHIP_WITH_TRANSFORMATION(#5503) 
SHAPE_REPRESENTATION_RELATIONSHIP() );
#5503 = ITEM_DEFINED_TRANSFORMATION('','',#11,#107);
#5504 = PRODUCT_DEFINITION_SHAPE('Placement','Placement of an item',
  #5505);
#5505 = NEXT_ASSEMBLY_USAGE_OCCURRENCE('24','U6','',#5,#183,$);
#5506 = CONTEXT_DEPENDENT_SHAPE_REPRESENTATION(#5507,#5509);
#5507 = ( REPRESENTATION_RELATIONSHIP('','',#4540,#10) 
REPRESENTATION_RELATIONSHIP_WITH_TRANSFORMATION(#5508) 
SHAPE_REPRESENTATION_RELATIONSHIP() );
#5508 = ITEM_DEFINED_TRANSFORMATION('','',#11,#111);
#5509 = PRODUCT_DEFINITION_SHAPE('Placement','Placement of an item',
  #5510);
#5510 = NEXT_ASSEMBLY_USAGE_OCCURRENCE('25','C8','',#5,#4535,$);
#5511 = CONTEXT_DEPENDENT_SHAPE_REPRESENTATION(#5512,#5514);
#5512 = ( REPRESENTATION_RELATIONSHIP('','',#2189,#10) 
REPRESENTATION_RELATIONSHIP_WITH_TRANSFORMATION(#5513) 
SHAPE_REPRESENTATION_RELATIONSHIP() );
#5513 = ITEM_DEFINED_TRANSFORMATION('','',#11,#115);
#5514 = PRODUCT_DEFINITION_SHAPE('Placement','Placement of an item',
  #5515);
#5515 = NEXT_ASSEMBLY_USAGE_OCCURRENCE('26','D8','',#5,#2184,$);
#5516 = CONTEXT_DEPENDENT_SHAPE_REPRESENTATION(#5517,#5519);
#5517 = ( REPRESENTATION_RELATIONSHIP('','',#188,#10) 
REPRESENTATION_RELATIONSHIP_WITH_TRANSFORMATION(#5518) 
SHAPE_REPRESENTATION_RELATIONSHIP() );
#5518 = ITEM_DEFINED_TRANSFORMATION('','',#11,#119);
#5519 = PRODUCT_DEFINITION_SHAPE('Placement','Placement of an item',
  #5520);
#5520 = NEXT_ASSEMBLY_USAGE_OCCURRENCE('27','U8','',#5,#183,$);
#5521 = CONTEXT_DEPENDENT_SHAPE_REPRESENTATION(#5522,#5524);
#5522 = ( REPRESENTATION_RELATIONSHIP('','',#3731,#10) 
REPRESENTATION_RELATIONSHIP_WITH_TRANSFORMATION(#5523) 
SHAPE_REPRESENTATION_RELATIONSHIP() );
#5523 = ITEM_DEFINED_TRANSFORMATION('','',#11,#123);
#5524 = PRODUCT_DEFINITION_SHAPE('Placement','Placement of an item',
  #5525);
#5525 = NEXT_ASSEMBLY_USAGE_OCCURRENCE('28','R6','',#5,#3726,$);
#5526 = CONTEXT_DEPENDENT_SHAPE_REPRESENTATION(#5527,#5529);
#5527 = ( REPRESENTATION_RELATIONSHIP('','',#2189,#10) 
REPRESENTATION_RELATIONSHIP_WITH_TRANSFORMATION(#5528) 
SHAPE_REPRESENTATION_RELATIONSHIP() );
#5528 = ITEM_DEFINED_TRANSFORMATION('','',#11,#127);
#5529 = PRODUCT_DEFINITION_SHAPE('Placement','Placement of an item',
  #5530);
#5530 = NEXT_ASSEMBLY_USAGE_OCCURRENCE('29','D2','',#5,#2184,$);
#5531 = CONTEXT_DEPENDENT_SHAPE_REPRESENTATION(#5532,#5534);
#5532 = ( REPRESENTATION_RELATIONSHIP('','',#3731,#10) 
REPRESENTATION_RELATIONSHIP_WITH_TRANSFORMATION(#5533) 
SHAPE_REPRESENTATION_RELATIONSHIP() );
#5533 = ITEM_DEFINED_TRANSFORMATION('','',#11,#131);
#5534 = PRODUCT_DEFINITION_SHAPE('Placement','Placement of an item',
  #5535);
#5535 = NEXT_ASSEMBLY_USAGE_OCCURRENCE('30','R2','',#5,#3726,$);
#5536 = CONTEXT_DEPENDENT_SHAPE_REPRESENTATION(#5537,#5539);
#5537 = ( REPRESENTATION_RELATIONSHIP('','',#2189,#10) 
REPRESENTATION_RELATIONSHIP_WITH_TRANSFORMATION(#5538) 
SHAPE_REPRESENTATION_RELATIONSHIP() );
#5538 = ITEM_DEFINED_TRANSFORMATION('','',#11,#135);
#5539 = PRODUCT_DEFINITION_SHAPE('Placement','Placement of an item',
  #5540);
#5540 = NEXT_ASSEMBLY_USAGE_OCCURRENCE('31','D7','',#5,#2184,$);
#5541 = CONTEXT_DEPENDENT_SHAPE_REPRESENTATION(#5542,#5544);
#5542 = ( REPRESENTATION_RELATIONSHIP('','',#2189,#10) 
REPRESENTATION_RELATIONSHIP_WITH_TRANSFORMATION(#5543) 
SHAPE_REPRESENTATION_RELATIONSHIP() );
#5543 = ITEM_DEFINED_TRANSFORMATION('','',#11,#139);
#5544 = PRODUCT_DEFINITION_SHAPE('Placement','Placement of an item',
  #5545);
#5545 = NEXT_ASSEMBLY_USAGE_OCCURRENCE('32','D3','',#5,#2184,$);
#5546 = CONTEXT_DEPENDENT_SHAPE_REPRESENTATION(#5547,#5549);
#5547 = ( REPRESENTATION_RELATIONSHIP('','',#188,#10) 
REPRESENTATION_RELATIONSHIP_WITH_TRANSFORMATION(#5548) 
SHAPE_REPRESENTATION_RELATIONSHIP() );
#5548 = ITEM_DEFINED_TRANSFORMATION('','',#11,#143);
#5549 = PRODUCT_DEFINITION_SHAPE('Placement','Placement of an item',
  #5550);
#5550 = NEXT_ASSEMBLY_USAGE_OCCURRENCE('33','U4','',#5,#183,$);
#5551 = CONTEXT_DEPENDENT_SHAPE_REPRESENTATION(#5552,#5554);
#5552 = ( REPRESENTATION_RELATIONSHIP('','',#188,#10) 
REPRESENTATION_RELATIONSHIP_WITH_TRANSFORMATION(#5553) 
SHAPE_REPRESENTATION_RELATIONSHIP() );
#5553 = ITEM_DEFINED_TRANSFORMATION('','',#11,#147);
#5554 = PRODUCT_DEFINITION_SHAPE('Placement','Placement of an item',
  #5555);
#5555 = NEXT_ASSEMBLY_USAGE_OCCURRENCE('34','U10','',#5,#183,$);
#5556 = CONTEXT_DEPENDENT_SHAPE_REPRESENTATION(#5557,#5559);
#5557 = ( REPRESENTATION_RELATIONSHIP('','',#2189,#10) 
REPRESENTATION_RELATIONSHIP_WITH_TRANSFORMATION(#5558) 
SHAPE_REPRESENTATION_RELATIONSHIP() );
#5558 = ITEM_DEFINED_TRANSFORMATION('','',#11,#151);
#5559 = PRODUCT_DEFINITION_SHAPE('Placement','Placement of an item',
  #5560);
#5560 = NEXT_ASSEMBLY_USAGE_OCCURRENCE('35','D5','',#5,#2184,$);
#5561 = CONTEXT_DEPENDENT_SHAPE_REPRESENTATION(#5562,#5564);
#5562 = ( REPRESENTATION_RELATIONSHIP('','',#4540,#10) 
REPRESENTATION_RELATIONSHIP_WITH_TRANSFORMATION(#5563) 
SHAPE_REPRESENTATION_RELATIONSHIP() );
#5563 = ITEM_DEFINED_TRANSFORMATION('','',#11,#155);
#5564 = PRODUCT_DEFINITION_SHAPE('Placement','Placement of an item',
  #5565);
#5565 = NEXT_ASSEMBLY_USAGE_OCCURRENCE('36','C7','',#5,#4535,$);
#5566 = CONTEXT_DEPENDENT_SHAPE_REPRESENTATION(#5567,#5569);
#5567 = ( REPRESENTATION_RELATIONSHIP('','',#3731,#10) 
REPRESENTATION_RELATIONSHIP_WITH_TRANSFORMATION(#5568) 
SHAPE_REPRESENTATION_RELATIONSHIP() );
#5568 = ITEM_DEFINED_TRANSFORMATION('','',#11,#159);
#5569 = PRODUCT_DEFINITION_SHAPE('Placement','Placement of an item',
  #5570);
#5570 = NEXT_ASSEMBLY_USAGE_OCCURRENCE('37','R10','',#5,#3726,$);
#5571 = SHAPE_DEFINITION_REPRESENTATION(#5572,#5578);
#5572 = PRODUCT_DEFINITION_SHAPE('','',#5573);
#5573 = PRODUCT_DEFINITION('design','',#5574,#5577);
#5574 = PRODUCT_DEFINITION_FORMATION('','',#5575);
#5575 = PRODUCT('SOIC-8_3.9x4.9mm_P1.27mm','SOIC-8_3.9x4.9mm_P1.27mm',''
  ,(#5576));
#5576 = PRODUCT_CONTEXT('',#2,'mechanical');
#5577 = PRODUCT_DEFINITION_CONTEXT('part definition',#2,'design');
#5578 = ADVANCED_BREP_SHAPE_REPRESENTATION('',(#11,#5579),#10047);
#5579 = MANIFOLD_SOLID_BREP('',#5580);
#5580 = CLOSED_SHELL('',(#5581,#5619,#5682,#5705,#5734,#5757,#5844,#5931
    ,#5954,#5977,#5994,#6017,#6105,#6121,#6151,#6182,#6213,#6244,#6275,
    #6306,#6337,#6368,#6385,#6402,#6433,#6464,#6495,#6526,#6557,#6588,
    #6619,#6649,#6672,#6695,#6712,#6757,#6843,#6866,#6889,#6912,#6999,
    #7037,#7086,#7178,#7203,#7287,#7309,#7401,#7426,#7510,#7532,#7624,
    #7649,#7733,#7750,#7835,#7860,#7937,#8022,#8047,#8124,#8141,#8233,
    #8258,#8342,#8364,#8456,#8481,#8565,#8587,#8679,#8704,#8788,#8805,
    #8824,#8843,#8862,#8908,#8924,#8943,#8962,#8981,#8997,#9014,#9026,
    #9043,#9060,#9077,#9094,#9111,#9128,#9145,#9157,#9174,#9191,#9208,
    #9225,#9242,#9259,#9276,#9288,#9305,#9322,#9339,#9356,#9373,#9390,
    #9407,#9419,#9436,#9453,#9470,#9487,#9504,#9521,#9533,#9550,#9567,
    #9584,#9601,#9618,#9635,#9647,#9664,#9681,#9698,#9715,#9732,#9749,
    #9766,#9778,#9795,#9812,#9829,#9846,#9863,#9880,#9897,#9909,#9926,
    #9943,#9960,#9977,#9994,#10011,#10028,#10040));
#5581 = ADVANCED_FACE('',(#5582),#5614,.F.);
#5582 = FACE_BOUND('',#5583,.F.);
#5583 = EDGE_LOOP('',(#5584,#5594,#5601,#5609));
#5584 = ORIENTED_EDGE('',*,*,#5585,.T.);
#5585 = EDGE_CURVE('',#5586,#5588,#5590,.T.);
#5586 = VERTEX_POINT('',#5587);
#5587 = CARTESIAN_POINT('',(-1.717585640382,2.335171280765,0.1));
#5588 = VERTEX_POINT('',#5589);
#5589 = CARTESIAN_POINT('',(1.717585640382,2.335171280765,0.1));
#5590 = LINE('',#5591,#5592);
#5591 = CARTESIAN_POINT('',(-1.717585640382,2.335171280765,0.1));
#5592 = VECTOR('',#5593,1.);
#5593 = DIRECTION('',(1.,1.110223024625E-16,0.));
#5594 = ORIENTED_EDGE('',*,*,#5595,.T.);
#5595 = EDGE_CURVE('',#5588,#5596,#5598,.T.);
#5596 = VERTEX_POINT('',#5597);
#5597 = CARTESIAN_POINT('',(1.775,2.45,0.825));
#5598 = B_SPLINE_CURVE_WITH_KNOTS('',1,(#5599,#5600),.UNSPECIFIED.,.F.,
  .F.,(2,2),(0.,1.),.PIECEWISE_BEZIER_KNOTS.);
#5599 = CARTESIAN_POINT('',(1.717585640382,2.335171280765,0.1));
#5600 = CARTESIAN_POINT('',(1.775,2.45,0.825));
#5601 = ORIENTED_EDGE('',*,*,#5602,.F.);
#5602 = EDGE_CURVE('',#5603,#5596,#5605,.T.);
#5603 = VERTEX_POINT('',#5604);
#5604 = CARTESIAN_POINT('',(-1.775,2.45,0.825));
#5605 = LINE('',#5606,#5607);
#5606 = CARTESIAN_POINT('',(-1.775,2.45,0.825));
#5607 = VECTOR('',#5608,1.);
#5608 = DIRECTION('',(1.,1.110223024625E-16,0.));
#5609 = ORIENTED_EDGE('',*,*,#5610,.F.);
#5610 = EDGE_CURVE('',#5586,#5603,#5611,.T.);
#5611 = B_SPLINE_CURVE_WITH_KNOTS('',1,(#5612,#5613),.UNSPECIFIED.,.F.,
  .F.,(2,2),(0.,1.),.PIECEWISE_BEZIER_KNOTS.);
#5612 = CARTESIAN_POINT('',(-1.717585640382,2.335171280765,0.1));
#5613 = CARTESIAN_POINT('',(-1.775,2.45,0.825));
#5614 = B_SPLINE_SURFACE_WITH_KNOTS('',1,1,(
    (#5615,#5616)
    ,(#5617,#5618
    )),.UNSPECIFIED.,.F.,.F.,.F.,(2,2),(2,2),(0.,3.55),(0.,1.),
  .PIECEWISE_BEZIER_KNOTS.);
#5615 = CARTESIAN_POINT('',(-1.717585640382,2.335171280765,0.1));
#5616 = CARTESIAN_POINT('',(-1.775,2.45,0.825));
#5617 = CARTESIAN_POINT('',(1.717585640382,2.335171280765,0.1));
#5618 = CARTESIAN_POINT('',(1.775,2.45,0.825));
#5619 = ADVANCED_FACE('',(#5620),#5677,.F.);
#5620 = FACE_BOUND('',#5621,.T.);
#5621 = EDGE_LOOP('',(#5622,#5623,#5631,#5639,#5647,#5655,#5663,#5671));
#5622 = ORIENTED_EDGE('',*,*,#5585,.T.);
#5623 = ORIENTED_EDGE('',*,*,#5624,.T.);
#5624 = EDGE_CURVE('',#5588,#5625,#5627,.T.);
#5625 = VERTEX_POINT('',#5626);
#5626 = CARTESIAN_POINT('',(1.835171280765,2.217585640382,0.1));
#5627 = LINE('',#5628,#5629);
#5628 = CARTESIAN_POINT('',(1.717585640382,2.335171280765,0.1));
#5629 = VECTOR('',#5630,1.);
#5630 = DIRECTION('',(0.707106781187,-0.707106781187,0.));
#5631 = ORIENTED_EDGE('',*,*,#5632,.T.);
#5632 = EDGE_CURVE('',#5625,#5633,#5635,.T.);
#5633 = VERTEX_POINT('',#5634);
#5634 = CARTESIAN_POINT('',(1.835171280765,-2.217585640382,0.1));
#5635 = LINE('',#5636,#5637);
#5636 = CARTESIAN_POINT('',(1.835171280765,2.217585640382,0.1));
#5637 = VECTOR('',#5638,1.);
#5638 = DIRECTION('',(1.110223024625E-16,-1.,0.));
#5639 = ORIENTED_EDGE('',*,*,#5640,.T.);
#5640 = EDGE_CURVE('',#5633,#5641,#5643,.T.);
#5641 = VERTEX_POINT('',#5642);
#5642 = CARTESIAN_POINT('',(1.717585640382,-2.335171280765,0.1));
#5643 = LINE('',#5644,#5645);
#5644 = CARTESIAN_POINT('',(1.835171280765,-2.217585640382,0.1));
#5645 = VECTOR('',#5646,1.);
#5646 = DIRECTION('',(-0.707106781187,-0.707106781187,0.));
#5647 = ORIENTED_EDGE('',*,*,#5648,.T.);
#5648 = EDGE_CURVE('',#5641,#5649,#5651,.T.);
#5649 = VERTEX_POINT('',#5650);
#5650 = CARTESIAN_POINT('',(-1.717585640382,-2.335171280765,0.1));
#5651 = LINE('',#5652,#5653);
#5652 = CARTESIAN_POINT('',(1.717585640382,-2.335171280765,0.1));
#5653 = VECTOR('',#5654,1.);
#5654 = DIRECTION('',(-1.,-1.110223024625E-16,0.));
#5655 = ORIENTED_EDGE('',*,*,#5656,.T.);
#5656 = EDGE_CURVE('',#5649,#5657,#5659,.T.);
#5657 = VERTEX_POINT('',#5658);
#5658 = CARTESIAN_POINT('',(-1.835171280765,-2.217585640382,0.1));
#5659 = LINE('',#5660,#5661);
#5660 = CARTESIAN_POINT('',(-1.717585640382,-2.335171280765,0.1));
#5661 = VECTOR('',#5662,1.);
#5662 = DIRECTION('',(-0.707106781187,0.707106781187,0.));
#5663 = ORIENTED_EDGE('',*,*,#5664,.T.);
#5664 = EDGE_CURVE('',#5657,#5665,#5667,.T.);
#5665 = VERTEX_POINT('',#5666);
#5666 = CARTESIAN_POINT('',(-1.835171280765,2.217585640382,0.1));
#5667 = LINE('',#5668,#5669);
#5668 = CARTESIAN_POINT('',(-1.835171280765,-2.217585640382,0.1));
#5669 = VECTOR('',#5670,1.);
#5670 = DIRECTION('',(-1.110223024625E-16,1.,0.));
#5671 = ORIENTED_EDGE('',*,*,#5672,.T.);
#5672 = EDGE_CURVE('',#5665,#5586,#5673,.T.);
#5673 = LINE('',#5674,#5675);
#5674 = CARTESIAN_POINT('',(-1.835171280765,2.217585640382,0.1));
#5675 = VECTOR('',#5676,1.);
#5676 = DIRECTION('',(0.707106781187,0.707106781187,0.));
#5677 = PLANE('',#5678);
#5678 = AXIS2_PLACEMENT_3D('',#5679,#5680,#5681);
#5679 = CARTESIAN_POINT('',(-1.717585640382,2.335171280765,0.1));
#5680 = DIRECTION('',(0.,0.,1.));
#5681 = DIRECTION('',(0.592513131498,-0.805560791625,0.));
#5682 = ADVANCED_FACE('',(#5683),#5700,.F.);
#5683 = FACE_BOUND('',#5684,.F.);
#5684 = EDGE_LOOP('',(#5685,#5686,#5693,#5699));
#5685 = ORIENTED_EDGE('',*,*,#5624,.T.);
#5686 = ORIENTED_EDGE('',*,*,#5687,.T.);
#5687 = EDGE_CURVE('',#5625,#5688,#5690,.T.);
#5688 = VERTEX_POINT('',#5689);
#5689 = CARTESIAN_POINT('',(1.95,2.275,0.825));
#5690 = B_SPLINE_CURVE_WITH_KNOTS('',1,(#5691,#5692),.UNSPECIFIED.,.F.,
  .F.,(2,2),(0.,1.),.PIECEWISE_BEZIER_KNOTS.);
#5691 = CARTESIAN_POINT('',(1.835171280765,2.217585640382,0.1));
#5692 = CARTESIAN_POINT('',(1.95,2.275,0.825));
#5693 = ORIENTED_EDGE('',*,*,#5694,.F.);
#5694 = EDGE_CURVE('',#5596,#5688,#5695,.T.);
#5695 = LINE('',#5696,#5697);
#5696 = CARTESIAN_POINT('',(1.775,2.45,0.825));
#5697 = VECTOR('',#5698,1.);
#5698 = DIRECTION('',(0.707106781187,-0.707106781187,0.));
#5699 = ORIENTED_EDGE('',*,*,#5595,.F.);
#5700 = B_SPLINE_SURFACE_WITH_KNOTS('',1,1,(
    (#5701,#5702)
    ,(#5703,#5704
    )),.UNSPECIFIED.,.F.,.F.,.F.,(2,2),(2,2),(0.,0.247487373415),(0.,1.)
  ,.PIECEWISE_BEZIER_KNOTS.);
#5701 = CARTESIAN_POINT('',(1.717585640382,2.335171280765,0.1));
#5702 = CARTESIAN_POINT('',(1.775,2.45,0.825));
#5703 = CARTESIAN_POINT('',(1.835171280765,2.217585640382,0.1));
#5704 = CARTESIAN_POINT('',(1.95,2.275,0.825));
#5705 = ADVANCED_FACE('',(#5706),#5729,.F.);
#5706 = FACE_BOUND('',#5707,.F.);
#5707 = EDGE_LOOP('',(#5708,#5709,#5716,#5724));
#5708 = ORIENTED_EDGE('',*,*,#5602,.T.);
#5709 = ORIENTED_EDGE('',*,*,#5710,.T.);
#5710 = EDGE_CURVE('',#5596,#5711,#5713,.T.);
#5711 = VERTEX_POINT('',#5712);
#5712 = CARTESIAN_POINT('',(1.775,2.45,1.025));
#5713 = B_SPLINE_CURVE_WITH_KNOTS('',1,(#5714,#5715),.UNSPECIFIED.,.F.,
  .F.,(2,2),(0.,1.),.PIECEWISE_BEZIER_KNOTS.);
#5714 = CARTESIAN_POINT('',(1.775,2.45,0.825));
#5715 = CARTESIAN_POINT('',(1.775,2.45,1.025));
#5716 = ORIENTED_EDGE('',*,*,#5717,.F.);
#5717 = EDGE_CURVE('',#5718,#5711,#5720,.T.);
#5718 = VERTEX_POINT('',#5719);
#5719 = CARTESIAN_POINT('',(-1.775,2.45,1.025));
#5720 = LINE('',#5721,#5722);
#5721 = CARTESIAN_POINT('',(-1.775,2.45,1.025));
#5722 = VECTOR('',#5723,1.);
#5723 = DIRECTION('',(1.,1.110223024625E-16,0.));
#5724 = ORIENTED_EDGE('',*,*,#5725,.F.);
#5725 = EDGE_CURVE('',#5603,#5718,#5726,.T.);
#5726 = B_SPLINE_CURVE_WITH_KNOTS('',1,(#5727,#5728),.UNSPECIFIED.,.F.,
  .F.,(2,2),(0.,1.),.PIECEWISE_BEZIER_KNOTS.);
#5727 = CARTESIAN_POINT('',(-1.775,2.45,0.825));
#5728 = CARTESIAN_POINT('',(-1.775,2.45,1.025));
#5729 = PLANE('',#5730);
#5730 = AXIS2_PLACEMENT_3D('',#5731,#5732,#5733);
#5731 = CARTESIAN_POINT('',(-1.775,2.45,1.025));
#5732 = DIRECTION('',(1.110223024625E-16,-1.,0.));
#5733 = DIRECTION('',(1.,1.110223024625E-16,0.));
#5734 = ADVANCED_FACE('',(#5735),#5752,.F.);
#5735 = FACE_BOUND('',#5736,.F.);
#5736 = EDGE_LOOP('',(#5737,#5738,#5739,#5747));
#5737 = ORIENTED_EDGE('',*,*,#5672,.T.);
#5738 = ORIENTED_EDGE('',*,*,#5610,.T.);
#5739 = ORIENTED_EDGE('',*,*,#5740,.F.);
#5740 = EDGE_CURVE('',#5741,#5603,#5743,.T.);
#5741 = VERTEX_POINT('',#5742);
#5742 = CARTESIAN_POINT('',(-1.95,2.275,0.825));
#5743 = LINE('',#5744,#5745);
#5744 = CARTESIAN_POINT('',(-1.95,2.275,0.825));
#5745 = VECTOR('',#5746,1.);
#5746 = DIRECTION('',(0.707106781187,0.707106781187,0.));
#5747 = ORIENTED_EDGE('',*,*,#5748,.F.);
#5748 = EDGE_CURVE('',#5665,#5741,#5749,.T.);
#5749 = B_SPLINE_CURVE_WITH_KNOTS('',1,(#5750,#5751),.UNSPECIFIED.,.F.,
  .F.,(2,2),(0.,1.),.PIECEWISE_BEZIER_KNOTS.);
#5750 = CARTESIAN_POINT('',(-1.835171280765,2.217585640382,0.1));
#5751 = CARTESIAN_POINT('',(-1.95,2.275,0.825));
#5752 = B_SPLINE_SURFACE_WITH_KNOTS('',1,1,(
    (#5753,#5754)
    ,(#5755,#5756
    )),.UNSPECIFIED.,.F.,.F.,.F.,(2,2),(2,2),(0.,0.247487373415),(0.,1.)
  ,.PIECEWISE_BEZIER_KNOTS.);
#5753 = CARTESIAN_POINT('',(-1.835171280765,2.217585640382,0.1));
#5754 = CARTESIAN_POINT('',(-1.95,2.275,0.825));
#5755 = CARTESIAN_POINT('',(-1.717585640382,2.335171280765,0.1));
#5756 = CARTESIAN_POINT('',(-1.775,2.45,0.825));
#5757 = ADVANCED_FACE('',(#5758),#5839,.F.);
#5758 = FACE_BOUND('',#5759,.F.);
#5759 = EDGE_LOOP('',(#5760,#5761,#5762,#5770,#5778,#5786,#5794,#5802,
    #5810,#5818,#5826,#5834));
#5760 = ORIENTED_EDGE('',*,*,#5664,.T.);
#5761 = ORIENTED_EDGE('',*,*,#5748,.T.);
#5762 = ORIENTED_EDGE('',*,*,#5763,.F.);
#5763 = EDGE_CURVE('',#5764,#5741,#5766,.T.);
#5764 = VERTEX_POINT('',#5765);
#5765 = CARTESIAN_POINT('',(-1.95,2.11,0.825));
#5766 = LINE('',#5767,#5768);
#5767 = CARTESIAN_POINT('',(-1.95,-2.275,0.825));
#5768 = VECTOR('',#5769,1.);
#5769 = DIRECTION('',(-1.110223024625E-16,1.,0.));
#5770 = ORIENTED_EDGE('',*,*,#5771,.F.);
#5771 = EDGE_CURVE('',#5772,#5764,#5774,.T.);
#5772 = VERTEX_POINT('',#5773);
#5773 = CARTESIAN_POINT('',(-1.95,1.7,0.825));
#5774 = LINE('',#5775,#5776);
#5775 = CARTESIAN_POINT('',(-1.95,-2.275,0.825));
#5776 = VECTOR('',#5777,1.);
#5777 = DIRECTION('',(-1.110223024625E-16,1.,0.));
#5778 = ORIENTED_EDGE('',*,*,#5779,.F.);
#5779 = EDGE_CURVE('',#5780,#5772,#5782,.T.);
#5780 = VERTEX_POINT('',#5781);
#5781 = CARTESIAN_POINT('',(-1.95,0.84,0.825));
#5782 = LINE('',#5783,#5784);
#5783 = CARTESIAN_POINT('',(-1.95,-2.275,0.825));
#5784 = VECTOR('',#5785,1.);
#5785 = DIRECTION('',(-1.110223024625E-16,1.,0.));
#5786 = ORIENTED_EDGE('',*,*,#5787,.F.);
#5787 = EDGE_CURVE('',#5788,#5780,#5790,.T.);
#5788 = VERTEX_POINT('',#5789);
#5789 = CARTESIAN_POINT('',(-1.95,0.43,0.825));
#5790 = LINE('',#5791,#5792);
#5791 = CARTESIAN_POINT('',(-1.95,-2.275,0.825));
#5792 = VECTOR('',#5793,1.);
#5793 = DIRECTION('',(-1.110223024625E-16,1.,0.));
#5794 = ORIENTED_EDGE('',*,*,#5795,.F.);
#5795 = EDGE_CURVE('',#5796,#5788,#5798,.T.);
#5796 = VERTEX_POINT('',#5797);
#5797 = CARTESIAN_POINT('',(-1.95,-0.43,0.825));
#5798 = LINE('',#5799,#5800);
#5799 = CARTESIAN_POINT('',(-1.95,-2.275,0.825));
#5800 = VECTOR('',#5801,1.);
#5801 = DIRECTION('',(-1.110223024625E-16,1.,0.));
#5802 = ORIENTED_EDGE('',*,*,#5803,.F.);
#5803 = EDGE_CURVE('',#5804,#5796,#5806,.T.);
#5804 = VERTEX_POINT('',#5805);
#5805 = CARTESIAN_POINT('',(-1.95,-0.84,0.825));
#5806 = LINE('',#5807,#5808);
#5807 = CARTESIAN_POINT('',(-1.95,-2.275,0.825));
#5808 = VECTOR('',#5809,1.);
#5809 = DIRECTION('',(-1.110223024625E-16,1.,0.));
#5810 = ORIENTED_EDGE('',*,*,#5811,.F.);
#5811 = EDGE_CURVE('',#5812,#5804,#5814,.T.);
#5812 = VERTEX_POINT('',#5813);
#5813 = CARTESIAN_POINT('',(-1.95,-1.7,0.825));
#5814 = LINE('',#5815,#5816);
#5815 = CARTESIAN_POINT('',(-1.95,-2.275,0.825));
#5816 = VECTOR('',#5817,1.);
#5817 = DIRECTION('',(-1.110223024625E-16,1.,0.));
#5818 = ORIENTED_EDGE('',*,*,#5819,.F.);
#5819 = EDGE_CURVE('',#5820,#5812,#5822,.T.);
#5820 = VERTEX_POINT('',#5821);
#5821 = CARTESIAN_POINT('',(-1.95,-2.11,0.825));
#5822 = LINE('',#5823,#5824);
#5823 = CARTESIAN_POINT('',(-1.95,-2.275,0.825));
#5824 = VECTOR('',#5825,1.);
#5825 = DIRECTION('',(-1.110223024625E-16,1.,0.));
#5826 = ORIENTED_EDGE('',*,*,#5827,.F.);
#5827 = EDGE_CURVE('',#5828,#5820,#5830,.T.);
#5828 = VERTEX_POINT('',#5829);
#5829 = CARTESIAN_POINT('',(-1.95,-2.275,0.825));
#5830 = LINE('',#5831,#5832);
#5831 = CARTESIAN_POINT('',(-1.95,-2.275,0.825));
#5832 = VECTOR('',#5833,1.);
#5833 = DIRECTION('',(-1.110223024625E-16,1.,0.));
#5834 = ORIENTED_EDGE('',*,*,#5835,.F.);
#5835 = EDGE_CURVE('',#5657,#5828,#5836,.T.);
#5836 = B_SPLINE_CURVE_WITH_KNOTS('',1,(#5837,#5838),.UNSPECIFIED.,.F.,
  .F.,(2,2),(0.,1.),.PIECEWISE_BEZIER_KNOTS.);
#5837 = CARTESIAN_POINT('',(-1.835171280765,-2.217585640382,0.1));
#5838 = CARTESIAN_POINT('',(-1.95,-2.275,0.825));
#5839 = B_SPLINE_SURFACE_WITH_KNOTS('',1,1,(
    (#5840,#5841)
    ,(#5842,#5843
    )),.UNSPECIFIED.,.F.,.F.,.F.,(2,2),(2,2),(0.,4.55),(0.,1.),
  .PIECEWISE_BEZIER_KNOTS.);
#5840 = CARTESIAN_POINT('',(-1.835171280765,-2.217585640382,0.1));
#5841 = CARTESIAN_POINT('',(-1.95,-2.275,0.825));
#5842 = CARTESIAN_POINT('',(-1.835171280765,2.217585640382,0.1));
#5843 = CARTESIAN_POINT('',(-1.95,2.275,0.825));
#5844 = ADVANCED_FACE('',(#5845),#5926,.F.);
#5845 = FACE_BOUND('',#5846,.F.);
#5846 = EDGE_LOOP('',(#5847,#5848,#5855,#5863,#5871,#5879,#5887,#5895,
    #5903,#5911,#5919,#5925));
#5847 = ORIENTED_EDGE('',*,*,#5632,.T.);
#5848 = ORIENTED_EDGE('',*,*,#5849,.T.);
#5849 = EDGE_CURVE('',#5633,#5850,#5852,.T.);
#5850 = VERTEX_POINT('',#5851);
#5851 = CARTESIAN_POINT('',(1.95,-2.275,0.825));
#5852 = B_SPLINE_CURVE_WITH_KNOTS('',1,(#5853,#5854),.UNSPECIFIED.,.F.,
  .F.,(2,2),(0.,1.),.PIECEWISE_BEZIER_KNOTS.);
#5853 = CARTESIAN_POINT('',(1.835171280765,-2.217585640382,0.1));
#5854 = CARTESIAN_POINT('',(1.95,-2.275,0.825));
#5855 = ORIENTED_EDGE('',*,*,#5856,.F.);
#5856 = EDGE_CURVE('',#5857,#5850,#5859,.T.);
#5857 = VERTEX_POINT('',#5858);
#5858 = CARTESIAN_POINT('',(1.95,-2.11,0.825));
#5859 = LINE('',#5860,#5861);
#5860 = CARTESIAN_POINT('',(1.95,2.275,0.825));
#5861 = VECTOR('',#5862,1.);
#5862 = DIRECTION('',(1.110223024625E-16,-1.,0.));
#5863 = ORIENTED_EDGE('',*,*,#5864,.F.);
#5864 = EDGE_CURVE('',#5865,#5857,#5867,.T.);
#5865 = VERTEX_POINT('',#5866);
#5866 = CARTESIAN_POINT('',(1.95,-1.7,0.825));
#5867 = LINE('',#5868,#5869);
#5868 = CARTESIAN_POINT('',(1.95,2.275,0.825));
#5869 = VECTOR('',#5870,1.);
#5870 = DIRECTION('',(1.110223024625E-16,-1.,0.));
#5871 = ORIENTED_EDGE('',*,*,#5872,.F.);
#5872 = EDGE_CURVE('',#5873,#5865,#5875,.T.);
#5873 = VERTEX_POINT('',#5874);
#5874 = CARTESIAN_POINT('',(1.95,-0.84,0.825));
#5875 = LINE('',#5876,#5877);
#5876 = CARTESIAN_POINT('',(1.95,2.275,0.825));
#5877 = VECTOR('',#5878,1.);
#5878 = DIRECTION('',(1.110223024625E-16,-1.,0.));
#5879 = ORIENTED_EDGE('',*,*,#5880,.F.);
#5880 = EDGE_CURVE('',#5881,#5873,#5883,.T.);
#5881 = VERTEX_POINT('',#5882);
#5882 = CARTESIAN_POINT('',(1.95,-0.43,0.825));
#5883 = LINE('',#5884,#5885);
#5884 = CARTESIAN_POINT('',(1.95,2.275,0.825));
#5885 = VECTOR('',#5886,1.);
#5886 = DIRECTION('',(1.110223024625E-16,-1.,0.));
#5887 = ORIENTED_EDGE('',*,*,#5888,.F.);
#5888 = EDGE_CURVE('',#5889,#5881,#5891,.T.);
#5889 = VERTEX_POINT('',#5890);
#5890 = CARTESIAN_POINT('',(1.95,0.43,0.825));
#5891 = LINE('',#5892,#5893);
#5892 = CARTESIAN_POINT('',(1.95,2.275,0.825));
#5893 = VECTOR('',#5894,1.);
#5894 = DIRECTION('',(1.110223024625E-16,-1.,0.));
#5895 = ORIENTED_EDGE('',*,*,#5896,.F.);
#5896 = EDGE_CURVE('',#5897,#5889,#5899,.T.);
#5897 = VERTEX_POINT('',#5898);
#5898 = CARTESIAN_POINT('',(1.95,0.84,0.825));
#5899 = LINE('',#5900,#5901);
#5900 = CARTESIAN_POINT('',(1.95,2.275,0.825));
#5901 = VECTOR('',#5902,1.);
#5902 = DIRECTION('',(1.110223024625E-16,-1.,0.));
#5903 = ORIENTED_EDGE('',*,*,#5904,.F.);
#5904 = EDGE_CURVE('',#5905,#5897,#5907,.T.);
#5905 = VERTEX_POINT('',#5906);
#5906 = CARTESIAN_POINT('',(1.95,1.7,0.825));
#5907 = LINE('',#5908,#5909);
#5908 = CARTESIAN_POINT('',(1.95,2.275,0.825));
#5909 = VECTOR('',#5910,1.);
#5910 = DIRECTION('',(1.110223024625E-16,-1.,0.));
#5911 = ORIENTED_EDGE('',*,*,#5912,.F.);
#5912 = EDGE_CURVE('',#5913,#5905,#5915,.T.);
#5913 = VERTEX_POINT('',#5914);
#5914 = CARTESIAN_POINT('',(1.95,2.11,0.825));
#5915 = LINE('',#5916,#5917);
#5916 = CARTESIAN_POINT('',(1.95,2.275,0.825));
#5917 = VECTOR('',#5918,1.);
#5918 = DIRECTION('',(1.110223024625E-16,-1.,0.));
#5919 = ORIENTED_EDGE('',*,*,#5920,.F.);
#5920 = EDGE_CURVE('',#5688,#5913,#5921,.T.);
#5921 = LINE('',#5922,#5923);
#5922 = CARTESIAN_POINT('',(1.95,2.275,0.825));
#5923 = VECTOR('',#5924,1.);
#5924 = DIRECTION('',(1.110223024625E-16,-1.,0.));
#5925 = ORIENTED_EDGE('',*,*,#5687,.F.);
#5926 = B_SPLINE_SURFACE_WITH_KNOTS('',1,1,(
    (#5927,#5928)
    ,(#5929,#5930
    )),.UNSPECIFIED.,.F.,.F.,.F.,(2,2),(2,2),(0.,4.55),(0.,1.),
  .PIECEWISE_BEZIER_KNOTS.);
#5927 = CARTESIAN_POINT('',(1.835171280765,2.217585640382,0.1));
#5928 = CARTESIAN_POINT('',(1.95,2.275,0.825));
#5929 = CARTESIAN_POINT('',(1.835171280765,-2.217585640382,0.1));
#5930 = CARTESIAN_POINT('',(1.95,-2.275,0.825));
#5931 = ADVANCED_FACE('',(#5932),#5949,.F.);
#5932 = FACE_BOUND('',#5933,.F.);
#5933 = EDGE_LOOP('',(#5934,#5935,#5936,#5944));
#5934 = ORIENTED_EDGE('',*,*,#5656,.T.);
#5935 = ORIENTED_EDGE('',*,*,#5835,.T.);
#5936 = ORIENTED_EDGE('',*,*,#5937,.F.);
#5937 = EDGE_CURVE('',#5938,#5828,#5940,.T.);
#5938 = VERTEX_POINT('',#5939);
#5939 = CARTESIAN_POINT('',(-1.775,-2.45,0.825));
#5940 = LINE('',#5941,#5942);
#5941 = CARTESIAN_POINT('',(-1.775,-2.45,0.825));
#5942 = VECTOR('',#5943,1.);
#5943 = DIRECTION('',(-0.707106781187,0.707106781187,0.));
#5944 = ORIENTED_EDGE('',*,*,#5945,.F.);
#5945 = EDGE_CURVE('',#5649,#5938,#5946,.T.);
#5946 = B_SPLINE_CURVE_WITH_KNOTS('',1,(#5947,#5948),.UNSPECIFIED.,.F.,
  .F.,(2,2),(0.,1.),.PIECEWISE_BEZIER_KNOTS.);
#5947 = CARTESIAN_POINT('',(-1.717585640382,-2.335171280765,0.1));
#5948 = CARTESIAN_POINT('',(-1.775,-2.45,0.825));
#5949 = B_SPLINE_SURFACE_WITH_KNOTS('',1,1,(
    (#5950,#5951)
    ,(#5952,#5953
    )),.UNSPECIFIED.,.F.,.F.,.F.,(2,2),(2,2),(0.,0.247487373415),(0.,1.)
  ,.PIECEWISE_BEZIER_KNOTS.);
#5950 = CARTESIAN_POINT('',(-1.717585640382,-2.335171280765,0.1));
#5951 = CARTESIAN_POINT('',(-1.775,-2.45,0.825));
#5952 = CARTESIAN_POINT('',(-1.835171280765,-2.217585640382,0.1));
#5953 = CARTESIAN_POINT('',(-1.95,-2.275,0.825));
#5954 = ADVANCED_FACE('',(#5955),#5972,.F.);
#5955 = FACE_BOUND('',#5956,.F.);
#5956 = EDGE_LOOP('',(#5957,#5958,#5965,#5971));
#5957 = ORIENTED_EDGE('',*,*,#5640,.T.);
#5958 = ORIENTED_EDGE('',*,*,#5959,.T.);
#5959 = EDGE_CURVE('',#5641,#5960,#5962,.T.);
#5960 = VERTEX_POINT('',#5961);
#5961 = CARTESIAN_POINT('',(1.775,-2.45,0.825));
#5962 = B_SPLINE_CURVE_WITH_KNOTS('',1,(#5963,#5964),.UNSPECIFIED.,.F.,
  .F.,(2,2),(0.,1.),.PIECEWISE_BEZIER_KNOTS.);
#5963 = CARTESIAN_POINT('',(1.717585640382,-2.335171280765,0.1));
#5964 = CARTESIAN_POINT('',(1.775,-2.45,0.825));
#5965 = ORIENTED_EDGE('',*,*,#5966,.F.);
#5966 = EDGE_CURVE('',#5850,#5960,#5967,.T.);
#5967 = LINE('',#5968,#5969);
#5968 = CARTESIAN_POINT('',(1.95,-2.275,0.825));
#5969 = VECTOR('',#5970,1.);
#5970 = DIRECTION('',(-0.707106781187,-0.707106781187,0.));
#5971 = ORIENTED_EDGE('',*,*,#5849,.F.);
#5972 = B_SPLINE_SURFACE_WITH_KNOTS('',1,1,(
    (#5973,#5974)
    ,(#5975,#5976
    )),.UNSPECIFIED.,.F.,.F.,.F.,(2,2),(2,2),(0.,0.247487373415),(0.,1.)
  ,.PIECEWISE_BEZIER_KNOTS.);
#5973 = CARTESIAN_POINT('',(1.835171280765,-2.217585640382,0.1));
#5974 = CARTESIAN_POINT('',(1.95,-2.275,0.825));
#5975 = CARTESIAN_POINT('',(1.717585640382,-2.335171280765,0.1));
#5976 = CARTESIAN_POINT('',(1.775,-2.45,0.825));
#5977 = ADVANCED_FACE('',(#5978),#5989,.F.);
#5978 = FACE_BOUND('',#5979,.F.);
#5979 = EDGE_LOOP('',(#5980,#5981,#5982,#5988));
#5980 = ORIENTED_EDGE('',*,*,#5648,.T.);
#5981 = ORIENTED_EDGE('',*,*,#5945,.T.);
#5982 = ORIENTED_EDGE('',*,*,#5983,.F.);
#5983 = EDGE_CURVE('',#5960,#5938,#5984,.T.);
#5984 = LINE('',#5985,#5986);
#5985 = CARTESIAN_POINT('',(1.775,-2.45,0.825));
#5986 = VECTOR('',#5987,1.);
#5987 = DIRECTION('',(-1.,-1.110223024625E-16,0.));
#5988 = ORIENTED_EDGE('',*,*,#5959,.F.);
#5989 = B_SPLINE_SURFACE_WITH_KNOTS('',1,1,(
    (#5990,#5991)
    ,(#5992,#5993
    )),.UNSPECIFIED.,.F.,.F.,.F.,(2,2),(2,2),(0.,3.55),(0.,1.),
  .PIECEWISE_BEZIER_KNOTS.);
#5990 = CARTESIAN_POINT('',(1.717585640382,-2.335171280765,0.1));
#5991 = CARTESIAN_POINT('',(1.775,-2.45,0.825));
#5992 = CARTESIAN_POINT('',(-1.717585640382,-2.335171280765,0.1));
#5993 = CARTESIAN_POINT('',(-1.775,-2.45,0.825));
#5994 = ADVANCED_FACE('',(#5995),#6012,.F.);
#5995 = FACE_BOUND('',#5996,.F.);
#5996 = EDGE_LOOP('',(#5997,#5998,#6005,#6011));
#5997 = ORIENTED_EDGE('',*,*,#5694,.T.);
#5998 = ORIENTED_EDGE('',*,*,#5999,.T.);
#5999 = EDGE_CURVE('',#5688,#6000,#6002,.T.);
#6000 = VERTEX_POINT('',#6001);
#6001 = CARTESIAN_POINT('',(1.95,2.275,1.025));
#6002 = B_SPLINE_CURVE_WITH_KNOTS('',1,(#6003,#6004),.UNSPECIFIED.,.F.,
  .F.,(2,2),(0.,1.),.PIECEWISE_BEZIER_KNOTS.);
#6003 = CARTESIAN_POINT('',(1.95,2.275,0.825));
#6004 = CARTESIAN_POINT('',(1.95,2.275,1.025));
#6005 = ORIENTED_EDGE('',*,*,#6006,.F.);
#6006 = EDGE_CURVE('',#5711,#6000,#6007,.T.);
#6007 = LINE('',#6008,#6009);
#6008 = CARTESIAN_POINT('',(1.775,2.45,1.025));
#6009 = VECTOR('',#6010,1.);
#6010 = DIRECTION('',(0.707106781187,-0.707106781187,0.));
#6011 = ORIENTED_EDGE('',*,*,#5710,.F.);
#6012 = PLANE('',#6013);
#6013 = AXIS2_PLACEMENT_3D('',#6014,#6015,#6016);
#6014 = CARTESIAN_POINT('',(1.775,2.45,1.025));
#6015 = DIRECTION('',(-0.707106781187,-0.707106781187,0.));
#6016 = DIRECTION('',(0.707106781187,-0.707106781187,0.));
#6017 = ADVANCED_FACE('',(#6018),#6100,.F.);
#6018 = FACE_BOUND('',#6019,.F.);
#6019 = EDGE_LOOP('',(#6020,#6028,#6029,#6030,#6038,#6046,#6054,#6062,
    #6070,#6078,#6086,#6094));
#6020 = ORIENTED_EDGE('',*,*,#6021,.T.);
#6021 = EDGE_CURVE('',#6022,#5718,#6024,.T.);
#6022 = VERTEX_POINT('',#6023);
#6023 = CARTESIAN_POINT('',(-1.95,2.275,1.025));
#6024 = LINE('',#6025,#6026);
#6025 = CARTESIAN_POINT('',(-1.95,2.275,1.025));
#6026 = VECTOR('',#6027,1.);
#6027 = DIRECTION('',(0.707106781187,0.707106781187,0.));
#6028 = ORIENTED_EDGE('',*,*,#5717,.T.);
#6029 = ORIENTED_EDGE('',*,*,#6006,.T.);
#6030 = ORIENTED_EDGE('',*,*,#6031,.T.);
#6031 = EDGE_CURVE('',#6000,#6032,#6034,.T.);
#6032 = VERTEX_POINT('',#6033);
#6033 = CARTESIAN_POINT('',(1.95,2.11,1.025));
#6034 = LINE('',#6035,#6036);
#6035 = CARTESIAN_POINT('',(1.95,2.275,1.025));
#6036 = VECTOR('',#6037,1.);
#6037 = DIRECTION('',(1.110223024625E-16,-1.,0.));
#6038 = ORIENTED_EDGE('',*,*,#6039,.T.);
#6039 = EDGE_CURVE('',#6032,#6040,#6042,.T.);
#6040 = VERTEX_POINT('',#6041);
#6041 = CARTESIAN_POINT('',(1.875,2.11,1.025));
#6042 = LINE('',#6043,#6044);
#6043 = CARTESIAN_POINT('',(2.25,2.11,1.025));
#6044 = VECTOR('',#6045,1.);
#6045 = DIRECTION('',(-1.,-1.110223024625E-16,0.));
#6046 = ORIENTED_EDGE('',*,*,#6047,.F.);
#6047 = EDGE_CURVE('',#6048,#6040,#6050,.T.);
#6048 = VERTEX_POINT('',#6049);
#6049 = CARTESIAN_POINT('',(1.875,2.2375,1.025));
#6050 = LINE('',#6051,#6052);
#6051 = CARTESIAN_POINT('',(1.875,2.2375,1.025));
#6052 = VECTOR('',#6053,1.);
#6053 = DIRECTION('',(1.110223024625E-16,-1.,0.));
#6054 = ORIENTED_EDGE('',*,*,#6055,.F.);
#6055 = EDGE_CURVE('',#6056,#6048,#6058,.T.);
#6056 = VERTEX_POINT('',#6057);
#6057 = CARTESIAN_POINT('',(1.7375,2.375,1.025));
#6058 = LINE('',#6059,#6060);
#6059 = CARTESIAN_POINT('',(1.7375,2.375,1.025));
#6060 = VECTOR('',#6061,1.);
#6061 = DIRECTION('',(0.707106781187,-0.707106781187,0.));
#6062 = ORIENTED_EDGE('',*,*,#6063,.F.);
#6063 = EDGE_CURVE('',#6064,#6056,#6066,.T.);
#6064 = VERTEX_POINT('',#6065);
#6065 = CARTESIAN_POINT('',(-1.7375,2.375,1.025));
#6066 = LINE('',#6067,#6068);
#6067 = CARTESIAN_POINT('',(-1.7375,2.375,1.025));
#6068 = VECTOR('',#6069,1.);
#6069 = DIRECTION('',(1.,1.110223024625E-16,0.));
#6070 = ORIENTED_EDGE('',*,*,#6071,.F.);
#6071 = EDGE_CURVE('',#6072,#6064,#6074,.T.);
#6072 = VERTEX_POINT('',#6073);
#6073 = CARTESIAN_POINT('',(-1.875,2.2375,1.025));
#6074 = LINE('',#6075,#6076);
#6075 = CARTESIAN_POINT('',(-1.875,2.2375,1.025));
#6076 = VECTOR('',#6077,1.);
#6077 = DIRECTION('',(0.707106781187,0.707106781187,0.));
#6078 = ORIENTED_EDGE('',*,*,#6079,.F.);
#6079 = EDGE_CURVE('',#6080,#6072,#6082,.T.);
#6080 = VERTEX_POINT('',#6081);
#6081 = CARTESIAN_POINT('',(-1.875,2.11,1.025));
#6082 = LINE('',#6083,#6084);
#6083 = CARTESIAN_POINT('',(-1.875,-2.2375,1.025));
#6084 = VECTOR('',#6085,1.);
#6085 = DIRECTION('',(-1.110223024625E-16,1.,0.));
#6086 = ORIENTED_EDGE('',*,*,#6087,.F.);
#6087 = EDGE_CURVE('',#6088,#6080,#6090,.T.);
#6088 = VERTEX_POINT('',#6089);
#6089 = CARTESIAN_POINT('',(-1.95,2.11,1.025));
#6090 = LINE('',#6091,#6092);
#6091 = CARTESIAN_POINT('',(-2.25,2.11,1.025));
#6092 = VECTOR('',#6093,1.);
#6093 = DIRECTION('',(1.,-1.144237745222E-17,0.));
#6094 = ORIENTED_EDGE('',*,*,#6095,.T.);
#6095 = EDGE_CURVE('',#6088,#6022,#6096,.T.);
#6096 = LINE('',#6097,#6098);
#6097 = CARTESIAN_POINT('',(-1.95,-2.275,1.025));
#6098 = VECTOR('',#6099,1.);
#6099 = DIRECTION('',(-1.110223024625E-16,1.,0.));
#6100 = PLANE('',#6101);
#6101 = AXIS2_PLACEMENT_3D('',#6102,#6103,#6104);
#6102 = CARTESIAN_POINT('',(-3.027078129022E-16,2.4125,1.025));
#6103 = DIRECTION('',(2.007919022429E-31,-7.713306628828E-27,-1.));
#6104 = DIRECTION('',(1.,1.112083013911E-16,2.00791902242E-31));
#6105 = ADVANCED_FACE('',(#6106),#6116,.F.);
#6106 = FACE_BOUND('',#6107,.F.);
#6107 = EDGE_LOOP('',(#6108,#6109,#6110,#6111));
#6108 = ORIENTED_EDGE('',*,*,#5740,.T.);
#6109 = ORIENTED_EDGE('',*,*,#5725,.T.);
#6110 = ORIENTED_EDGE('',*,*,#6021,.F.);
#6111 = ORIENTED_EDGE('',*,*,#6112,.F.);
#6112 = EDGE_CURVE('',#5741,#6022,#6113,.T.);
#6113 = B_SPLINE_CURVE_WITH_KNOTS('',1,(#6114,#6115),.UNSPECIFIED.,.F.,
  .F.,(2,2),(0.,1.),.PIECEWISE_BEZIER_KNOTS.);
#6114 = CARTESIAN_POINT('',(-1.95,2.275,0.825));
#6115 = CARTESIAN_POINT('',(-1.95,2.275,1.025));
#6116 = PLANE('',#6117);
#6117 = AXIS2_PLACEMENT_3D('',#6118,#6119,#6120);
#6118 = CARTESIAN_POINT('',(-1.95,2.275,1.025));
#6119 = DIRECTION('',(0.707106781187,-0.707106781187,0.));
#6120 = DIRECTION('',(0.707106781187,0.707106781187,0.));
#6121 = ADVANCED_FACE('',(#6122),#6146,.F.);
#6122 = FACE_BOUND('',#6123,.F.);
#6123 = EDGE_LOOP('',(#6124,#6131,#6132,#6140));
#6124 = ORIENTED_EDGE('',*,*,#6125,.F.);
#6125 = EDGE_CURVE('',#5828,#6126,#6128,.T.);
#6126 = VERTEX_POINT('',#6127);
#6127 = CARTESIAN_POINT('',(-1.95,-2.275,1.025));
#6128 = B_SPLINE_CURVE_WITH_KNOTS('',1,(#6129,#6130),.UNSPECIFIED.,.F.,
  .F.,(2,2),(0.,1.),.PIECEWISE_BEZIER_KNOTS.);
#6129 = CARTESIAN_POINT('',(-1.95,-2.275,0.825));
#6130 = CARTESIAN_POINT('',(-1.95,-2.275,1.025));
#6131 = ORIENTED_EDGE('',*,*,#5827,.T.);
#6132 = ORIENTED_EDGE('',*,*,#6133,.T.);
#6133 = EDGE_CURVE('',#5820,#6134,#6136,.T.);
#6134 = VERTEX_POINT('',#6135);
#6135 = CARTESIAN_POINT('',(-1.95,-2.11,1.025));
#6136 = LINE('',#6137,#6138);
#6137 = CARTESIAN_POINT('',(-1.95,-2.11,0.786976568901));
#6138 = VECTOR('',#6139,1.);
#6139 = DIRECTION('',(0.,0.,1.));
#6140 = ORIENTED_EDGE('',*,*,#6141,.F.);
#6141 = EDGE_CURVE('',#6126,#6134,#6142,.T.);
#6142 = LINE('',#6143,#6144);
#6143 = CARTESIAN_POINT('',(-1.95,-2.275,1.025));
#6144 = VECTOR('',#6145,1.);
#6145 = DIRECTION('',(-1.110223024625E-16,1.,0.));
#6146 = PLANE('',#6147);
#6147 = AXIS2_PLACEMENT_3D('',#6148,#6149,#6150);
#6148 = CARTESIAN_POINT('',(-1.95,-2.275,1.025));
#6149 = DIRECTION('',(1.,1.110223024625E-16,0.));
#6150 = DIRECTION('',(-1.110223024625E-16,1.,0.));
#6151 = ADVANCED_FACE('',(#6152),#6177,.F.);
#6152 = FACE_BOUND('',#6153,.F.);
#6153 = EDGE_LOOP('',(#6154,#6162,#6163,#6171));
#6154 = ORIENTED_EDGE('',*,*,#6155,.F.);
#6155 = EDGE_CURVE('',#5820,#6156,#6158,.T.);
#6156 = VERTEX_POINT('',#6157);
#6157 = CARTESIAN_POINT('',(-2.25,-2.11,0.825));
#6158 = LINE('',#6159,#6160);
#6159 = CARTESIAN_POINT('',(-1.8,-2.11,0.825));
#6160 = VECTOR('',#6161,1.);
#6161 = DIRECTION('',(-1.,1.144237745222E-17,0.));
#6162 = ORIENTED_EDGE('',*,*,#5819,.T.);
#6163 = ORIENTED_EDGE('',*,*,#6164,.T.);
#6164 = EDGE_CURVE('',#5812,#6165,#6167,.T.);
#6165 = VERTEX_POINT('',#6166);
#6166 = CARTESIAN_POINT('',(-2.25,-1.7,0.825));
#6167 = LINE('',#6168,#6169);
#6168 = CARTESIAN_POINT('',(-1.8,-1.7,0.825));
#6169 = VECTOR('',#6170,1.);
#6170 = DIRECTION('',(-1.,1.144237745222E-17,0.));
#6171 = ORIENTED_EDGE('',*,*,#6172,.F.);
#6172 = EDGE_CURVE('',#6156,#6165,#6173,.T.);
#6173 = LINE('',#6174,#6175);
#6174 = CARTESIAN_POINT('',(-2.25,-2.11,0.825));
#6175 = VECTOR('',#6176,1.);
#6176 = DIRECTION('',(1.144237745222E-17,1.,0.));
#6177 = PLANE('',#6178);
#6178 = AXIS2_PLACEMENT_3D('',#6179,#6180,#6181);
#6179 = CARTESIAN_POINT('',(-1.8,-2.11,0.825));
#6180 = DIRECTION('',(0.,0.,1.));
#6181 = DIRECTION('',(-1.,1.144237745222E-17,0.));
#6182 = ADVANCED_FACE('',(#6183),#6208,.F.);
#6183 = FACE_BOUND('',#6184,.F.);
#6184 = EDGE_LOOP('',(#6185,#6193,#6194,#6202));
#6185 = ORIENTED_EDGE('',*,*,#6186,.F.);
#6186 = EDGE_CURVE('',#5812,#6187,#6189,.T.);
#6187 = VERTEX_POINT('',#6188);
#6188 = CARTESIAN_POINT('',(-1.95,-1.7,1.025));
#6189 = LINE('',#6190,#6191);
#6190 = CARTESIAN_POINT('',(-1.95,-1.7,0.786976568901));
#6191 = VECTOR('',#6192,1.);
#6192 = DIRECTION('',(0.,0.,1.));
#6193 = ORIENTED_EDGE('',*,*,#5811,.T.);
#6194 = ORIENTED_EDGE('',*,*,#6195,.T.);
#6195 = EDGE_CURVE('',#5804,#6196,#6198,.T.);
#6196 = VERTEX_POINT('',#6197);
#6197 = CARTESIAN_POINT('',(-1.95,-0.84,1.025));
#6198 = LINE('',#6199,#6200);
#6199 = CARTESIAN_POINT('',(-1.95,-0.84,0.786976568901));
#6200 = VECTOR('',#6201,1.);
#6201 = DIRECTION('',(0.,0.,1.));
#6202 = ORIENTED_EDGE('',*,*,#6203,.F.);
#6203 = EDGE_CURVE('',#6187,#6196,#6204,.T.);
#6204 = LINE('',#6205,#6206);
#6205 = CARTESIAN_POINT('',(-1.95,-2.275,1.025));
#6206 = VECTOR('',#6207,1.);
#6207 = DIRECTION('',(-1.110223024625E-16,1.,0.));
#6208 = PLANE('',#6209);
#6209 = AXIS2_PLACEMENT_3D('',#6210,#6211,#6212);
#6210 = CARTESIAN_POINT('',(-1.95,-2.275,1.025));
#6211 = DIRECTION('',(1.,1.110223024625E-16,0.));
#6212 = DIRECTION('',(-1.110223024625E-16,1.,0.));
#6213 = ADVANCED_FACE('',(#6214),#6239,.F.);
#6214 = FACE_BOUND('',#6215,.F.);
#6215 = EDGE_LOOP('',(#6216,#6224,#6225,#6233));
#6216 = ORIENTED_EDGE('',*,*,#6217,.F.);
#6217 = EDGE_CURVE('',#5804,#6218,#6220,.T.);
#6218 = VERTEX_POINT('',#6219);
#6219 = CARTESIAN_POINT('',(-2.25,-0.84,0.825));
#6220 = LINE('',#6221,#6222);
#6221 = CARTESIAN_POINT('',(-1.8,-0.84,0.825));
#6222 = VECTOR('',#6223,1.);
#6223 = DIRECTION('',(-1.,1.144237745222E-17,0.));
#6224 = ORIENTED_EDGE('',*,*,#5803,.T.);
#6225 = ORIENTED_EDGE('',*,*,#6226,.T.);
#6226 = EDGE_CURVE('',#5796,#6227,#6229,.T.);
#6227 = VERTEX_POINT('',#6228);
#6228 = CARTESIAN_POINT('',(-2.25,-0.43,0.825));
#6229 = LINE('',#6230,#6231);
#6230 = CARTESIAN_POINT('',(-1.8,-0.43,0.825));
#6231 = VECTOR('',#6232,1.);
#6232 = DIRECTION('',(-1.,1.144237745222E-17,0.));
#6233 = ORIENTED_EDGE('',*,*,#6234,.F.);
#6234 = EDGE_CURVE('',#6218,#6227,#6235,.T.);
#6235 = LINE('',#6236,#6237);
#6236 = CARTESIAN_POINT('',(-2.25,-0.84,0.825));
#6237 = VECTOR('',#6238,1.);
#6238 = DIRECTION('',(1.144237745222E-17,1.,0.));
#6239 = PLANE('',#6240);
#6240 = AXIS2_PLACEMENT_3D('',#6241,#6242,#6243);
#6241 = CARTESIAN_POINT('',(-1.8,-0.84,0.825));
#6242 = DIRECTION('',(0.,0.,1.));
#6243 = DIRECTION('',(-1.,1.144237745222E-17,0.));
#6244 = ADVANCED_FACE('',(#6245),#6270,.F.);
#6245 = FACE_BOUND('',#6246,.F.);
#6246 = EDGE_LOOP('',(#6247,#6255,#6256,#6264));
#6247 = ORIENTED_EDGE('',*,*,#6248,.F.);
#6248 = EDGE_CURVE('',#5796,#6249,#6251,.T.);
#6249 = VERTEX_POINT('',#6250);
#6250 = CARTESIAN_POINT('',(-1.95,-0.43,1.025));
#6251 = LINE('',#6252,#6253);
#6252 = CARTESIAN_POINT('',(-1.95,-0.43,0.786976568901));
#6253 = VECTOR('',#6254,1.);
#6254 = DIRECTION('',(0.,0.,1.));
#6255 = ORIENTED_EDGE('',*,*,#5795,.T.);
#6256 = ORIENTED_EDGE('',*,*,#6257,.T.);
#6257 = EDGE_CURVE('',#5788,#6258,#6260,.T.);
#6258 = VERTEX_POINT('',#6259);
#6259 = CARTESIAN_POINT('',(-1.95,0.43,1.025));
#6260 = LINE('',#6261,#6262);
#6261 = CARTESIAN_POINT('',(-1.95,0.43,0.786976568901));
#6262 = VECTOR('',#6263,1.);
#6263 = DIRECTION('',(0.,0.,1.));
#6264 = ORIENTED_EDGE('',*,*,#6265,.F.);
#6265 = EDGE_CURVE('',#6249,#6258,#6266,.T.);
#6266 = LINE('',#6267,#6268);
#6267 = CARTESIAN_POINT('',(-1.95,-2.275,1.025));
#6268 = VECTOR('',#6269,1.);
#6269 = DIRECTION('',(-1.110223024625E-16,1.,0.));
#6270 = PLANE('',#6271);
#6271 = AXIS2_PLACEMENT_3D('',#6272,#6273,#6274);
#6272 = CARTESIAN_POINT('',(-1.95,-2.275,1.025));
#6273 = DIRECTION('',(1.,1.110223024625E-16,0.));
#6274 = DIRECTION('',(-1.110223024625E-16,1.,0.));
#6275 = ADVANCED_FACE('',(#6276),#6301,.F.);
#6276 = FACE_BOUND('',#6277,.F.);
#6277 = EDGE_LOOP('',(#6278,#6286,#6287,#6295));
#6278 = ORIENTED_EDGE('',*,*,#6279,.F.);
#6279 = EDGE_CURVE('',#5788,#6280,#6282,.T.);
#6280 = VERTEX_POINT('',#6281);
#6281 = CARTESIAN_POINT('',(-2.25,0.43,0.825));
#6282 = LINE('',#6283,#6284);
#6283 = CARTESIAN_POINT('',(-1.8,0.43,0.825));
#6284 = VECTOR('',#6285,1.);
#6285 = DIRECTION('',(-1.,1.144237745222E-17,0.));
#6286 = ORIENTED_EDGE('',*,*,#5787,.T.);
#6287 = ORIENTED_EDGE('',*,*,#6288,.T.);
#6288 = EDGE_CURVE('',#5780,#6289,#6291,.T.);
#6289 = VERTEX_POINT('',#6290);
#6290 = CARTESIAN_POINT('',(-2.25,0.84,0.825));
#6291 = LINE('',#6292,#6293);
#6292 = CARTESIAN_POINT('',(-1.8,0.84,0.825));
#6293 = VECTOR('',#6294,1.);
#6294 = DIRECTION('',(-1.,1.144237745222E-17,0.));
#6295 = ORIENTED_EDGE('',*,*,#6296,.F.);
#6296 = EDGE_CURVE('',#6280,#6289,#6297,.T.);
#6297 = LINE('',#6298,#6299);
#6298 = CARTESIAN_POINT('',(-2.25,0.43,0.825));
#6299 = VECTOR('',#6300,1.);
#6300 = DIRECTION('',(1.144237745222E-17,1.,0.));
#6301 = PLANE('',#6302);
#6302 = AXIS2_PLACEMENT_3D('',#6303,#6304,#6305);
#6303 = CARTESIAN_POINT('',(-1.8,0.43,0.825));
#6304 = DIRECTION('',(0.,0.,1.));
#6305 = DIRECTION('',(-1.,1.144237745222E-17,0.));
#6306 = ADVANCED_FACE('',(#6307),#6332,.F.);
#6307 = FACE_BOUND('',#6308,.F.);
#6308 = EDGE_LOOP('',(#6309,#6317,#6318,#6326));
#6309 = ORIENTED_EDGE('',*,*,#6310,.F.);
#6310 = EDGE_CURVE('',#5780,#6311,#6313,.T.);
#6311 = VERTEX_POINT('',#6312);
#6312 = CARTESIAN_POINT('',(-1.95,0.84,1.025));
#6313 = LINE('',#6314,#6315);
#6314 = CARTESIAN_POINT('',(-1.95,0.84,0.786976568901));
#6315 = VECTOR('',#6316,1.);
#6316 = DIRECTION('',(0.,0.,1.));
#6317 = ORIENTED_EDGE('',*,*,#5779,.T.);
#6318 = ORIENTED_EDGE('',*,*,#6319,.T.);
#6319 = EDGE_CURVE('',#5772,#6320,#6322,.T.);
#6320 = VERTEX_POINT('',#6321);
#6321 = CARTESIAN_POINT('',(-1.95,1.7,1.025));
#6322 = LINE('',#6323,#6324);
#6323 = CARTESIAN_POINT('',(-1.95,1.7,0.786976568901));
#6324 = VECTOR('',#6325,1.);
#6325 = DIRECTION('',(0.,0.,1.));
#6326 = ORIENTED_EDGE('',*,*,#6327,.F.);
#6327 = EDGE_CURVE('',#6311,#6320,#6328,.T.);
#6328 = LINE('',#6329,#6330);
#6329 = CARTESIAN_POINT('',(-1.95,-2.275,1.025));
#6330 = VECTOR('',#6331,1.);
#6331 = DIRECTION('',(-1.110223024625E-16,1.,0.));
#6332 = PLANE('',#6333);
#6333 = AXIS2_PLACEMENT_3D('',#6334,#6335,#6336);
#6334 = CARTESIAN_POINT('',(-1.95,-2.275,1.025));
#6335 = DIRECTION('',(1.,1.110223024625E-16,0.));
#6336 = DIRECTION('',(-1.110223024625E-16,1.,0.));
#6337 = ADVANCED_FACE('',(#6338),#6363,.F.);
#6338 = FACE_BOUND('',#6339,.F.);
#6339 = EDGE_LOOP('',(#6340,#6348,#6349,#6357));
#6340 = ORIENTED_EDGE('',*,*,#6341,.F.);
#6341 = EDGE_CURVE('',#5772,#6342,#6344,.T.);
#6342 = VERTEX_POINT('',#6343);
#6343 = CARTESIAN_POINT('',(-2.25,1.7,0.825));
#6344 = LINE('',#6345,#6346);
#6345 = CARTESIAN_POINT('',(-1.8,1.7,0.825));
#6346 = VECTOR('',#6347,1.);
#6347 = DIRECTION('',(-1.,1.144237745222E-17,0.));
#6348 = ORIENTED_EDGE('',*,*,#5771,.T.);
#6349 = ORIENTED_EDGE('',*,*,#6350,.T.);
#6350 = EDGE_CURVE('',#5764,#6351,#6353,.T.);
#6351 = VERTEX_POINT('',#6352);
#6352 = CARTESIAN_POINT('',(-2.25,2.11,0.825));
#6353 = LINE('',#6354,#6355);
#6354 = CARTESIAN_POINT('',(-1.8,2.11,0.825));
#6355 = VECTOR('',#6356,1.);
#6356 = DIRECTION('',(-1.,1.144237745222E-17,0.));
#6357 = ORIENTED_EDGE('',*,*,#6358,.F.);
#6358 = EDGE_CURVE('',#6342,#6351,#6359,.T.);
#6359 = LINE('',#6360,#6361);
#6360 = CARTESIAN_POINT('',(-2.25,1.7,0.825));
#6361 = VECTOR('',#6362,1.);
#6362 = DIRECTION('',(1.144237745222E-17,1.,0.));
#6363 = PLANE('',#6364);
#6364 = AXIS2_PLACEMENT_3D('',#6365,#6366,#6367);
#6365 = CARTESIAN_POINT('',(-1.8,1.7,0.825));
#6366 = DIRECTION('',(0.,0.,1.));
#6367 = DIRECTION('',(-1.,1.144237745222E-17,0.));
#6368 = ADVANCED_FACE('',(#6369),#6380,.F.);
#6369 = FACE_BOUND('',#6370,.F.);
#6370 = EDGE_LOOP('',(#6371,#6377,#6378,#6379));
#6371 = ORIENTED_EDGE('',*,*,#6372,.F.);
#6372 = EDGE_CURVE('',#5764,#6088,#6373,.T.);
#6373 = LINE('',#6374,#6375);
#6374 = CARTESIAN_POINT('',(-1.95,2.11,0.786976568901));
#6375 = VECTOR('',#6376,1.);
#6376 = DIRECTION('',(0.,0.,1.));
#6377 = ORIENTED_EDGE('',*,*,#5763,.T.);
#6378 = ORIENTED_EDGE('',*,*,#6112,.T.);
#6379 = ORIENTED_EDGE('',*,*,#6095,.F.);
#6380 = PLANE('',#6381);
#6381 = AXIS2_PLACEMENT_3D('',#6382,#6383,#6384);
#6382 = CARTESIAN_POINT('',(-1.95,-2.275,1.025));
#6383 = DIRECTION('',(1.,1.110223024625E-16,0.));
#6384 = DIRECTION('',(-1.110223024625E-16,1.,0.));
#6385 = ADVANCED_FACE('',(#6386),#6397,.F.);
#6386 = FACE_BOUND('',#6387,.F.);
#6387 = EDGE_LOOP('',(#6388,#6389,#6390,#6396));
#6388 = ORIENTED_EDGE('',*,*,#5999,.F.);
#6389 = ORIENTED_EDGE('',*,*,#5920,.T.);
#6390 = ORIENTED_EDGE('',*,*,#6391,.T.);
#6391 = EDGE_CURVE('',#5913,#6032,#6392,.T.);
#6392 = LINE('',#6393,#6394);
#6393 = CARTESIAN_POINT('',(1.95,2.11,0.786976568901));
#6394 = VECTOR('',#6395,1.);
#6395 = DIRECTION('',(0.,0.,1.));
#6396 = ORIENTED_EDGE('',*,*,#6031,.F.);
#6397 = PLANE('',#6398);
#6398 = AXIS2_PLACEMENT_3D('',#6399,#6400,#6401);
#6399 = CARTESIAN_POINT('',(1.95,2.275,1.025));
#6400 = DIRECTION('',(-1.,-1.110223024625E-16,0.));
#6401 = DIRECTION('',(1.110223024625E-16,-1.,0.));
#6402 = ADVANCED_FACE('',(#6403),#6428,.F.);
#6403 = FACE_BOUND('',#6404,.F.);
#6404 = EDGE_LOOP('',(#6405,#6413,#6414,#6422));
#6405 = ORIENTED_EDGE('',*,*,#6406,.F.);
#6406 = EDGE_CURVE('',#5913,#6407,#6409,.T.);
#6407 = VERTEX_POINT('',#6408);
#6408 = CARTESIAN_POINT('',(2.25,2.11,0.825));
#6409 = LINE('',#6410,#6411);
#6410 = CARTESIAN_POINT('',(1.8,2.11,0.825));
#6411 = VECTOR('',#6412,1.);
#6412 = DIRECTION('',(1.,1.110223024625E-16,0.));
#6413 = ORIENTED_EDGE('',*,*,#5912,.T.);
#6414 = ORIENTED_EDGE('',*,*,#6415,.T.);
#6415 = EDGE_CURVE('',#5905,#6416,#6418,.T.);
#6416 = VERTEX_POINT('',#6417);
#6417 = CARTESIAN_POINT('',(2.25,1.7,0.825));
#6418 = LINE('',#6419,#6420);
#6419 = CARTESIAN_POINT('',(1.8,1.7,0.825));
#6420 = VECTOR('',#6421,1.);
#6421 = DIRECTION('',(1.,1.110223024625E-16,0.));
#6422 = ORIENTED_EDGE('',*,*,#6423,.F.);
#6423 = EDGE_CURVE('',#6407,#6416,#6424,.T.);
#6424 = LINE('',#6425,#6426);
#6425 = CARTESIAN_POINT('',(2.25,2.11,0.825));
#6426 = VECTOR('',#6427,1.);
#6427 = DIRECTION('',(1.110223024625E-16,-1.,0.));
#6428 = PLANE('',#6429);
#6429 = AXIS2_PLACEMENT_3D('',#6430,#6431,#6432);
#6430 = CARTESIAN_POINT('',(1.8,2.11,0.825));
#6431 = DIRECTION('',(0.,0.,1.));
#6432 = DIRECTION('',(1.,1.110223024625E-16,-0.));
#6433 = ADVANCED_FACE('',(#6434),#6459,.F.);
#6434 = FACE_BOUND('',#6435,.F.);
#6435 = EDGE_LOOP('',(#6436,#6444,#6445,#6453));
#6436 = ORIENTED_EDGE('',*,*,#6437,.F.);
#6437 = EDGE_CURVE('',#5905,#6438,#6440,.T.);
#6438 = VERTEX_POINT('',#6439);
#6439 = CARTESIAN_POINT('',(1.95,1.7,1.025));
#6440 = LINE('',#6441,#6442);
#6441 = CARTESIAN_POINT('',(1.95,1.7,0.786976568901));
#6442 = VECTOR('',#6443,1.);
#6443 = DIRECTION('',(0.,0.,1.));
#6444 = ORIENTED_EDGE('',*,*,#5904,.T.);
#6445 = ORIENTED_EDGE('',*,*,#6446,.T.);
#6446 = EDGE_CURVE('',#5897,#6447,#6449,.T.);
#6447 = VERTEX_POINT('',#6448);
#6448 = CARTESIAN_POINT('',(1.95,0.84,1.025));
#6449 = LINE('',#6450,#6451);
#6450 = CARTESIAN_POINT('',(1.95,0.84,0.786976568901));
#6451 = VECTOR('',#6452,1.);
#6452 = DIRECTION('',(0.,0.,1.));
#6453 = ORIENTED_EDGE('',*,*,#6454,.F.);
#6454 = EDGE_CURVE('',#6438,#6447,#6455,.T.);
#6455 = LINE('',#6456,#6457);
#6456 = CARTESIAN_POINT('',(1.95,2.275,1.025));
#6457 = VECTOR('',#6458,1.);
#6458 = DIRECTION('',(1.110223024625E-16,-1.,0.));
#6459 = PLANE('',#6460);
#6460 = AXIS2_PLACEMENT_3D('',#6461,#6462,#6463);
#6461 = CARTESIAN_POINT('',(1.95,2.275,1.025));
#6462 = DIRECTION('',(-1.,-1.110223024625E-16,0.));
#6463 = DIRECTION('',(1.110223024625E-16,-1.,0.));
#6464 = ADVANCED_FACE('',(#6465),#6490,.F.);
#6465 = FACE_BOUND('',#6466,.F.);
#6466 = EDGE_LOOP('',(#6467,#6475,#6476,#6484));
#6467 = ORIENTED_EDGE('',*,*,#6468,.F.);
#6468 = EDGE_CURVE('',#5897,#6469,#6471,.T.);
#6469 = VERTEX_POINT('',#6470);
#6470 = CARTESIAN_POINT('',(2.25,0.84,0.825));
#6471 = LINE('',#6472,#6473);
#6472 = CARTESIAN_POINT('',(1.8,0.84,0.825));
#6473 = VECTOR('',#6474,1.);
#6474 = DIRECTION('',(1.,1.110223024625E-16,0.));
#6475 = ORIENTED_EDGE('',*,*,#5896,.T.);
#6476 = ORIENTED_EDGE('',*,*,#6477,.T.);
#6477 = EDGE_CURVE('',#5889,#6478,#6480,.T.);
#6478 = VERTEX_POINT('',#6479);
#6479 = CARTESIAN_POINT('',(2.25,0.43,0.825));
#6480 = LINE('',#6481,#6482);
#6481 = CARTESIAN_POINT('',(1.8,0.43,0.825));
#6482 = VECTOR('',#6483,1.);
#6483 = DIRECTION('',(1.,1.110223024625E-16,0.));
#6484 = ORIENTED_EDGE('',*,*,#6485,.F.);
#6485 = EDGE_CURVE('',#6469,#6478,#6486,.T.);
#6486 = LINE('',#6487,#6488);
#6487 = CARTESIAN_POINT('',(2.25,0.84,0.825));
#6488 = VECTOR('',#6489,1.);
#6489 = DIRECTION('',(1.110223024625E-16,-1.,0.));
#6490 = PLANE('',#6491);
#6491 = AXIS2_PLACEMENT_3D('',#6492,#6493,#6494);
#6492 = CARTESIAN_POINT('',(1.8,0.84,0.825));
#6493 = DIRECTION('',(0.,0.,1.));
#6494 = DIRECTION('',(1.,1.110223024625E-16,-0.));
#6495 = ADVANCED_FACE('',(#6496),#6521,.F.);
#6496 = FACE_BOUND('',#6497,.F.);
#6497 = EDGE_LOOP('',(#6498,#6506,#6507,#6515));
#6498 = ORIENTED_EDGE('',*,*,#6499,.F.);
#6499 = EDGE_CURVE('',#5889,#6500,#6502,.T.);
#6500 = VERTEX_POINT('',#6501);
#6501 = CARTESIAN_POINT('',(1.95,0.43,1.025));
#6502 = LINE('',#6503,#6504);
#6503 = CARTESIAN_POINT('',(1.95,0.43,0.786976568901));
#6504 = VECTOR('',#6505,1.);
#6505 = DIRECTION('',(0.,0.,1.));
#6506 = ORIENTED_EDGE('',*,*,#5888,.T.);
#6507 = ORIENTED_EDGE('',*,*,#6508,.T.);
#6508 = EDGE_CURVE('',#5881,#6509,#6511,.T.);
#6509 = VERTEX_POINT('',#6510);
#6510 = CARTESIAN_POINT('',(1.95,-0.43,1.025));
#6511 = LINE('',#6512,#6513);
#6512 = CARTESIAN_POINT('',(1.95,-0.43,0.786976568901));
#6513 = VECTOR('',#6514,1.);
#6514 = DIRECTION('',(0.,0.,1.));
#6515 = ORIENTED_EDGE('',*,*,#6516,.F.);
#6516 = EDGE_CURVE('',#6500,#6509,#6517,.T.);
#6517 = LINE('',#6518,#6519);
#6518 = CARTESIAN_POINT('',(1.95,2.275,1.025));
#6519 = VECTOR('',#6520,1.);
#6520 = DIRECTION('',(1.110223024625E-16,-1.,0.));
#6521 = PLANE('',#6522);
#6522 = AXIS2_PLACEMENT_3D('',#6523,#6524,#6525);
#6523 = CARTESIAN_POINT('',(1.95,2.275,1.025));
#6524 = DIRECTION('',(-1.,-1.110223024625E-16,0.));
#6525 = DIRECTION('',(1.110223024625E-16,-1.,0.));
#6526 = ADVANCED_FACE('',(#6527),#6552,.F.);
#6527 = FACE_BOUND('',#6528,.F.);
#6528 = EDGE_LOOP('',(#6529,#6537,#6538,#6546));
#6529 = ORIENTED_EDGE('',*,*,#6530,.F.);
#6530 = EDGE_CURVE('',#5881,#6531,#6533,.T.);
#6531 = VERTEX_POINT('',#6532);
#6532 = CARTESIAN_POINT('',(2.25,-0.43,0.825));
#6533 = LINE('',#6534,#6535);
#6534 = CARTESIAN_POINT('',(1.8,-0.43,0.825));
#6535 = VECTOR('',#6536,1.);
#6536 = DIRECTION('',(1.,1.110223024625E-16,0.));
#6537 = ORIENTED_EDGE('',*,*,#5880,.T.);
#6538 = ORIENTED_EDGE('',*,*,#6539,.T.);
#6539 = EDGE_CURVE('',#5873,#6540,#6542,.T.);
#6540 = VERTEX_POINT('',#6541);
#6541 = CARTESIAN_POINT('',(2.25,-0.84,0.825));
#6542 = LINE('',#6543,#6544);
#6543 = CARTESIAN_POINT('',(1.8,-0.84,0.825));
#6544 = VECTOR('',#6545,1.);
#6545 = DIRECTION('',(1.,1.110223024625E-16,0.));
#6546 = ORIENTED_EDGE('',*,*,#6547,.F.);
#6547 = EDGE_CURVE('',#6531,#6540,#6548,.T.);
#6548 = LINE('',#6549,#6550);
#6549 = CARTESIAN_POINT('',(2.25,-0.43,0.825));
#6550 = VECTOR('',#6551,1.);
#6551 = DIRECTION('',(1.110223024625E-16,-1.,0.));
#6552 = PLANE('',#6553);
#6553 = AXIS2_PLACEMENT_3D('',#6554,#6555,#6556);
#6554 = CARTESIAN_POINT('',(1.8,-0.43,0.825));
#6555 = DIRECTION('',(0.,0.,1.));
#6556 = DIRECTION('',(1.,1.110223024625E-16,-0.));
#6557 = ADVANCED_FACE('',(#6558),#6583,.F.);
#6558 = FACE_BOUND('',#6559,.F.);
#6559 = EDGE_LOOP('',(#6560,#6568,#6569,#6577));
#6560 = ORIENTED_EDGE('',*,*,#6561,.F.);
#6561 = EDGE_CURVE('',#5873,#6562,#6564,.T.);
#6562 = VERTEX_POINT('',#6563);
#6563 = CARTESIAN_POINT('',(1.95,-0.84,1.025));
#6564 = LINE('',#6565,#6566);
#6565 = CARTESIAN_POINT('',(1.95,-0.84,0.786976568901));
#6566 = VECTOR('',#6567,1.);
#6567 = DIRECTION('',(0.,0.,1.));
#6568 = ORIENTED_EDGE('',*,*,#5872,.T.);
#6569 = ORIENTED_EDGE('',*,*,#6570,.T.);
#6570 = EDGE_CURVE('',#5865,#6571,#6573,.T.);
#6571 = VERTEX_POINT('',#6572);
#6572 = CARTESIAN_POINT('',(1.95,-1.7,1.025));
#6573 = LINE('',#6574,#6575);
#6574 = CARTESIAN_POINT('',(1.95,-1.7,0.786976568901));
#6575 = VECTOR('',#6576,1.);
#6576 = DIRECTION('',(0.,0.,1.));
#6577 = ORIENTED_EDGE('',*,*,#6578,.F.);
#6578 = EDGE_CURVE('',#6562,#6571,#6579,.T.);
#6579 = LINE('',#6580,#6581);
#6580 = CARTESIAN_POINT('',(1.95,2.275,1.025));
#6581 = VECTOR('',#6582,1.);
#6582 = DIRECTION('',(1.110223024625E-16,-1.,0.));
#6583 = PLANE('',#6584);
#6584 = AXIS2_PLACEMENT_3D('',#6585,#6586,#6587);
#6585 = CARTESIAN_POINT('',(1.95,2.275,1.025));
#6586 = DIRECTION('',(-1.,-1.110223024625E-16,0.));
#6587 = DIRECTION('',(1.110223024625E-16,-1.,0.));
#6588 = ADVANCED_FACE('',(#6589),#6614,.F.);
#6589 = FACE_BOUND('',#6590,.F.);
#6590 = EDGE_LOOP('',(#6591,#6599,#6600,#6608));
#6591 = ORIENTED_EDGE('',*,*,#6592,.F.);
#6592 = EDGE_CURVE('',#5865,#6593,#6595,.T.);
#6593 = VERTEX_POINT('',#6594);
#6594 = CARTESIAN_POINT('',(2.25,-1.7,0.825));
#6595 = LINE('',#6596,#6597);
#6596 = CARTESIAN_POINT('',(1.8,-1.7,0.825));
#6597 = VECTOR('',#6598,1.);
#6598 = DIRECTION('',(1.,1.110223024625E-16,0.));
#6599 = ORIENTED_EDGE('',*,*,#5864,.T.);
#6600 = ORIENTED_EDGE('',*,*,#6601,.T.);
#6601 = EDGE_CURVE('',#5857,#6602,#6604,.T.);
#6602 = VERTEX_POINT('',#6603);
#6603 = CARTESIAN_POINT('',(2.25,-2.11,0.825));
#6604 = LINE('',#6605,#6606);
#6605 = CARTESIAN_POINT('',(1.8,-2.11,0.825));
#6606 = VECTOR('',#6607,1.);
#6607 = DIRECTION('',(1.,1.110223024625E-16,0.));
#6608 = ORIENTED_EDGE('',*,*,#6609,.F.);
#6609 = EDGE_CURVE('',#6593,#6602,#6610,.T.);
#6610 = LINE('',#6611,#6612);
#6611 = CARTESIAN_POINT('',(2.25,-1.7,0.825));
#6612 = VECTOR('',#6613,1.);
#6613 = DIRECTION('',(1.110223024625E-16,-1.,0.));
#6614 = PLANE('',#6615);
#6615 = AXIS2_PLACEMENT_3D('',#6616,#6617,#6618);
#6616 = CARTESIAN_POINT('',(1.8,-1.7,0.825));
#6617 = DIRECTION('',(0.,0.,1.));
#6618 = DIRECTION('',(1.,1.110223024625E-16,-0.));
#6619 = ADVANCED_FACE('',(#6620),#6644,.F.);
#6620 = FACE_BOUND('',#6621,.F.);
#6621 = EDGE_LOOP('',(#6622,#6630,#6631,#6638));
#6622 = ORIENTED_EDGE('',*,*,#6623,.F.);
#6623 = EDGE_CURVE('',#5857,#6624,#6626,.T.);
#6624 = VERTEX_POINT('',#6625);
#6625 = CARTESIAN_POINT('',(1.95,-2.11,1.025));
#6626 = LINE('',#6627,#6628);
#6627 = CARTESIAN_POINT('',(1.95,-2.11,0.786976568901));
#6628 = VECTOR('',#6629,1.);
#6629 = DIRECTION('',(0.,0.,1.));
#6630 = ORIENTED_EDGE('',*,*,#5856,.T.);
#6631 = ORIENTED_EDGE('',*,*,#6632,.T.);
#6632 = EDGE_CURVE('',#5850,#6633,#6635,.T.);
#6633 = VERTEX_POINT('',#6634);
#6634 = CARTESIAN_POINT('',(1.95,-2.275,1.025));
#6635 = B_SPLINE_CURVE_WITH_KNOTS('',1,(#6636,#6637),.UNSPECIFIED.,.F.,
  .F.,(2,2),(0.,1.),.PIECEWISE_BEZIER_KNOTS.);
#6636 = CARTESIAN_POINT('',(1.95,-2.275,0.825));
#6637 = CARTESIAN_POINT('',(1.95,-2.275,1.025));
#6638 = ORIENTED_EDGE('',*,*,#6639,.F.);
#6639 = EDGE_CURVE('',#6624,#6633,#6640,.T.);
#6640 = LINE('',#6641,#6642);
#6641 = CARTESIAN_POINT('',(1.95,2.275,1.025));
#6642 = VECTOR('',#6643,1.);
#6643 = DIRECTION('',(1.110223024625E-16,-1.,0.));
#6644 = PLANE('',#6645);
#6645 = AXIS2_PLACEMENT_3D('',#6646,#6647,#6648);
#6646 = CARTESIAN_POINT('',(1.95,2.275,1.025));
#6647 = DIRECTION('',(-1.,-1.110223024625E-16,0.));
#6648 = DIRECTION('',(1.110223024625E-16,-1.,0.));
#6649 = ADVANCED_FACE('',(#6650),#6667,.F.);
#6650 = FACE_BOUND('',#6651,.F.);
#6651 = EDGE_LOOP('',(#6652,#6653,#6654,#6662));
#6652 = ORIENTED_EDGE('',*,*,#5937,.T.);
#6653 = ORIENTED_EDGE('',*,*,#6125,.T.);
#6654 = ORIENTED_EDGE('',*,*,#6655,.F.);
#6655 = EDGE_CURVE('',#6656,#6126,#6658,.T.);
#6656 = VERTEX_POINT('',#6657);
#6657 = CARTESIAN_POINT('',(-1.775,-2.45,1.025));
#6658 = LINE('',#6659,#6660);
#6659 = CARTESIAN_POINT('',(-1.775,-2.45,1.025));
#6660 = VECTOR('',#6661,1.);
#6661 = DIRECTION('',(-0.707106781187,0.707106781187,0.));
#6662 = ORIENTED_EDGE('',*,*,#6663,.F.);
#6663 = EDGE_CURVE('',#5938,#6656,#6664,.T.);
#6664 = B_SPLINE_CURVE_WITH_KNOTS('',1,(#6665,#6666),.UNSPECIFIED.,.F.,
  .F.,(2,2),(0.,1.),.PIECEWISE_BEZIER_KNOTS.);
#6665 = CARTESIAN_POINT('',(-1.775,-2.45,0.825));
#6666 = CARTESIAN_POINT('',(-1.775,-2.45,1.025));
#6667 = PLANE('',#6668);
#6668 = AXIS2_PLACEMENT_3D('',#6669,#6670,#6671);
#6669 = CARTESIAN_POINT('',(-1.775,-2.45,1.025));
#6670 = DIRECTION('',(0.707106781187,0.707106781187,0.));
#6671 = DIRECTION('',(-0.707106781187,0.707106781187,0.));
#6672 = ADVANCED_FACE('',(#6673),#6690,.F.);
#6673 = FACE_BOUND('',#6674,.F.);
#6674 = EDGE_LOOP('',(#6675,#6676,#6683,#6689));
#6675 = ORIENTED_EDGE('',*,*,#5966,.T.);
#6676 = ORIENTED_EDGE('',*,*,#6677,.T.);
#6677 = EDGE_CURVE('',#5960,#6678,#6680,.T.);
#6678 = VERTEX_POINT('',#6679);
#6679 = CARTESIAN_POINT('',(1.775,-2.45,1.025));
#6680 = B_SPLINE_CURVE_WITH_KNOTS('',1,(#6681,#6682),.UNSPECIFIED.,.F.,
  .F.,(2,2),(0.,1.),.PIECEWISE_BEZIER_KNOTS.);
#6681 = CARTESIAN_POINT('',(1.775,-2.45,0.825));
#6682 = CARTESIAN_POINT('',(1.775,-2.45,1.025));
#6683 = ORIENTED_EDGE('',*,*,#6684,.F.);
#6684 = EDGE_CURVE('',#6633,#6678,#6685,.T.);
#6685 = LINE('',#6686,#6687);
#6686 = CARTESIAN_POINT('',(1.95,-2.275,1.025));
#6687 = VECTOR('',#6688,1.);
#6688 = DIRECTION('',(-0.707106781187,-0.707106781187,0.));
#6689 = ORIENTED_EDGE('',*,*,#6632,.F.);
#6690 = PLANE('',#6691);
#6691 = AXIS2_PLACEMENT_3D('',#6692,#6693,#6694);
#6692 = CARTESIAN_POINT('',(1.95,-2.275,1.025));
#6693 = DIRECTION('',(-0.707106781187,0.707106781187,0.));
#6694 = DIRECTION('',(-0.707106781187,-0.707106781187,0.));
#6695 = ADVANCED_FACE('',(#6696),#6707,.F.);
#6696 = FACE_BOUND('',#6697,.F.);
#6697 = EDGE_LOOP('',(#6698,#6699,#6700,#6706));
#6698 = ORIENTED_EDGE('',*,*,#5983,.T.);
#6699 = ORIENTED_EDGE('',*,*,#6663,.T.);
#6700 = ORIENTED_EDGE('',*,*,#6701,.F.);
#6701 = EDGE_CURVE('',#6678,#6656,#6702,.T.);
#6702 = LINE('',#6703,#6704);
#6703 = CARTESIAN_POINT('',(1.775,-2.45,1.025));
#6704 = VECTOR('',#6705,1.);
#6705 = DIRECTION('',(-1.,-1.110223024625E-16,0.));
#6706 = ORIENTED_EDGE('',*,*,#6677,.F.);
#6707 = PLANE('',#6708);
#6708 = AXIS2_PLACEMENT_3D('',#6709,#6710,#6711);
#6709 = CARTESIAN_POINT('',(1.775,-2.45,1.025));
#6710 = DIRECTION('',(-1.110223024625E-16,1.,0.));
#6711 = DIRECTION('',(-1.,-1.110223024625E-16,0.));
#6712 = ADVANCED_FACE('',(#6713),#6752,.F.);
#6713 = FACE_BOUND('',#6714,.F.);
#6714 = EDGE_LOOP('',(#6715,#6723,#6731,#6737,#6738,#6746));
#6715 = ORIENTED_EDGE('',*,*,#6716,.F.);
#6716 = EDGE_CURVE('',#6717,#6320,#6719,.T.);
#6717 = VERTEX_POINT('',#6718);
#6718 = CARTESIAN_POINT('',(-2.25,1.7,1.025));
#6719 = LINE('',#6720,#6721);
#6720 = CARTESIAN_POINT('',(-2.25,1.7,1.025));
#6721 = VECTOR('',#6722,1.);
#6722 = DIRECTION('',(1.,-1.144237745222E-17,0.));
#6723 = ORIENTED_EDGE('',*,*,#6724,.T.);
#6724 = EDGE_CURVE('',#6717,#6725,#6727,.T.);
#6725 = VERTEX_POINT('',#6726);
#6726 = CARTESIAN_POINT('',(-2.25,2.11,1.025));
#6727 = LINE('',#6728,#6729);
#6728 = CARTESIAN_POINT('',(-2.25,1.7,1.025));
#6729 = VECTOR('',#6730,1.);
#6730 = DIRECTION('',(1.144237745222E-17,1.,0.));
#6731 = ORIENTED_EDGE('',*,*,#6732,.T.);
#6732 = EDGE_CURVE('',#6725,#6088,#6733,.T.);
#6733 = LINE('',#6734,#6735);
#6734 = CARTESIAN_POINT('',(-2.25,2.11,1.025));
#6735 = VECTOR('',#6736,1.);
#6736 = DIRECTION('',(1.,-1.144237745222E-17,0.));
#6737 = ORIENTED_EDGE('',*,*,#6087,.T.);
#6738 = ORIENTED_EDGE('',*,*,#6739,.F.);
#6739 = EDGE_CURVE('',#6740,#6080,#6742,.T.);
#6740 = VERTEX_POINT('',#6741);
#6741 = CARTESIAN_POINT('',(-1.875,1.7,1.025));
#6742 = LINE('',#6743,#6744);
#6743 = CARTESIAN_POINT('',(-1.875,-2.2375,1.025));
#6744 = VECTOR('',#6745,1.);
#6745 = DIRECTION('',(-1.110223024625E-16,1.,0.));
#6746 = ORIENTED_EDGE('',*,*,#6747,.F.);
#6747 = EDGE_CURVE('',#6320,#6740,#6748,.T.);
#6748 = LINE('',#6749,#6750);
#6749 = CARTESIAN_POINT('',(-2.25,1.7,1.025));
#6750 = VECTOR('',#6751,1.);
#6751 = DIRECTION('',(1.,-1.144237745222E-17,0.));
#6752 = PLANE('',#6753);
#6753 = AXIS2_PLACEMENT_3D('',#6754,#6755,#6756);
#6754 = CARTESIAN_POINT('',(-2.25,1.7,1.025));
#6755 = DIRECTION('',(0.,0.,-1.));
#6756 = DIRECTION('',(1.,-1.144237745222E-17,0.));
#6757 = ADVANCED_FACE('',(#6758),#6838,.F.);
#6758 = FACE_BOUND('',#6759,.F.);
#6759 = EDGE_LOOP('',(#6760,#6770,#6778,#6786,#6794,#6802,#6810,#6816,
    #6817,#6818,#6825,#6833));
#6760 = ORIENTED_EDGE('',*,*,#6761,.T.);
#6761 = EDGE_CURVE('',#6762,#6764,#6766,.T.);
#6762 = VERTEX_POINT('',#6763);
#6763 = CARTESIAN_POINT('',(-1.875,-2.2375,1.025));
#6764 = VERTEX_POINT('',#6765);
#6765 = CARTESIAN_POINT('',(-1.875,-2.11,1.025));
#6766 = LINE('',#6767,#6768);
#6767 = CARTESIAN_POINT('',(-1.875,-2.2375,1.025));
#6768 = VECTOR('',#6769,1.);
#6769 = DIRECTION('',(-1.110223024625E-16,1.,0.));
#6770 = ORIENTED_EDGE('',*,*,#6771,.T.);
#6771 = EDGE_CURVE('',#6764,#6772,#6774,.T.);
#6772 = VERTEX_POINT('',#6773);
#6773 = CARTESIAN_POINT('',(-1.875,-1.7,1.025));
#6774 = LINE('',#6775,#6776);
#6775 = CARTESIAN_POINT('',(-1.875,-2.2375,1.025));
#6776 = VECTOR('',#6777,1.);
#6777 = DIRECTION('',(-1.110223024625E-16,1.,0.));
#6778 = ORIENTED_EDGE('',*,*,#6779,.T.);
#6779 = EDGE_CURVE('',#6772,#6780,#6782,.T.);
#6780 = VERTEX_POINT('',#6781);
#6781 = CARTESIAN_POINT('',(-1.875,-0.84,1.025));
#6782 = LINE('',#6783,#6784);
#6783 = CARTESIAN_POINT('',(-1.875,-2.2375,1.025));
#6784 = VECTOR('',#6785,1.);
#6785 = DIRECTION('',(-1.110223024625E-16,1.,0.));
#6786 = ORIENTED_EDGE('',*,*,#6787,.T.);
#6787 = EDGE_CURVE('',#6780,#6788,#6790,.T.);
#6788 = VERTEX_POINT('',#6789);
#6789 = CARTESIAN_POINT('',(-1.875,-0.43,1.025));
#6790 = LINE('',#6791,#6792);
#6791 = CARTESIAN_POINT('',(-1.875,-2.2375,1.025));
#6792 = VECTOR('',#6793,1.);
#6793 = DIRECTION('',(-1.110223024625E-16,1.,0.));
#6794 = ORIENTED_EDGE('',*,*,#6795,.T.);
#6795 = EDGE_CURVE('',#6788,#6796,#6798,.T.);
#6796 = VERTEX_POINT('',#6797);
#6797 = CARTESIAN_POINT('',(-1.875,0.43,1.025));
#6798 = LINE('',#6799,#6800);
#6799 = CARTESIAN_POINT('',(-1.875,-2.2375,1.025));
#6800 = VECTOR('',#6801,1.);
#6801 = DIRECTION('',(-1.110223024625E-16,1.,0.));
#6802 = ORIENTED_EDGE('',*,*,#6803,.T.);
#6803 = EDGE_CURVE('',#6796,#6804,#6806,.T.);
#6804 = VERTEX_POINT('',#6805);
#6805 = CARTESIAN_POINT('',(-1.875,0.84,1.025));
#6806 = LINE('',#6807,#6808);
#6807 = CARTESIAN_POINT('',(-1.875,-2.2375,1.025));
#6808 = VECTOR('',#6809,1.);
#6809 = DIRECTION('',(-1.110223024625E-16,1.,0.));
#6810 = ORIENTED_EDGE('',*,*,#6811,.T.);
#6811 = EDGE_CURVE('',#6804,#6740,#6812,.T.);
#6812 = LINE('',#6813,#6814);
#6813 = CARTESIAN_POINT('',(-1.875,-2.2375,1.025));
#6814 = VECTOR('',#6815,1.);
#6815 = DIRECTION('',(-1.110223024625E-16,1.,0.));
#6816 = ORIENTED_EDGE('',*,*,#6739,.T.);
#6817 = ORIENTED_EDGE('',*,*,#6079,.T.);
#6818 = ORIENTED_EDGE('',*,*,#6819,.T.);
#6819 = EDGE_CURVE('',#6072,#6820,#6822,.T.);
#6820 = VERTEX_POINT('',#6821);
#6821 = CARTESIAN_POINT('',(-1.760171280765,2.180085640382,1.75));
#6822 = B_SPLINE_CURVE_WITH_KNOTS('',1,(#6823,#6824),.UNSPECIFIED.,.F.,
  .F.,(2,2),(0.,1.),.PIECEWISE_BEZIER_KNOTS.);
#6823 = CARTESIAN_POINT('',(-1.875,2.2375,1.025));
#6824 = CARTESIAN_POINT('',(-1.760171280765,2.180085640382,1.75));
#6825 = ORIENTED_EDGE('',*,*,#6826,.F.);
#6826 = EDGE_CURVE('',#6827,#6820,#6829,.T.);
#6827 = VERTEX_POINT('',#6828);
#6828 = CARTESIAN_POINT('',(-1.760171280765,-2.180085640382,1.75));
#6829 = LINE('',#6830,#6831);
#6830 = CARTESIAN_POINT('',(-1.760171280765,-2.180085640382,1.75));
#6831 = VECTOR('',#6832,1.);
#6832 = DIRECTION('',(-1.110223024625E-16,1.,0.));
#6833 = ORIENTED_EDGE('',*,*,#6834,.F.);
#6834 = EDGE_CURVE('',#6762,#6827,#6835,.T.);
#6835 = B_SPLINE_CURVE_WITH_KNOTS('',1,(#6836,#6837),.UNSPECIFIED.,.F.,
  .F.,(2,2),(0.,1.),.PIECEWISE_BEZIER_KNOTS.);
#6836 = CARTESIAN_POINT('',(-1.875,-2.2375,1.025));
#6837 = CARTESIAN_POINT('',(-1.760171280765,-2.180085640382,1.75));
#6838 = B_SPLINE_SURFACE_WITH_KNOTS('',1,1,(
    (#6839,#6840)
    ,(#6841,#6842
    )),.UNSPECIFIED.,.F.,.F.,.F.,(2,2),(2,2),(0.,4.475),(0.,1.),
  .PIECEWISE_BEZIER_KNOTS.);
#6839 = CARTESIAN_POINT('',(-1.875,-2.2375,1.025));
#6840 = CARTESIAN_POINT('',(-1.760171280765,-2.180085640382,1.75));
#6841 = CARTESIAN_POINT('',(-1.875,2.2375,1.025));
#6842 = CARTESIAN_POINT('',(-1.760171280765,2.180085640382,1.75));
#6843 = ADVANCED_FACE('',(#6844),#6861,.F.);
#6844 = FACE_BOUND('',#6845,.F.);
#6845 = EDGE_LOOP('',(#6846,#6847,#6854,#6860));
#6846 = ORIENTED_EDGE('',*,*,#6071,.T.);
#6847 = ORIENTED_EDGE('',*,*,#6848,.T.);
#6848 = EDGE_CURVE('',#6064,#6849,#6851,.T.);
#6849 = VERTEX_POINT('',#6850);
#6850 = CARTESIAN_POINT('',(-1.680085640382,2.260171280765,1.75));
#6851 = B_SPLINE_CURVE_WITH_KNOTS('',1,(#6852,#6853),.UNSPECIFIED.,.F.,
  .F.,(2,2),(0.,1.),.PIECEWISE_BEZIER_KNOTS.);
#6852 = CARTESIAN_POINT('',(-1.7375,2.375,1.025));
#6853 = CARTESIAN_POINT('',(-1.680085640382,2.260171280765,1.75));
#6854 = ORIENTED_EDGE('',*,*,#6855,.F.);
#6855 = EDGE_CURVE('',#6820,#6849,#6856,.T.);
#6856 = LINE('',#6857,#6858);
#6857 = CARTESIAN_POINT('',(-1.760171280765,2.180085640382,1.75));
#6858 = VECTOR('',#6859,1.);
#6859 = DIRECTION('',(0.707106781187,0.707106781187,0.));
#6860 = ORIENTED_EDGE('',*,*,#6819,.F.);
#6861 = B_SPLINE_SURFACE_WITH_KNOTS('',1,1,(
    (#6862,#6863)
    ,(#6864,#6865
    )),.UNSPECIFIED.,.F.,.F.,.F.,(2,2),(2,2),(0.,0.194454364826),(0.,1.)
  ,.PIECEWISE_BEZIER_KNOTS.);
#6862 = CARTESIAN_POINT('',(-1.875,2.2375,1.025));
#6863 = CARTESIAN_POINT('',(-1.760171280765,2.180085640382,1.75));
#6864 = CARTESIAN_POINT('',(-1.7375,2.375,1.025));
#6865 = CARTESIAN_POINT('',(-1.680085640382,2.260171280765,1.75));
#6866 = ADVANCED_FACE('',(#6867),#6884,.F.);
#6867 = FACE_BOUND('',#6868,.F.);
#6868 = EDGE_LOOP('',(#6869,#6870,#6877,#6883));
#6869 = ORIENTED_EDGE('',*,*,#6063,.T.);
#6870 = ORIENTED_EDGE('',*,*,#6871,.T.);
#6871 = EDGE_CURVE('',#6056,#6872,#6874,.T.);
#6872 = VERTEX_POINT('',#6873);
#6873 = CARTESIAN_POINT('',(1.680085640382,2.260171280765,1.75));
#6874 = B_SPLINE_CURVE_WITH_KNOTS('',1,(#6875,#6876),.UNSPECIFIED.,.F.,
  .F.,(2,2),(0.,1.),.PIECEWISE_BEZIER_KNOTS.);
#6875 = CARTESIAN_POINT('',(1.7375,2.375,1.025));
#6876 = CARTESIAN_POINT('',(1.680085640382,2.260171280765,1.75));
#6877 = ORIENTED_EDGE('',*,*,#6878,.F.);
#6878 = EDGE_CURVE('',#6849,#6872,#6879,.T.);
#6879 = LINE('',#6880,#6881);
#6880 = CARTESIAN_POINT('',(-1.680085640382,2.260171280765,1.75));
#6881 = VECTOR('',#6882,1.);
#6882 = DIRECTION('',(1.,1.110223024625E-16,0.));
#6883 = ORIENTED_EDGE('',*,*,#6848,.F.);
#6884 = B_SPLINE_SURFACE_WITH_KNOTS('',1,1,(
    (#6885,#6886)
    ,(#6887,#6888
    )),.UNSPECIFIED.,.F.,.F.,.F.,(2,2),(2,2),(0.,3.475),(0.,1.),
  .PIECEWISE_BEZIER_KNOTS.);
#6885 = CARTESIAN_POINT('',(-1.7375,2.375,1.025));
#6886 = CARTESIAN_POINT('',(-1.680085640382,2.260171280765,1.75));
#6887 = CARTESIAN_POINT('',(1.7375,2.375,1.025));
#6888 = CARTESIAN_POINT('',(1.680085640382,2.260171280765,1.75));
#6889 = ADVANCED_FACE('',(#6890),#6907,.F.);
#6890 = FACE_BOUND('',#6891,.F.);
#6891 = EDGE_LOOP('',(#6892,#6893,#6900,#6906));
#6892 = ORIENTED_EDGE('',*,*,#6055,.T.);
#6893 = ORIENTED_EDGE('',*,*,#6894,.T.);
#6894 = EDGE_CURVE('',#6048,#6895,#6897,.T.);
#6895 = VERTEX_POINT('',#6896);
#6896 = CARTESIAN_POINT('',(1.760171280765,2.180085640382,1.75));
#6897 = B_SPLINE_CURVE_WITH_KNOTS('',1,(#6898,#6899),.UNSPECIFIED.,.F.,
  .F.,(2,2),(0.,1.),.PIECEWISE_BEZIER_KNOTS.);
#6898 = CARTESIAN_POINT('',(1.875,2.2375,1.025));
#6899 = CARTESIAN_POINT('',(1.760171280765,2.180085640382,1.75));
#6900 = ORIENTED_EDGE('',*,*,#6901,.F.);
#6901 = EDGE_CURVE('',#6872,#6895,#6902,.T.);
#6902 = LINE('',#6903,#6904);
#6903 = CARTESIAN_POINT('',(1.680085640382,2.260171280765,1.75));
#6904 = VECTOR('',#6905,1.);
#6905 = DIRECTION('',(0.707106781187,-0.707106781187,0.));
#6906 = ORIENTED_EDGE('',*,*,#6871,.F.);
#6907 = B_SPLINE_SURFACE_WITH_KNOTS('',1,1,(
    (#6908,#6909)
    ,(#6910,#6911
    )),.UNSPECIFIED.,.F.,.F.,.F.,(2,2),(2,2),(0.,0.194454364826),(0.,1.)
  ,.PIECEWISE_BEZIER_KNOTS.);
#6908 = CARTESIAN_POINT('',(1.7375,2.375,1.025));
#6909 = CARTESIAN_POINT('',(1.680085640382,2.260171280765,1.75));
#6910 = CARTESIAN_POINT('',(1.875,2.2375,1.025));
#6911 = CARTESIAN_POINT('',(1.760171280765,2.180085640382,1.75));
#6912 = ADVANCED_FACE('',(#6913),#6994,.F.);
#6913 = FACE_BOUND('',#6914,.F.);
#6914 = EDGE_LOOP('',(#6915,#6916,#6924,#6932,#6940,#6948,#6956,#6964,
    #6972,#6980,#6987,#6993));
#6915 = ORIENTED_EDGE('',*,*,#6047,.T.);
#6916 = ORIENTED_EDGE('',*,*,#6917,.T.);
#6917 = EDGE_CURVE('',#6040,#6918,#6920,.T.);
#6918 = VERTEX_POINT('',#6919);
#6919 = CARTESIAN_POINT('',(1.875,1.7,1.025));
#6920 = LINE('',#6921,#6922);
#6921 = CARTESIAN_POINT('',(1.875,2.2375,1.025));
#6922 = VECTOR('',#6923,1.);
#6923 = DIRECTION('',(1.110223024625E-16,-1.,0.));
#6924 = ORIENTED_EDGE('',*,*,#6925,.T.);
#6925 = EDGE_CURVE('',#6918,#6926,#6928,.T.);
#6926 = VERTEX_POINT('',#6927);
#6927 = CARTESIAN_POINT('',(1.875,0.84,1.025));
#6928 = LINE('',#6929,#6930);
#6929 = CARTESIAN_POINT('',(1.875,2.2375,1.025));
#6930 = VECTOR('',#6931,1.);
#6931 = DIRECTION('',(1.110223024625E-16,-1.,0.));
#6932 = ORIENTED_EDGE('',*,*,#6933,.T.);
#6933 = EDGE_CURVE('',#6926,#6934,#6936,.T.);
#6934 = VERTEX_POINT('',#6935);
#6935 = CARTESIAN_POINT('',(1.875,0.43,1.025));
#6936 = LINE('',#6937,#6938);
#6937 = CARTESIAN_POINT('',(1.875,2.2375,1.025));
#6938 = VECTOR('',#6939,1.);
#6939 = DIRECTION('',(1.110223024625E-16,-1.,0.));
#6940 = ORIENTED_EDGE('',*,*,#6941,.T.);
#6941 = EDGE_CURVE('',#6934,#6942,#6944,.T.);
#6942 = VERTEX_POINT('',#6943);
#6943 = CARTESIAN_POINT('',(1.875,-0.43,1.025));
#6944 = LINE('',#6945,#6946);
#6945 = CARTESIAN_POINT('',(1.875,2.2375,1.025));
#6946 = VECTOR('',#6947,1.);
#6947 = DIRECTION('',(1.110223024625E-16,-1.,0.));
#6948 = ORIENTED_EDGE('',*,*,#6949,.T.);
#6949 = EDGE_CURVE('',#6942,#6950,#6952,.T.);
#6950 = VERTEX_POINT('',#6951);
#6951 = CARTESIAN_POINT('',(1.875,-0.84,1.025));
#6952 = LINE('',#6953,#6954);
#6953 = CARTESIAN_POINT('',(1.875,2.2375,1.025));
#6954 = VECTOR('',#6955,1.);
#6955 = DIRECTION('',(1.110223024625E-16,-1.,0.));
#6956 = ORIENTED_EDGE('',*,*,#6957,.T.);
#6957 = EDGE_CURVE('',#6950,#6958,#6960,.T.);
#6958 = VERTEX_POINT('',#6959);
#6959 = CARTESIAN_POINT('',(1.875,-1.7,1.025));
#6960 = LINE('',#6961,#6962);
#6961 = CARTESIAN_POINT('',(1.875,2.2375,1.025));
#6962 = VECTOR('',#6963,1.);
#6963 = DIRECTION('',(1.110223024625E-16,-1.,0.));
#6964 = ORIENTED_EDGE('',*,*,#6965,.T.);
#6965 = EDGE_CURVE('',#6958,#6966,#6968,.T.);
#6966 = VERTEX_POINT('',#6967);
#6967 = CARTESIAN_POINT('',(1.875,-2.11,1.025));
#6968 = LINE('',#6969,#6970);
#6969 = CARTESIAN_POINT('',(1.875,2.2375,1.025));
#6970 = VECTOR('',#6971,1.);
#6971 = DIRECTION('',(1.110223024625E-16,-1.,0.));
#6972 = ORIENTED_EDGE('',*,*,#6973,.T.);
#6973 = EDGE_CURVE('',#6966,#6974,#6976,.T.);
#6974 = VERTEX_POINT('',#6975);
#6975 = CARTESIAN_POINT('',(1.875,-2.2375,1.025));
#6976 = LINE('',#6977,#6978);
#6977 = CARTESIAN_POINT('',(1.875,2.2375,1.025));
#6978 = VECTOR('',#6979,1.);
#6979 = DIRECTION('',(1.110223024625E-16,-1.,0.));
#6980 = ORIENTED_EDGE('',*,*,#6981,.T.);
#6981 = EDGE_CURVE('',#6974,#6982,#6984,.T.);
#6982 = VERTEX_POINT('',#6983);
#6983 = CARTESIAN_POINT('',(1.760171280765,-2.180085640382,1.75));
#6984 = B_SPLINE_CURVE_WITH_KNOTS('',1,(#6985,#6986),.UNSPECIFIED.,.F.,
  .F.,(2,2),(0.,1.),.PIECEWISE_BEZIER_KNOTS.);
#6985 = CARTESIAN_POINT('',(1.875,-2.2375,1.025));
#6986 = CARTESIAN_POINT('',(1.760171280765,-2.180085640382,1.75));
#6987 = ORIENTED_EDGE('',*,*,#6988,.F.);
#6988 = EDGE_CURVE('',#6895,#6982,#6989,.T.);
#6989 = LINE('',#6990,#6991);
#6990 = CARTESIAN_POINT('',(1.760171280765,2.180085640382,1.75));
#6991 = VECTOR('',#6992,1.);
#6992 = DIRECTION('',(1.110223024625E-16,-1.,0.));
#6993 = ORIENTED_EDGE('',*,*,#6894,.F.);
#6994 = B_SPLINE_SURFACE_WITH_KNOTS('',1,1,(
    (#6995,#6996)
    ,(#6997,#6998
    )),.UNSPECIFIED.,.F.,.F.,.F.,(2,2),(2,2),(0.,4.475),(0.,1.),
  .PIECEWISE_BEZIER_KNOTS.);
#6995 = CARTESIAN_POINT('',(1.875,2.2375,1.025));
#6996 = CARTESIAN_POINT('',(1.760171280765,2.180085640382,1.75));
#6997 = CARTESIAN_POINT('',(1.875,-2.2375,1.025));
#6998 = CARTESIAN_POINT('',(1.760171280765,-2.180085640382,1.75));
#6999 = ADVANCED_FACE('',(#7000),#7032,.F.);
#7000 = FACE_BOUND('',#7001,.F.);
#7001 = EDGE_LOOP('',(#7002,#7010,#7018,#7024,#7030,#7031));
#7002 = ORIENTED_EDGE('',*,*,#7003,.F.);
#7003 = EDGE_CURVE('',#7004,#6032,#7006,.T.);
#7004 = VERTEX_POINT('',#7005);
#7005 = CARTESIAN_POINT('',(2.25,2.11,1.025));
#7006 = LINE('',#7007,#7008);
#7007 = CARTESIAN_POINT('',(2.25,2.11,1.025));
#7008 = VECTOR('',#7009,1.);
#7009 = DIRECTION('',(-1.,-1.110223024625E-16,0.));
#7010 = ORIENTED_EDGE('',*,*,#7011,.T.);
#7011 = EDGE_CURVE('',#7004,#7012,#7014,.T.);
#7012 = VERTEX_POINT('',#7013);
#7013 = CARTESIAN_POINT('',(2.25,1.7,1.025));
#7014 = LINE('',#7015,#7016);
#7015 = CARTESIAN_POINT('',(2.25,2.11,1.025));
#7016 = VECTOR('',#7017,1.);
#7017 = DIRECTION('',(1.110223024625E-16,-1.,0.));
#7018 = ORIENTED_EDGE('',*,*,#7019,.T.);
#7019 = EDGE_CURVE('',#7012,#6438,#7020,.T.);
#7020 = LINE('',#7021,#7022);
#7021 = CARTESIAN_POINT('',(2.25,1.7,1.025));
#7022 = VECTOR('',#7023,1.);
#7023 = DIRECTION('',(-1.,-1.110223024625E-16,0.));
#7024 = ORIENTED_EDGE('',*,*,#7025,.T.);
#7025 = EDGE_CURVE('',#6438,#6918,#7026,.T.);
#7026 = LINE('',#7027,#7028);
#7027 = CARTESIAN_POINT('',(2.25,1.7,1.025));
#7028 = VECTOR('',#7029,1.);
#7029 = DIRECTION('',(-1.,-1.110223024625E-16,0.));
#7030 = ORIENTED_EDGE('',*,*,#6917,.F.);
#7031 = ORIENTED_EDGE('',*,*,#6039,.F.);
#7032 = PLANE('',#7033);
#7033 = AXIS2_PLACEMENT_3D('',#7034,#7035,#7036);
#7034 = CARTESIAN_POINT('',(2.25,2.11,1.025));
#7035 = DIRECTION('',(0.,0.,-1.));
#7036 = DIRECTION('',(-1.,-1.110223024625E-16,-0.));
#7037 = ADVANCED_FACE('',(#7038),#7081,.F.);
#7038 = FACE_BOUND('',#7039,.F.);
#7039 = EDGE_LOOP('',(#7040,#7041,#7047,#7048,#7056,#7064,#7070,#7071,
    #7077,#7078,#7079,#7080));
#7040 = ORIENTED_EDGE('',*,*,#6141,.T.);
#7041 = ORIENTED_EDGE('',*,*,#7042,.T.);
#7042 = EDGE_CURVE('',#6134,#6764,#7043,.T.);
#7043 = LINE('',#7044,#7045);
#7044 = CARTESIAN_POINT('',(-2.25,-2.11,1.025));
#7045 = VECTOR('',#7046,1.);
#7046 = DIRECTION('',(1.,-1.144237745222E-17,0.));
#7047 = ORIENTED_EDGE('',*,*,#6761,.F.);
#7048 = ORIENTED_EDGE('',*,*,#7049,.F.);
#7049 = EDGE_CURVE('',#7050,#6762,#7052,.T.);
#7050 = VERTEX_POINT('',#7051);
#7051 = CARTESIAN_POINT('',(-1.7375,-2.375,1.025));
#7052 = LINE('',#7053,#7054);
#7053 = CARTESIAN_POINT('',(-1.7375,-2.375,1.025));
#7054 = VECTOR('',#7055,1.);
#7055 = DIRECTION('',(-0.707106781187,0.707106781187,0.));
#7056 = ORIENTED_EDGE('',*,*,#7057,.F.);
#7057 = EDGE_CURVE('',#7058,#7050,#7060,.T.);
#7058 = VERTEX_POINT('',#7059);
#7059 = CARTESIAN_POINT('',(1.7375,-2.375,1.025));
#7060 = LINE('',#7061,#7062);
#7061 = CARTESIAN_POINT('',(1.7375,-2.375,1.025));
#7062 = VECTOR('',#7063,1.);
#7063 = DIRECTION('',(-1.,-1.110223024625E-16,0.));
#7064 = ORIENTED_EDGE('',*,*,#7065,.F.);
#7065 = EDGE_CURVE('',#6974,#7058,#7066,.T.);
#7066 = LINE('',#7067,#7068);
#7067 = CARTESIAN_POINT('',(1.875,-2.2375,1.025));
#7068 = VECTOR('',#7069,1.);
#7069 = DIRECTION('',(-0.707106781187,-0.707106781187,0.));
#7070 = ORIENTED_EDGE('',*,*,#6973,.F.);
#7071 = ORIENTED_EDGE('',*,*,#7072,.F.);
#7072 = EDGE_CURVE('',#6624,#6966,#7073,.T.);
#7073 = LINE('',#7074,#7075);
#7074 = CARTESIAN_POINT('',(2.25,-2.11,1.025));
#7075 = VECTOR('',#7076,1.);
#7076 = DIRECTION('',(-1.,-1.110223024625E-16,0.));
#7077 = ORIENTED_EDGE('',*,*,#6639,.T.);
#7078 = ORIENTED_EDGE('',*,*,#6684,.T.);
#7079 = ORIENTED_EDGE('',*,*,#6701,.T.);
#7080 = ORIENTED_EDGE('',*,*,#6655,.T.);
#7081 = PLANE('',#7082);
#7082 = AXIS2_PLACEMENT_3D('',#7083,#7084,#7085);
#7083 = CARTESIAN_POINT('',(-3.027078129022E-16,2.4125,1.025));
#7084 = DIRECTION('',(2.007919022429E-31,-7.713306628828E-27,-1.));
#7085 = DIRECTION('',(1.,1.112083013911E-16,2.00791902242E-31));
#7086 = ADVANCED_FACE('',(#7087),#7173,.F.);
#7087 = FACE_BOUND('',#7088,.F.);
#7088 = EDGE_LOOP('',(#7089,#7090,#7091,#7100,#7108,#7117,#7125,#7133,
    #7141,#7150,#7158,#7167));
#7089 = ORIENTED_EDGE('',*,*,#6133,.F.);
#7090 = ORIENTED_EDGE('',*,*,#6155,.T.);
#7091 = ORIENTED_EDGE('',*,*,#7092,.T.);
#7092 = EDGE_CURVE('',#6156,#7093,#7095,.T.);
#7093 = VERTEX_POINT('',#7094);
#7094 = CARTESIAN_POINT('',(-2.348480775301,-2.11,0.742364817767));
#7095 = CIRCLE('',#7096,0.1);
#7096 = AXIS2_PLACEMENT_3D('',#7097,#7098,#7099);
#7097 = CARTESIAN_POINT('',(-2.25,-2.11,0.725));
#7098 = DIRECTION('',(-1.144237745222E-17,-1.,3.284293275761E-47));
#7099 = DIRECTION('',(-4.440892098501E-15,5.081436361563E-32,1.));
#7100 = ORIENTED_EDGE('',*,*,#7101,.T.);
#7101 = EDGE_CURVE('',#7093,#7102,#7104,.T.);
#7102 = VERTEX_POINT('',#7103);
#7103 = CARTESIAN_POINT('',(-2.429496640897,-2.11,0.2479055467));
#7104 = LINE('',#7105,#7106);
#7105 = CARTESIAN_POINT('',(-2.348480775301,-2.11,0.742364817767));
#7106 = VECTOR('',#7107,1.);
#7107 = DIRECTION('',(-0.161691392282,1.85013394127E-18,-0.986841372087)
  );
#7108 = ORIENTED_EDGE('',*,*,#7109,.T.);
#7109 = EDGE_CURVE('',#7102,#7110,#7112,.T.);
#7110 = VERTEX_POINT('',#7111);
#7111 = CARTESIAN_POINT('',(-2.724938966801,-2.11,-1.665334536938E-16));
#7112 = CIRCLE('',#7113,0.3);
#7113 = AXIS2_PLACEMENT_3D('',#7114,#7115,#7116);
#7114 = CARTESIAN_POINT('',(-2.724938966801,-2.11,0.3));
#7115 = DIRECTION('',(1.144237745222E-17,1.,7.703719777549E-34));
#7116 = DIRECTION('',(0.984807753012,-1.126854202784E-17,-0.173648177667
    ));
#7117 = ORIENTED_EDGE('',*,*,#7118,.T.);
#7118 = EDGE_CURVE('',#7110,#7119,#7121,.T.);
#7119 = VERTEX_POINT('',#7120);
#7120 = CARTESIAN_POINT('',(-3.,-2.11,-1.665334536938E-16));
#7121 = LINE('',#7122,#7123);
#7122 = CARTESIAN_POINT('',(-2.724938966801,-2.11,-1.665334536938E-16));
#7123 = VECTOR('',#7124,1.);
#7124 = DIRECTION('',(-1.,1.144237745222E-17,0.));
#7125 = ORIENTED_EDGE('',*,*,#7126,.T.);
#7126 = EDGE_CURVE('',#7119,#7127,#7129,.T.);
#7127 = VERTEX_POINT('',#7128);
#7128 = CARTESIAN_POINT('',(-3.,-2.11,0.2));
#7129 = LINE('',#7130,#7131);
#7130 = CARTESIAN_POINT('',(-3.,-2.11,-1.665334536938E-16));
#7131 = VECTOR('',#7132,1.);
#7132 = DIRECTION('',(0.,0.,1.));
#7133 = ORIENTED_EDGE('',*,*,#7134,.T.);
#7134 = EDGE_CURVE('',#7127,#7135,#7137,.T.);
#7135 = VERTEX_POINT('',#7136);
#7136 = CARTESIAN_POINT('',(-2.724938966801,-2.11,0.2));
#7137 = LINE('',#7138,#7139);
#7138 = CARTESIAN_POINT('',(-3.,-2.11,0.2));
#7139 = VECTOR('',#7140,1.);
#7140 = DIRECTION('',(1.,-1.144237745222E-17,0.));
#7141 = ORIENTED_EDGE('',*,*,#7142,.T.);
#7142 = EDGE_CURVE('',#7135,#7143,#7145,.T.);
#7143 = VERTEX_POINT('',#7144);
#7144 = CARTESIAN_POINT('',(-2.6264581915,-2.11,0.282635182233));
#7145 = CIRCLE('',#7146,0.1);
#7146 = AXIS2_PLACEMENT_3D('',#7147,#7148,#7149);
#7147 = CARTESIAN_POINT('',(-2.724938966801,-2.11,0.3));
#7148 = DIRECTION('',(-1.144237745222E-17,-1.,-0.));
#7149 = DIRECTION('',(0.,0.,-1.));
#7150 = ORIENTED_EDGE('',*,*,#7151,.T.);
#7151 = EDGE_CURVE('',#7143,#7152,#7154,.T.);
#7152 = VERTEX_POINT('',#7153);
#7153 = CARTESIAN_POINT('',(-2.545442325904,-2.11,0.7770944533));
#7154 = LINE('',#7155,#7156);
#7155 = CARTESIAN_POINT('',(-2.6264581915,-2.11,0.282635182233));
#7156 = VECTOR('',#7157,1.);
#7157 = DIRECTION('',(0.161691392282,-1.85013394127E-18,0.986841372087)
  );
#7158 = ORIENTED_EDGE('',*,*,#7159,.T.);
#7159 = EDGE_CURVE('',#7152,#7160,#7162,.T.);
#7160 = VERTEX_POINT('',#7161);
#7161 = CARTESIAN_POINT('',(-2.25,-2.11,1.025));
#7162 = CIRCLE('',#7163,0.3);
#7163 = AXIS2_PLACEMENT_3D('',#7164,#7165,#7166);
#7164 = CARTESIAN_POINT('',(-2.25,-2.11,0.725));
#7165 = DIRECTION('',(1.144237745222E-17,1.,7.703719777549E-34));
#7166 = DIRECTION('',(-0.984807753012,1.126854202784E-17,0.173648177667)
  );
#7167 = ORIENTED_EDGE('',*,*,#7168,.T.);
#7168 = EDGE_CURVE('',#7160,#6134,#7169,.T.);
#7169 = LINE('',#7170,#7171);
#7170 = CARTESIAN_POINT('',(-2.25,-2.11,1.025));
#7171 = VECTOR('',#7172,1.);
#7172 = DIRECTION('',(1.,-1.144237745222E-17,0.));
#7173 = PLANE('',#7174);
#7174 = AXIS2_PLACEMENT_3D('',#7175,#7176,#7177);
#7175 = CARTESIAN_POINT('',(-2.42560961319,-2.11,0.548953137803));
#7176 = DIRECTION('',(1.144237745222E-17,1.,0.));
#7177 = DIRECTION('',(0.,-0.,1.));
#7178 = ADVANCED_FACE('',(#7179),#7198,.F.);
#7179 = FACE_BOUND('',#7180,.F.);
#7180 = EDGE_LOOP('',(#7181,#7182,#7191,#7197));
#7181 = ORIENTED_EDGE('',*,*,#6172,.T.);
#7182 = ORIENTED_EDGE('',*,*,#7183,.T.);
#7183 = EDGE_CURVE('',#6165,#7184,#7186,.T.);
#7184 = VERTEX_POINT('',#7185);
#7185 = CARTESIAN_POINT('',(-2.348480775301,-1.7,0.742364817767));
#7186 = CIRCLE('',#7187,0.1);
#7187 = AXIS2_PLACEMENT_3D('',#7188,#7189,#7190);
#7188 = CARTESIAN_POINT('',(-2.25,-1.7,0.725));
#7189 = DIRECTION('',(-1.144237745222E-17,-1.,3.284293275761E-47));
#7190 = DIRECTION('',(-4.440892098501E-15,5.081436361563E-32,1.));
#7191 = ORIENTED_EDGE('',*,*,#7192,.F.);
#7192 = EDGE_CURVE('',#7093,#7184,#7193,.T.);
#7193 = LINE('',#7194,#7195);
#7194 = CARTESIAN_POINT('',(-2.348480775301,-2.11,0.742364817767));
#7195 = VECTOR('',#7196,1.);
#7196 = DIRECTION('',(1.144237745222E-17,1.,0.));
#7197 = ORIENTED_EDGE('',*,*,#7092,.F.);
#7198 = CYLINDRICAL_SURFACE('',#7199,0.1);
#7199 = AXIS2_PLACEMENT_3D('',#7200,#7201,#7202);
#7200 = CARTESIAN_POINT('',(-2.25,-2.11,0.725));
#7201 = DIRECTION('',(-1.144237745222E-17,-1.,0.));
#7202 = DIRECTION('',(-4.440892098501E-15,5.081436361563E-32,1.));
#7203 = ADVANCED_FACE('',(#7204),#7282,.T.);
#7204 = FACE_BOUND('',#7205,.T.);
#7205 = EDGE_LOOP('',(#7206,#7207,#7208,#7209,#7217,#7226,#7234,#7242,
    #7250,#7259,#7267,#7276));
#7206 = ORIENTED_EDGE('',*,*,#6186,.F.);
#7207 = ORIENTED_EDGE('',*,*,#6164,.T.);
#7208 = ORIENTED_EDGE('',*,*,#7183,.T.);
#7209 = ORIENTED_EDGE('',*,*,#7210,.T.);
#7210 = EDGE_CURVE('',#7184,#7211,#7213,.T.);
#7211 = VERTEX_POINT('',#7212);
#7212 = CARTESIAN_POINT('',(-2.429496640897,-1.7,0.2479055467));
#7213 = LINE('',#7214,#7215);
#7214 = CARTESIAN_POINT('',(-2.348480775301,-1.7,0.742364817767));
#7215 = VECTOR('',#7216,1.);
#7216 = DIRECTION('',(-0.161691392282,1.85013394127E-18,-0.986841372087)
  );
#7217 = ORIENTED_EDGE('',*,*,#7218,.T.);
#7218 = EDGE_CURVE('',#7211,#7219,#7221,.T.);
#7219 = VERTEX_POINT('',#7220);
#7220 = CARTESIAN_POINT('',(-2.724938966801,-1.7,-1.665334536938E-16));
#7221 = CIRCLE('',#7222,0.3);
#7222 = AXIS2_PLACEMENT_3D('',#7223,#7224,#7225);
#7223 = CARTESIAN_POINT('',(-2.724938966801,-1.7,0.3));
#7224 = DIRECTION('',(1.144237745222E-17,1.,7.703719777549E-34));
#7225 = DIRECTION('',(0.984807753012,-1.126854202784E-17,-0.173648177667
    ));
#7226 = ORIENTED_EDGE('',*,*,#7227,.T.);
#7227 = EDGE_CURVE('',#7219,#7228,#7230,.T.);
#7228 = VERTEX_POINT('',#7229);
#7229 = CARTESIAN_POINT('',(-3.,-1.7,-1.665334536938E-16));
#7230 = LINE('',#7231,#7232);
#7231 = CARTESIAN_POINT('',(-2.724938966801,-1.7,-1.665334536938E-16));
#7232 = VECTOR('',#7233,1.);
#7233 = DIRECTION('',(-1.,1.144237745222E-17,0.));
#7234 = ORIENTED_EDGE('',*,*,#7235,.T.);
#7235 = EDGE_CURVE('',#7228,#7236,#7238,.T.);
#7236 = VERTEX_POINT('',#7237);
#7237 = CARTESIAN_POINT('',(-3.,-1.7,0.2));
#7238 = LINE('',#7239,#7240);
#7239 = CARTESIAN_POINT('',(-3.,-1.7,-1.665334536938E-16));
#7240 = VECTOR('',#7241,1.);
#7241 = DIRECTION('',(0.,0.,1.));
#7242 = ORIENTED_EDGE('',*,*,#7243,.T.);
#7243 = EDGE_CURVE('',#7236,#7244,#7246,.T.);
#7244 = VERTEX_POINT('',#7245);
#7245 = CARTESIAN_POINT('',(-2.724938966801,-1.7,0.2));
#7246 = LINE('',#7247,#7248);
#7247 = CARTESIAN_POINT('',(-3.,-1.7,0.2));
#7248 = VECTOR('',#7249,1.);
#7249 = DIRECTION('',(1.,-1.144237745222E-17,0.));
#7250 = ORIENTED_EDGE('',*,*,#7251,.T.);
#7251 = EDGE_CURVE('',#7244,#7252,#7254,.T.);
#7252 = VERTEX_POINT('',#7253);
#7253 = CARTESIAN_POINT('',(-2.6264581915,-1.7,0.282635182233));
#7254 = CIRCLE('',#7255,0.1);
#7255 = AXIS2_PLACEMENT_3D('',#7256,#7257,#7258);
#7256 = CARTESIAN_POINT('',(-2.724938966801,-1.7,0.3));
#7257 = DIRECTION('',(-1.144237745222E-17,-1.,-0.));
#7258 = DIRECTION('',(0.,0.,-1.));
#7259 = ORIENTED_EDGE('',*,*,#7260,.T.);
#7260 = EDGE_CURVE('',#7252,#7261,#7263,.T.);
#7261 = VERTEX_POINT('',#7262);
#7262 = CARTESIAN_POINT('',(-2.545442325904,-1.7,0.7770944533));
#7263 = LINE('',#7264,#7265);
#7264 = CARTESIAN_POINT('',(-2.6264581915,-1.7,0.282635182233));
#7265 = VECTOR('',#7266,1.);
#7266 = DIRECTION('',(0.161691392282,-1.85013394127E-18,0.986841372087)
  );
#7267 = ORIENTED_EDGE('',*,*,#7268,.T.);
#7268 = EDGE_CURVE('',#7261,#7269,#7271,.T.);
#7269 = VERTEX_POINT('',#7270);
#7270 = CARTESIAN_POINT('',(-2.25,-1.7,1.025));
#7271 = CIRCLE('',#7272,0.3);
#7272 = AXIS2_PLACEMENT_3D('',#7273,#7274,#7275);
#7273 = CARTESIAN_POINT('',(-2.25,-1.7,0.725));
#7274 = DIRECTION('',(1.144237745222E-17,1.,7.703719777549E-34));
#7275 = DIRECTION('',(-0.984807753012,1.126854202784E-17,0.173648177667)
  );
#7276 = ORIENTED_EDGE('',*,*,#7277,.T.);
#7277 = EDGE_CURVE('',#7269,#6187,#7278,.T.);
#7278 = LINE('',#7279,#7280);
#7279 = CARTESIAN_POINT('',(-2.25,-1.7,1.025));
#7280 = VECTOR('',#7281,1.);
#7281 = DIRECTION('',(1.,-1.144237745222E-17,0.));
#7282 = PLANE('',#7283);
#7283 = AXIS2_PLACEMENT_3D('',#7284,#7285,#7286);
#7284 = CARTESIAN_POINT('',(-2.42560961319,-1.7,0.548953137803));
#7285 = DIRECTION('',(1.144237745222E-17,1.,0.));
#7286 = DIRECTION('',(0.,-0.,1.));
#7287 = ADVANCED_FACE('',(#7288),#7304,.F.);
#7288 = FACE_BOUND('',#7289,.F.);
#7289 = EDGE_LOOP('',(#7290,#7291,#7297,#7298));
#7290 = ORIENTED_EDGE('',*,*,#6203,.T.);
#7291 = ORIENTED_EDGE('',*,*,#7292,.T.);
#7292 = EDGE_CURVE('',#6196,#6780,#7293,.T.);
#7293 = LINE('',#7294,#7295);
#7294 = CARTESIAN_POINT('',(-2.25,-0.84,1.025));
#7295 = VECTOR('',#7296,1.);
#7296 = DIRECTION('',(1.,-1.144237745222E-17,0.));
#7297 = ORIENTED_EDGE('',*,*,#6779,.F.);
#7298 = ORIENTED_EDGE('',*,*,#7299,.F.);
#7299 = EDGE_CURVE('',#6187,#6772,#7300,.T.);
#7300 = LINE('',#7301,#7302);
#7301 = CARTESIAN_POINT('',(-2.25,-1.7,1.025));
#7302 = VECTOR('',#7303,1.);
#7303 = DIRECTION('',(1.,-1.144237745222E-17,0.));
#7304 = PLANE('',#7305);
#7305 = AXIS2_PLACEMENT_3D('',#7306,#7307,#7308);
#7306 = CARTESIAN_POINT('',(-3.027078129022E-16,2.4125,1.025));
#7307 = DIRECTION('',(2.007919022429E-31,-7.713306628828E-27,-1.));
#7308 = DIRECTION('',(1.,1.112083013911E-16,2.00791902242E-31));
#7309 = ADVANCED_FACE('',(#7310),#7396,.F.);
#7310 = FACE_BOUND('',#7311,.F.);
#7311 = EDGE_LOOP('',(#7312,#7313,#7314,#7323,#7331,#7340,#7348,#7356,
    #7364,#7373,#7381,#7390));
#7312 = ORIENTED_EDGE('',*,*,#6195,.F.);
#7313 = ORIENTED_EDGE('',*,*,#6217,.T.);
#7314 = ORIENTED_EDGE('',*,*,#7315,.T.);
#7315 = EDGE_CURVE('',#6218,#7316,#7318,.T.);
#7316 = VERTEX_POINT('',#7317);
#7317 = CARTESIAN_POINT('',(-2.348480775301,-0.84,0.742364817767));
#7318 = CIRCLE('',#7319,0.1);
#7319 = AXIS2_PLACEMENT_3D('',#7320,#7321,#7322);
#7320 = CARTESIAN_POINT('',(-2.25,-0.84,0.725));
#7321 = DIRECTION('',(-1.144237745222E-17,-1.,3.284293275761E-47));
#7322 = DIRECTION('',(-4.440892098501E-15,5.081436361563E-32,1.));
#7323 = ORIENTED_EDGE('',*,*,#7324,.T.);
#7324 = EDGE_CURVE('',#7316,#7325,#7327,.T.);
#7325 = VERTEX_POINT('',#7326);
#7326 = CARTESIAN_POINT('',(-2.429496640897,-0.84,0.2479055467));
#7327 = LINE('',#7328,#7329);
#7328 = CARTESIAN_POINT('',(-2.348480775301,-0.84,0.742364817767));
#7329 = VECTOR('',#7330,1.);
#7330 = DIRECTION('',(-0.161691392282,1.85013394127E-18,-0.986841372087)
  );
#7331 = ORIENTED_EDGE('',*,*,#7332,.T.);
#7332 = EDGE_CURVE('',#7325,#7333,#7335,.T.);
#7333 = VERTEX_POINT('',#7334);
#7334 = CARTESIAN_POINT('',(-2.724938966801,-0.84,-1.665334536938E-16));
#7335 = CIRCLE('',#7336,0.3);
#7336 = AXIS2_PLACEMENT_3D('',#7337,#7338,#7339);
#7337 = CARTESIAN_POINT('',(-2.724938966801,-0.84,0.3));
#7338 = DIRECTION('',(1.144237745222E-17,1.,7.703719777549E-34));
#7339 = DIRECTION('',(0.984807753012,-1.126854202784E-17,-0.173648177667
    ));
#7340 = ORIENTED_EDGE('',*,*,#7341,.T.);
#7341 = EDGE_CURVE('',#7333,#7342,#7344,.T.);
#7342 = VERTEX_POINT('',#7343);
#7343 = CARTESIAN_POINT('',(-3.,-0.84,-1.665334536938E-16));
#7344 = LINE('',#7345,#7346);
#7345 = CARTESIAN_POINT('',(-2.724938966801,-0.84,-1.665334536938E-16));
#7346 = VECTOR('',#7347,1.);
#7347 = DIRECTION('',(-1.,1.144237745222E-17,0.));
#7348 = ORIENTED_EDGE('',*,*,#7349,.T.);
#7349 = EDGE_CURVE('',#7342,#7350,#7352,.T.);
#7350 = VERTEX_POINT('',#7351);
#7351 = CARTESIAN_POINT('',(-3.,-0.84,0.2));
#7352 = LINE('',#7353,#7354);
#7353 = CARTESIAN_POINT('',(-3.,-0.84,-1.665334536938E-16));
#7354 = VECTOR('',#7355,1.);
#7355 = DIRECTION('',(0.,0.,1.));
#7356 = ORIENTED_EDGE('',*,*,#7357,.T.);
#7357 = EDGE_CURVE('',#7350,#7358,#7360,.T.);
#7358 = VERTEX_POINT('',#7359);
#7359 = CARTESIAN_POINT('',(-2.724938966801,-0.84,0.2));
#7360 = LINE('',#7361,#7362);
#7361 = CARTESIAN_POINT('',(-3.,-0.84,0.2));
#7362 = VECTOR('',#7363,1.);
#7363 = DIRECTION('',(1.,-1.144237745222E-17,0.));
#7364 = ORIENTED_EDGE('',*,*,#7365,.T.);
#7365 = EDGE_CURVE('',#7358,#7366,#7368,.T.);
#7366 = VERTEX_POINT('',#7367);
#7367 = CARTESIAN_POINT('',(-2.6264581915,-0.84,0.282635182233));
#7368 = CIRCLE('',#7369,0.1);
#7369 = AXIS2_PLACEMENT_3D('',#7370,#7371,#7372);
#7370 = CARTESIAN_POINT('',(-2.724938966801,-0.84,0.3));
#7371 = DIRECTION('',(-1.144237745222E-17,-1.,-0.));
#7372 = DIRECTION('',(0.,0.,-1.));
#7373 = ORIENTED_EDGE('',*,*,#7374,.T.);
#7374 = EDGE_CURVE('',#7366,#7375,#7377,.T.);
#7375 = VERTEX_POINT('',#7376);
#7376 = CARTESIAN_POINT('',(-2.545442325904,-0.84,0.7770944533));
#7377 = LINE('',#7378,#7379);
#7378 = CARTESIAN_POINT('',(-2.6264581915,-0.84,0.282635182233));
#7379 = VECTOR('',#7380,1.);
#7380 = DIRECTION('',(0.161691392282,-1.85013394127E-18,0.986841372087)
  );
#7381 = ORIENTED_EDGE('',*,*,#7382,.T.);
#7382 = EDGE_CURVE('',#7375,#7383,#7385,.T.);
#7383 = VERTEX_POINT('',#7384);
#7384 = CARTESIAN_POINT('',(-2.25,-0.84,1.025));
#7385 = CIRCLE('',#7386,0.3);
#7386 = AXIS2_PLACEMENT_3D('',#7387,#7388,#7389);
#7387 = CARTESIAN_POINT('',(-2.25,-0.84,0.725));
#7388 = DIRECTION('',(1.144237745222E-17,1.,7.703719777549E-34));
#7389 = DIRECTION('',(-0.984807753012,1.126854202784E-17,0.173648177667)
  );
#7390 = ORIENTED_EDGE('',*,*,#7391,.T.);
#7391 = EDGE_CURVE('',#7383,#6196,#7392,.T.);
#7392 = LINE('',#7393,#7394);
#7393 = CARTESIAN_POINT('',(-2.25,-0.84,1.025));
#7394 = VECTOR('',#7395,1.);
#7395 = DIRECTION('',(1.,-1.144237745222E-17,0.));
#7396 = PLANE('',#7397);
#7397 = AXIS2_PLACEMENT_3D('',#7398,#7399,#7400);
#7398 = CARTESIAN_POINT('',(-2.42560961319,-0.84,0.548953137803));
#7399 = DIRECTION('',(1.144237745222E-17,1.,0.));
#7400 = DIRECTION('',(0.,-0.,1.));
#7401 = ADVANCED_FACE('',(#7402),#7421,.F.);
#7402 = FACE_BOUND('',#7403,.F.);
#7403 = EDGE_LOOP('',(#7404,#7405,#7414,#7420));
#7404 = ORIENTED_EDGE('',*,*,#6234,.T.);
#7405 = ORIENTED_EDGE('',*,*,#7406,.T.);
#7406 = EDGE_CURVE('',#6227,#7407,#7409,.T.);
#7407 = VERTEX_POINT('',#7408);
#7408 = CARTESIAN_POINT('',(-2.348480775301,-0.43,0.742364817767));
#7409 = CIRCLE('',#7410,0.1);
#7410 = AXIS2_PLACEMENT_3D('',#7411,#7412,#7413);
#7411 = CARTESIAN_POINT('',(-2.25,-0.43,0.725));
#7412 = DIRECTION('',(-1.144237745222E-17,-1.,3.284293275761E-47));
#7413 = DIRECTION('',(-4.440892098501E-15,5.081436361563E-32,1.));
#7414 = ORIENTED_EDGE('',*,*,#7415,.F.);
#7415 = EDGE_CURVE('',#7316,#7407,#7416,.T.);
#7416 = LINE('',#7417,#7418);
#7417 = CARTESIAN_POINT('',(-2.348480775301,-0.84,0.742364817767));
#7418 = VECTOR('',#7419,1.);
#7419 = DIRECTION('',(1.144237745222E-17,1.,0.));
#7420 = ORIENTED_EDGE('',*,*,#7315,.F.);
#7421 = CYLINDRICAL_SURFACE('',#7422,0.1);
#7422 = AXIS2_PLACEMENT_3D('',#7423,#7424,#7425);
#7423 = CARTESIAN_POINT('',(-2.25,-0.84,0.725));
#7424 = DIRECTION('',(-1.144237745222E-17,-1.,0.));
#7425 = DIRECTION('',(-4.440892098501E-15,5.081436361563E-32,1.));
#7426 = ADVANCED_FACE('',(#7427),#7505,.T.);
#7427 = FACE_BOUND('',#7428,.T.);
#7428 = EDGE_LOOP('',(#7429,#7430,#7431,#7432,#7440,#7449,#7457,#7465,
    #7473,#7482,#7490,#7499));
#7429 = ORIENTED_EDGE('',*,*,#6248,.F.);
#7430 = ORIENTED_EDGE('',*,*,#6226,.T.);
#7431 = ORIENTED_EDGE('',*,*,#7406,.T.);
#7432 = ORIENTED_EDGE('',*,*,#7433,.T.);
#7433 = EDGE_CURVE('',#7407,#7434,#7436,.T.);
#7434 = VERTEX_POINT('',#7435);
#7435 = CARTESIAN_POINT('',(-2.429496640897,-0.43,0.2479055467));
#7436 = LINE('',#7437,#7438);
#7437 = CARTESIAN_POINT('',(-2.348480775301,-0.43,0.742364817767));
#7438 = VECTOR('',#7439,1.);
#7439 = DIRECTION('',(-0.161691392282,1.85013394127E-18,-0.986841372087)
  );
#7440 = ORIENTED_EDGE('',*,*,#7441,.T.);
#7441 = EDGE_CURVE('',#7434,#7442,#7444,.T.);
#7442 = VERTEX_POINT('',#7443);
#7443 = CARTESIAN_POINT('',(-2.724938966801,-0.43,-1.665334536938E-16));
#7444 = CIRCLE('',#7445,0.3);
#7445 = AXIS2_PLACEMENT_3D('',#7446,#7447,#7448);
#7446 = CARTESIAN_POINT('',(-2.724938966801,-0.43,0.3));
#7447 = DIRECTION('',(1.144237745222E-17,1.,7.703719777549E-34));
#7448 = DIRECTION('',(0.984807753012,-1.126854202784E-17,-0.173648177667
    ));
#7449 = ORIENTED_EDGE('',*,*,#7450,.T.);
#7450 = EDGE_CURVE('',#7442,#7451,#7453,.T.);
#7451 = VERTEX_POINT('',#7452);
#7452 = CARTESIAN_POINT('',(-3.,-0.43,-1.665334536938E-16));
#7453 = LINE('',#7454,#7455);
#7454 = CARTESIAN_POINT('',(-2.724938966801,-0.43,-1.665334536938E-16));
#7455 = VECTOR('',#7456,1.);
#7456 = DIRECTION('',(-1.,1.144237745222E-17,0.));
#7457 = ORIENTED_EDGE('',*,*,#7458,.T.);
#7458 = EDGE_CURVE('',#7451,#7459,#7461,.T.);
#7459 = VERTEX_POINT('',#7460);
#7460 = CARTESIAN_POINT('',(-3.,-0.43,0.2));
#7461 = LINE('',#7462,#7463);
#7462 = CARTESIAN_POINT('',(-3.,-0.43,-1.665334536938E-16));
#7463 = VECTOR('',#7464,1.);
#7464 = DIRECTION('',(0.,0.,1.));
#7465 = ORIENTED_EDGE('',*,*,#7466,.T.);
#7466 = EDGE_CURVE('',#7459,#7467,#7469,.T.);
#7467 = VERTEX_POINT('',#7468);
#7468 = CARTESIAN_POINT('',(-2.724938966801,-0.43,0.2));
#7469 = LINE('',#7470,#7471);
#7470 = CARTESIAN_POINT('',(-3.,-0.43,0.2));
#7471 = VECTOR('',#7472,1.);
#7472 = DIRECTION('',(1.,-1.144237745222E-17,0.));
#7473 = ORIENTED_EDGE('',*,*,#7474,.T.);
#7474 = EDGE_CURVE('',#7467,#7475,#7477,.T.);
#7475 = VERTEX_POINT('',#7476);
#7476 = CARTESIAN_POINT('',(-2.6264581915,-0.43,0.282635182233));
#7477 = CIRCLE('',#7478,0.1);
#7478 = AXIS2_PLACEMENT_3D('',#7479,#7480,#7481);
#7479 = CARTESIAN_POINT('',(-2.724938966801,-0.43,0.3));
#7480 = DIRECTION('',(-1.144237745222E-17,-1.,-0.));
#7481 = DIRECTION('',(0.,0.,-1.));
#7482 = ORIENTED_EDGE('',*,*,#7483,.T.);
#7483 = EDGE_CURVE('',#7475,#7484,#7486,.T.);
#7484 = VERTEX_POINT('',#7485);
#7485 = CARTESIAN_POINT('',(-2.545442325904,-0.43,0.7770944533));
#7486 = LINE('',#7487,#7488);
#7487 = CARTESIAN_POINT('',(-2.6264581915,-0.43,0.282635182233));
#7488 = VECTOR('',#7489,1.);
#7489 = DIRECTION('',(0.161691392282,-1.85013394127E-18,0.986841372087)
  );
#7490 = ORIENTED_EDGE('',*,*,#7491,.T.);
#7491 = EDGE_CURVE('',#7484,#7492,#7494,.T.);
#7492 = VERTEX_POINT('',#7493);
#7493 = CARTESIAN_POINT('',(-2.25,-0.43,1.025));
#7494 = CIRCLE('',#7495,0.3);
#7495 = AXIS2_PLACEMENT_3D('',#7496,#7497,#7498);
#7496 = CARTESIAN_POINT('',(-2.25,-0.43,0.725));
#7497 = DIRECTION('',(1.144237745222E-17,1.,7.703719777549E-34));
#7498 = DIRECTION('',(-0.984807753012,1.126854202784E-17,0.173648177667)
  );
#7499 = ORIENTED_EDGE('',*,*,#7500,.T.);
#7500 = EDGE_CURVE('',#7492,#6249,#7501,.T.);
#7501 = LINE('',#7502,#7503);
#7502 = CARTESIAN_POINT('',(-2.25,-0.43,1.025));
#7503 = VECTOR('',#7504,1.);
#7504 = DIRECTION('',(1.,-1.144237745222E-17,0.));
#7505 = PLANE('',#7506);
#7506 = AXIS2_PLACEMENT_3D('',#7507,#7508,#7509);
#7507 = CARTESIAN_POINT('',(-2.42560961319,-0.43,0.548953137803));
#7508 = DIRECTION('',(1.144237745222E-17,1.,0.));
#7509 = DIRECTION('',(0.,-0.,1.));
#7510 = ADVANCED_FACE('',(#7511),#7527,.F.);
#7511 = FACE_BOUND('',#7512,.F.);
#7512 = EDGE_LOOP('',(#7513,#7514,#7520,#7521));
#7513 = ORIENTED_EDGE('',*,*,#6265,.T.);
#7514 = ORIENTED_EDGE('',*,*,#7515,.T.);
#7515 = EDGE_CURVE('',#6258,#6796,#7516,.T.);
#7516 = LINE('',#7517,#7518);
#7517 = CARTESIAN_POINT('',(-2.25,0.43,1.025));
#7518 = VECTOR('',#7519,1.);
#7519 = DIRECTION('',(1.,-1.144237745222E-17,0.));
#7520 = ORIENTED_EDGE('',*,*,#6795,.F.);
#7521 = ORIENTED_EDGE('',*,*,#7522,.F.);
#7522 = EDGE_CURVE('',#6249,#6788,#7523,.T.);
#7523 = LINE('',#7524,#7525);
#7524 = CARTESIAN_POINT('',(-2.25,-0.43,1.025));
#7525 = VECTOR('',#7526,1.);
#7526 = DIRECTION('',(1.,-1.144237745222E-17,0.));
#7527 = PLANE('',#7528);
#7528 = AXIS2_PLACEMENT_3D('',#7529,#7530,#7531);
#7529 = CARTESIAN_POINT('',(-3.027078129022E-16,2.4125,1.025));
#7530 = DIRECTION('',(2.007919022429E-31,-7.713306628828E-27,-1.));
#7531 = DIRECTION('',(1.,1.112083013911E-16,2.00791902242E-31));
#7532 = ADVANCED_FACE('',(#7533),#7619,.F.);
#7533 = FACE_BOUND('',#7534,.F.);
#7534 = EDGE_LOOP('',(#7535,#7536,#7537,#7546,#7554,#7563,#7571,#7579,
    #7587,#7596,#7604,#7613));
#7535 = ORIENTED_EDGE('',*,*,#6257,.F.);
#7536 = ORIENTED_EDGE('',*,*,#6279,.T.);
#7537 = ORIENTED_EDGE('',*,*,#7538,.T.);
#7538 = EDGE_CURVE('',#6280,#7539,#7541,.T.);
#7539 = VERTEX_POINT('',#7540);
#7540 = CARTESIAN_POINT('',(-2.348480775301,0.43,0.742364817767));
#7541 = CIRCLE('',#7542,0.1);
#7542 = AXIS2_PLACEMENT_3D('',#7543,#7544,#7545);
#7543 = CARTESIAN_POINT('',(-2.25,0.43,0.725));
#7544 = DIRECTION('',(-1.144237745222E-17,-1.,3.284293275761E-47));
#7545 = DIRECTION('',(-4.440892098501E-15,5.081436361563E-32,1.));
#7546 = ORIENTED_EDGE('',*,*,#7547,.T.);
#7547 = EDGE_CURVE('',#7539,#7548,#7550,.T.);
#7548 = VERTEX_POINT('',#7549);
#7549 = CARTESIAN_POINT('',(-2.429496640897,0.43,0.2479055467));
#7550 = LINE('',#7551,#7552);
#7551 = CARTESIAN_POINT('',(-2.348480775301,0.43,0.742364817767));
#7552 = VECTOR('',#7553,1.);
#7553 = DIRECTION('',(-0.161691392282,1.85013394127E-18,-0.986841372087)
  );
#7554 = ORIENTED_EDGE('',*,*,#7555,.T.);
#7555 = EDGE_CURVE('',#7548,#7556,#7558,.T.);
#7556 = VERTEX_POINT('',#7557);
#7557 = CARTESIAN_POINT('',(-2.724938966801,0.43,-1.665334536938E-16));
#7558 = CIRCLE('',#7559,0.3);
#7559 = AXIS2_PLACEMENT_3D('',#7560,#7561,#7562);
#7560 = CARTESIAN_POINT('',(-2.724938966801,0.43,0.3));
#7561 = DIRECTION('',(1.144237745222E-17,1.,7.703719777549E-34));
#7562 = DIRECTION('',(0.984807753012,-1.126854202784E-17,-0.173648177667
    ));
#7563 = ORIENTED_EDGE('',*,*,#7564,.T.);
#7564 = EDGE_CURVE('',#7556,#7565,#7567,.T.);
#7565 = VERTEX_POINT('',#7566);
#7566 = CARTESIAN_POINT('',(-3.,0.43,-1.665334536938E-16));
#7567 = LINE('',#7568,#7569);
#7568 = CARTESIAN_POINT('',(-2.724938966801,0.43,-1.665334536938E-16));
#7569 = VECTOR('',#7570,1.);
#7570 = DIRECTION('',(-1.,1.144237745222E-17,0.));
#7571 = ORIENTED_EDGE('',*,*,#7572,.T.);
#7572 = EDGE_CURVE('',#7565,#7573,#7575,.T.);
#7573 = VERTEX_POINT('',#7574);
#7574 = CARTESIAN_POINT('',(-3.,0.43,0.2));
#7575 = LINE('',#7576,#7577);
#7576 = CARTESIAN_POINT('',(-3.,0.43,-1.665334536938E-16));
#7577 = VECTOR('',#7578,1.);
#7578 = DIRECTION('',(0.,0.,1.));
#7579 = ORIENTED_EDGE('',*,*,#7580,.T.);
#7580 = EDGE_CURVE('',#7573,#7581,#7583,.T.);
#7581 = VERTEX_POINT('',#7582);
#7582 = CARTESIAN_POINT('',(-2.724938966801,0.43,0.2));
#7583 = LINE('',#7584,#7585);
#7584 = CARTESIAN_POINT('',(-3.,0.43,0.2));
#7585 = VECTOR('',#7586,1.);
#7586 = DIRECTION('',(1.,-1.144237745222E-17,0.));
#7587 = ORIENTED_EDGE('',*,*,#7588,.T.);
#7588 = EDGE_CURVE('',#7581,#7589,#7591,.T.);
#7589 = VERTEX_POINT('',#7590);
#7590 = CARTESIAN_POINT('',(-2.6264581915,0.43,0.282635182233));
#7591 = CIRCLE('',#7592,0.1);
#7592 = AXIS2_PLACEMENT_3D('',#7593,#7594,#7595);
#7593 = CARTESIAN_POINT('',(-2.724938966801,0.43,0.3));
#7594 = DIRECTION('',(-1.144237745222E-17,-1.,-0.));
#7595 = DIRECTION('',(0.,0.,-1.));
#7596 = ORIENTED_EDGE('',*,*,#7597,.T.);
#7597 = EDGE_CURVE('',#7589,#7598,#7600,.T.);
#7598 = VERTEX_POINT('',#7599);
#7599 = CARTESIAN_POINT('',(-2.545442325904,0.43,0.7770944533));
#7600 = LINE('',#7601,#7602);
#7601 = CARTESIAN_POINT('',(-2.6264581915,0.43,0.282635182233));
#7602 = VECTOR('',#7603,1.);
#7603 = DIRECTION('',(0.161691392282,-1.85013394127E-18,0.986841372087)
  );
#7604 = ORIENTED_EDGE('',*,*,#7605,.T.);
#7605 = EDGE_CURVE('',#7598,#7606,#7608,.T.);
#7606 = VERTEX_POINT('',#7607);
#7607 = CARTESIAN_POINT('',(-2.25,0.43,1.025));
#7608 = CIRCLE('',#7609,0.3);
#7609 = AXIS2_PLACEMENT_3D('',#7610,#7611,#7612);
#7610 = CARTESIAN_POINT('',(-2.25,0.43,0.725));
#7611 = DIRECTION('',(1.144237745222E-17,1.,7.703719777549E-34));
#7612 = DIRECTION('',(-0.984807753012,1.126854202784E-17,0.173648177667)
  );
#7613 = ORIENTED_EDGE('',*,*,#7614,.T.);
#7614 = EDGE_CURVE('',#7606,#6258,#7615,.T.);
#7615 = LINE('',#7616,#7617);
#7616 = CARTESIAN_POINT('',(-2.25,0.43,1.025));
#7617 = VECTOR('',#7618,1.);
#7618 = DIRECTION('',(1.,-1.144237745222E-17,0.));
#7619 = PLANE('',#7620);
#7620 = AXIS2_PLACEMENT_3D('',#7621,#7622,#7623);
#7621 = CARTESIAN_POINT('',(-2.42560961319,0.43,0.548953137803));
#7622 = DIRECTION('',(1.144237745222E-17,1.,0.));
#7623 = DIRECTION('',(0.,-0.,1.));
#7624 = ADVANCED_FACE('',(#7625),#7644,.F.);
#7625 = FACE_BOUND('',#7626,.F.);
#7626 = EDGE_LOOP('',(#7627,#7628,#7637,#7643));
#7627 = ORIENTED_EDGE('',*,*,#6296,.T.);
#7628 = ORIENTED_EDGE('',*,*,#7629,.T.);
#7629 = EDGE_CURVE('',#6289,#7630,#7632,.T.);
#7630 = VERTEX_POINT('',#7631);
#7631 = CARTESIAN_POINT('',(-2.348480775301,0.84,0.742364817767));
#7632 = CIRCLE('',#7633,0.1);
#7633 = AXIS2_PLACEMENT_3D('',#7634,#7635,#7636);
#7634 = CARTESIAN_POINT('',(-2.25,0.84,0.725));
#7635 = DIRECTION('',(-1.144237745222E-17,-1.,3.284293275761E-47));
#7636 = DIRECTION('',(-4.440892098501E-15,5.081436361563E-32,1.));
#7637 = ORIENTED_EDGE('',*,*,#7638,.F.);
#7638 = EDGE_CURVE('',#7539,#7630,#7639,.T.);
#7639 = LINE('',#7640,#7641);
#7640 = CARTESIAN_POINT('',(-2.348480775301,0.43,0.742364817767));
#7641 = VECTOR('',#7642,1.);
#7642 = DIRECTION('',(1.144237745222E-17,1.,0.));
#7643 = ORIENTED_EDGE('',*,*,#7538,.F.);
#7644 = CYLINDRICAL_SURFACE('',#7645,0.1);
#7645 = AXIS2_PLACEMENT_3D('',#7646,#7647,#7648);
#7646 = CARTESIAN_POINT('',(-2.25,0.43,0.725));
#7647 = DIRECTION('',(-1.144237745222E-17,-1.,0.));
#7648 = DIRECTION('',(-4.440892098501E-15,5.081436361563E-32,1.));
#7649 = ADVANCED_FACE('',(#7650),#7728,.T.);
#7650 = FACE_BOUND('',#7651,.T.);
#7651 = EDGE_LOOP('',(#7652,#7653,#7654,#7655,#7663,#7672,#7680,#7688,
    #7696,#7705,#7713,#7722));
#7652 = ORIENTED_EDGE('',*,*,#6310,.F.);
#7653 = ORIENTED_EDGE('',*,*,#6288,.T.);
#7654 = ORIENTED_EDGE('',*,*,#7629,.T.);
#7655 = ORIENTED_EDGE('',*,*,#7656,.T.);
#7656 = EDGE_CURVE('',#7630,#7657,#7659,.T.);
#7657 = VERTEX_POINT('',#7658);
#7658 = CARTESIAN_POINT('',(-2.429496640897,0.84,0.2479055467));
#7659 = LINE('',#7660,#7661);
#7660 = CARTESIAN_POINT('',(-2.348480775301,0.84,0.742364817767));
#7661 = VECTOR('',#7662,1.);
#7662 = DIRECTION('',(-0.161691392282,1.85013394127E-18,-0.986841372087)
  );
#7663 = ORIENTED_EDGE('',*,*,#7664,.T.);
#7664 = EDGE_CURVE('',#7657,#7665,#7667,.T.);
#7665 = VERTEX_POINT('',#7666);
#7666 = CARTESIAN_POINT('',(-2.724938966801,0.84,-1.665334536938E-16));
#7667 = CIRCLE('',#7668,0.3);
#7668 = AXIS2_PLACEMENT_3D('',#7669,#7670,#7671);
#7669 = CARTESIAN_POINT('',(-2.724938966801,0.84,0.3));
#7670 = DIRECTION('',(1.144237745222E-17,1.,7.703719777549E-34));
#7671 = DIRECTION('',(0.984807753012,-1.126854202784E-17,-0.173648177667
    ));
#7672 = ORIENTED_EDGE('',*,*,#7673,.T.);
#7673 = EDGE_CURVE('',#7665,#7674,#7676,.T.);
#7674 = VERTEX_POINT('',#7675);
#7675 = CARTESIAN_POINT('',(-3.,0.84,-1.665334536938E-16));
#7676 = LINE('',#7677,#7678);
#7677 = CARTESIAN_POINT('',(-2.724938966801,0.84,-1.665334536938E-16));
#7678 = VECTOR('',#7679,1.);
#7679 = DIRECTION('',(-1.,1.144237745222E-17,0.));
#7680 = ORIENTED_EDGE('',*,*,#7681,.T.);
#7681 = EDGE_CURVE('',#7674,#7682,#7684,.T.);
#7682 = VERTEX_POINT('',#7683);
#7683 = CARTESIAN_POINT('',(-3.,0.84,0.2));
#7684 = LINE('',#7685,#7686);
#7685 = CARTESIAN_POINT('',(-3.,0.84,-1.665334536938E-16));
#7686 = VECTOR('',#7687,1.);
#7687 = DIRECTION('',(0.,0.,1.));
#7688 = ORIENTED_EDGE('',*,*,#7689,.T.);
#7689 = EDGE_CURVE('',#7682,#7690,#7692,.T.);
#7690 = VERTEX_POINT('',#7691);
#7691 = CARTESIAN_POINT('',(-2.724938966801,0.84,0.2));
#7692 = LINE('',#7693,#7694);
#7693 = CARTESIAN_POINT('',(-3.,0.84,0.2));
#7694 = VECTOR('',#7695,1.);
#7695 = DIRECTION('',(1.,-1.144237745222E-17,0.));
#7696 = ORIENTED_EDGE('',*,*,#7697,.T.);
#7697 = EDGE_CURVE('',#7690,#7698,#7700,.T.);
#7698 = VERTEX_POINT('',#7699);
#7699 = CARTESIAN_POINT('',(-2.6264581915,0.84,0.282635182233));
#7700 = CIRCLE('',#7701,0.1);
#7701 = AXIS2_PLACEMENT_3D('',#7702,#7703,#7704);
#7702 = CARTESIAN_POINT('',(-2.724938966801,0.84,0.3));
#7703 = DIRECTION('',(-1.144237745222E-17,-1.,-0.));
#7704 = DIRECTION('',(0.,0.,-1.));
#7705 = ORIENTED_EDGE('',*,*,#7706,.T.);
#7706 = EDGE_CURVE('',#7698,#7707,#7709,.T.);
#7707 = VERTEX_POINT('',#7708);
#7708 = CARTESIAN_POINT('',(-2.545442325904,0.84,0.7770944533));
#7709 = LINE('',#7710,#7711);
#7710 = CARTESIAN_POINT('',(-2.6264581915,0.84,0.282635182233));
#7711 = VECTOR('',#7712,1.);
#7712 = DIRECTION('',(0.161691392282,-1.85013394127E-18,0.986841372087)
  );
#7713 = ORIENTED_EDGE('',*,*,#7714,.T.);
#7714 = EDGE_CURVE('',#7707,#7715,#7717,.T.);
#7715 = VERTEX_POINT('',#7716);
#7716 = CARTESIAN_POINT('',(-2.25,0.84,1.025));
#7717 = CIRCLE('',#7718,0.3);
#7718 = AXIS2_PLACEMENT_3D('',#7719,#7720,#7721);
#7719 = CARTESIAN_POINT('',(-2.25,0.84,0.725));
#7720 = DIRECTION('',(1.144237745222E-17,1.,7.703719777549E-34));
#7721 = DIRECTION('',(-0.984807753012,1.126854202784E-17,0.173648177667)
  );
#7722 = ORIENTED_EDGE('',*,*,#7723,.T.);
#7723 = EDGE_CURVE('',#7715,#6311,#7724,.T.);
#7724 = LINE('',#7725,#7726);
#7725 = CARTESIAN_POINT('',(-2.25,0.84,1.025));
#7726 = VECTOR('',#7727,1.);
#7727 = DIRECTION('',(1.,-1.144237745222E-17,0.));
#7728 = PLANE('',#7729);
#7729 = AXIS2_PLACEMENT_3D('',#7730,#7731,#7732);
#7730 = CARTESIAN_POINT('',(-2.42560961319,0.84,0.548953137803));
#7731 = DIRECTION('',(1.144237745222E-17,1.,0.));
#7732 = DIRECTION('',(0.,-0.,1.));
#7733 = ADVANCED_FACE('',(#7734),#7745,.F.);
#7734 = FACE_BOUND('',#7735,.F.);
#7735 = EDGE_LOOP('',(#7736,#7737,#7738,#7739));
#7736 = ORIENTED_EDGE('',*,*,#6327,.T.);
#7737 = ORIENTED_EDGE('',*,*,#6747,.T.);
#7738 = ORIENTED_EDGE('',*,*,#6811,.F.);
#7739 = ORIENTED_EDGE('',*,*,#7740,.F.);
#7740 = EDGE_CURVE('',#6311,#6804,#7741,.T.);
#7741 = LINE('',#7742,#7743);
#7742 = CARTESIAN_POINT('',(-2.25,0.84,1.025));
#7743 = VECTOR('',#7744,1.);
#7744 = DIRECTION('',(1.,-1.144237745222E-17,0.));
#7745 = PLANE('',#7746);
#7746 = AXIS2_PLACEMENT_3D('',#7747,#7748,#7749);
#7747 = CARTESIAN_POINT('',(-3.027078129022E-16,2.4125,1.025));
#7748 = DIRECTION('',(2.007919022429E-31,-7.713306628828E-27,-1.));
#7749 = DIRECTION('',(1.,1.112083013911E-16,2.00791902242E-31));
#7750 = ADVANCED_FACE('',(#7751),#7830,.F.);
#7751 = FACE_BOUND('',#7752,.F.);
#7752 = EDGE_LOOP('',(#7753,#7754,#7755,#7764,#7772,#7781,#7789,#7797,
    #7805,#7814,#7822,#7829));
#7753 = ORIENTED_EDGE('',*,*,#6319,.F.);
#7754 = ORIENTED_EDGE('',*,*,#6341,.T.);
#7755 = ORIENTED_EDGE('',*,*,#7756,.T.);
#7756 = EDGE_CURVE('',#6342,#7757,#7759,.T.);
#7757 = VERTEX_POINT('',#7758);
#7758 = CARTESIAN_POINT('',(-2.348480775301,1.7,0.742364817767));
#7759 = CIRCLE('',#7760,0.1);
#7760 = AXIS2_PLACEMENT_3D('',#7761,#7762,#7763);
#7761 = CARTESIAN_POINT('',(-2.25,1.7,0.725));
#7762 = DIRECTION('',(-1.144237745222E-17,-1.,3.284293275761E-47));
#7763 = DIRECTION('',(-4.440892098501E-15,5.081436361563E-32,1.));
#7764 = ORIENTED_EDGE('',*,*,#7765,.T.);
#7765 = EDGE_CURVE('',#7757,#7766,#7768,.T.);
#7766 = VERTEX_POINT('',#7767);
#7767 = CARTESIAN_POINT('',(-2.429496640897,1.7,0.2479055467));
#7768 = LINE('',#7769,#7770);
#7769 = CARTESIAN_POINT('',(-2.348480775301,1.7,0.742364817767));
#7770 = VECTOR('',#7771,1.);
#7771 = DIRECTION('',(-0.161691392282,1.85013394127E-18,-0.986841372087)
  );
#7772 = ORIENTED_EDGE('',*,*,#7773,.T.);
#7773 = EDGE_CURVE('',#7766,#7774,#7776,.T.);
#7774 = VERTEX_POINT('',#7775);
#7775 = CARTESIAN_POINT('',(-2.724938966801,1.7,-1.665334536938E-16));
#7776 = CIRCLE('',#7777,0.3);
#7777 = AXIS2_PLACEMENT_3D('',#7778,#7779,#7780);
#7778 = CARTESIAN_POINT('',(-2.724938966801,1.7,0.3));
#7779 = DIRECTION('',(1.144237745222E-17,1.,7.703719777549E-34));
#7780 = DIRECTION('',(0.984807753012,-1.126854202784E-17,-0.173648177667
    ));
#7781 = ORIENTED_EDGE('',*,*,#7782,.T.);
#7782 = EDGE_CURVE('',#7774,#7783,#7785,.T.);
#7783 = VERTEX_POINT('',#7784);
#7784 = CARTESIAN_POINT('',(-3.,1.7,-1.665334536938E-16));
#7785 = LINE('',#7786,#7787);
#7786 = CARTESIAN_POINT('',(-2.724938966801,1.7,-1.665334536938E-16));
#7787 = VECTOR('',#7788,1.);
#7788 = DIRECTION('',(-1.,1.144237745222E-17,0.));
#7789 = ORIENTED_EDGE('',*,*,#7790,.T.);
#7790 = EDGE_CURVE('',#7783,#7791,#7793,.T.);
#7791 = VERTEX_POINT('',#7792);
#7792 = CARTESIAN_POINT('',(-3.,1.7,0.2));
#7793 = LINE('',#7794,#7795);
#7794 = CARTESIAN_POINT('',(-3.,1.7,-1.665334536938E-16));
#7795 = VECTOR('',#7796,1.);
#7796 = DIRECTION('',(0.,0.,1.));
#7797 = ORIENTED_EDGE('',*,*,#7798,.T.);
#7798 = EDGE_CURVE('',#7791,#7799,#7801,.T.);
#7799 = VERTEX_POINT('',#7800);
#7800 = CARTESIAN_POINT('',(-2.724938966801,1.7,0.2));
#7801 = LINE('',#7802,#7803);
#7802 = CARTESIAN_POINT('',(-3.,1.7,0.2));
#7803 = VECTOR('',#7804,1.);
#7804 = DIRECTION('',(1.,-1.144237745222E-17,0.));
#7805 = ORIENTED_EDGE('',*,*,#7806,.T.);
#7806 = EDGE_CURVE('',#7799,#7807,#7809,.T.);
#7807 = VERTEX_POINT('',#7808);
#7808 = CARTESIAN_POINT('',(-2.6264581915,1.7,0.282635182233));
#7809 = CIRCLE('',#7810,0.1);
#7810 = AXIS2_PLACEMENT_3D('',#7811,#7812,#7813);
#7811 = CARTESIAN_POINT('',(-2.724938966801,1.7,0.3));
#7812 = DIRECTION('',(-1.144237745222E-17,-1.,-0.));
#7813 = DIRECTION('',(0.,0.,-1.));
#7814 = ORIENTED_EDGE('',*,*,#7815,.T.);
#7815 = EDGE_CURVE('',#7807,#7816,#7818,.T.);
#7816 = VERTEX_POINT('',#7817);
#7817 = CARTESIAN_POINT('',(-2.545442325904,1.7,0.7770944533));
#7818 = LINE('',#7819,#7820);
#7819 = CARTESIAN_POINT('',(-2.6264581915,1.7,0.282635182233));
#7820 = VECTOR('',#7821,1.);
#7821 = DIRECTION('',(0.161691392282,-1.85013394127E-18,0.986841372087)
  );
#7822 = ORIENTED_EDGE('',*,*,#7823,.T.);
#7823 = EDGE_CURVE('',#7816,#6717,#7824,.T.);
#7824 = CIRCLE('',#7825,0.3);
#7825 = AXIS2_PLACEMENT_3D('',#7826,#7827,#7828);
#7826 = CARTESIAN_POINT('',(-2.25,1.7,0.725));
#7827 = DIRECTION('',(1.144237745222E-17,1.,7.703719777549E-34));
#7828 = DIRECTION('',(-0.984807753012,1.126854202784E-17,0.173648177667)
  );
#7829 = ORIENTED_EDGE('',*,*,#6716,.T.);
#7830 = PLANE('',#7831);
#7831 = AXIS2_PLACEMENT_3D('',#7832,#7833,#7834);
#7832 = CARTESIAN_POINT('',(-2.42560961319,1.7,0.548953137803));
#7833 = DIRECTION('',(1.144237745222E-17,1.,0.));
#7834 = DIRECTION('',(0.,-0.,1.));
#7835 = ADVANCED_FACE('',(#7836),#7855,.F.);
#7836 = FACE_BOUND('',#7837,.F.);
#7837 = EDGE_LOOP('',(#7838,#7839,#7848,#7854));
#7838 = ORIENTED_EDGE('',*,*,#6358,.T.);
#7839 = ORIENTED_EDGE('',*,*,#7840,.T.);
#7840 = EDGE_CURVE('',#6351,#7841,#7843,.T.);
#7841 = VERTEX_POINT('',#7842);
#7842 = CARTESIAN_POINT('',(-2.348480775301,2.11,0.742364817767));
#7843 = CIRCLE('',#7844,0.1);
#7844 = AXIS2_PLACEMENT_3D('',#7845,#7846,#7847);
#7845 = CARTESIAN_POINT('',(-2.25,2.11,0.725));
#7846 = DIRECTION('',(-1.144237745222E-17,-1.,3.284293275761E-47));
#7847 = DIRECTION('',(-4.440892098501E-15,5.081436361563E-32,1.));
#7848 = ORIENTED_EDGE('',*,*,#7849,.F.);
#7849 = EDGE_CURVE('',#7757,#7841,#7850,.T.);
#7850 = LINE('',#7851,#7852);
#7851 = CARTESIAN_POINT('',(-2.348480775301,1.7,0.742364817767));
#7852 = VECTOR('',#7853,1.);
#7853 = DIRECTION('',(1.144237745222E-17,1.,0.));
#7854 = ORIENTED_EDGE('',*,*,#7756,.F.);
#7855 = CYLINDRICAL_SURFACE('',#7856,0.1);
#7856 = AXIS2_PLACEMENT_3D('',#7857,#7858,#7859);
#7857 = CARTESIAN_POINT('',(-2.25,1.7,0.725));
#7858 = DIRECTION('',(-1.144237745222E-17,-1.,0.));
#7859 = DIRECTION('',(-4.440892098501E-15,5.081436361563E-32,1.));
#7860 = ADVANCED_FACE('',(#7861),#7932,.T.);
#7861 = FACE_BOUND('',#7862,.T.);
#7862 = EDGE_LOOP('',(#7863,#7864,#7865,#7866,#7874,#7883,#7891,#7899,
    #7907,#7916,#7924,#7931));
#7863 = ORIENTED_EDGE('',*,*,#6372,.F.);
#7864 = ORIENTED_EDGE('',*,*,#6350,.T.);
#7865 = ORIENTED_EDGE('',*,*,#7840,.T.);
#7866 = ORIENTED_EDGE('',*,*,#7867,.T.);
#7867 = EDGE_CURVE('',#7841,#7868,#7870,.T.);
#7868 = VERTEX_POINT('',#7869);
#7869 = CARTESIAN_POINT('',(-2.429496640897,2.11,0.2479055467));
#7870 = LINE('',#7871,#7872);
#7871 = CARTESIAN_POINT('',(-2.348480775301,2.11,0.742364817767));
#7872 = VECTOR('',#7873,1.);
#7873 = DIRECTION('',(-0.161691392282,1.85013394127E-18,-0.986841372087)
  );
#7874 = ORIENTED_EDGE('',*,*,#7875,.T.);
#7875 = EDGE_CURVE('',#7868,#7876,#7878,.T.);
#7876 = VERTEX_POINT('',#7877);
#7877 = CARTESIAN_POINT('',(-2.724938966801,2.11,-1.665334536938E-16));
#7878 = CIRCLE('',#7879,0.3);
#7879 = AXIS2_PLACEMENT_3D('',#7880,#7881,#7882);
#7880 = CARTESIAN_POINT('',(-2.724938966801,2.11,0.3));
#7881 = DIRECTION('',(1.144237745222E-17,1.,7.703719777549E-34));
#7882 = DIRECTION('',(0.984807753012,-1.126854202784E-17,-0.173648177667
    ));
#7883 = ORIENTED_EDGE('',*,*,#7884,.T.);
#7884 = EDGE_CURVE('',#7876,#7885,#7887,.T.);
#7885 = VERTEX_POINT('',#7886);
#7886 = CARTESIAN_POINT('',(-3.,2.11,-1.665334536938E-16));
#7887 = LINE('',#7888,#7889);
#7888 = CARTESIAN_POINT('',(-2.724938966801,2.11,-1.665334536938E-16));
#7889 = VECTOR('',#7890,1.);
#7890 = DIRECTION('',(-1.,1.144237745222E-17,0.));
#7891 = ORIENTED_EDGE('',*,*,#7892,.T.);
#7892 = EDGE_CURVE('',#7885,#7893,#7895,.T.);
#7893 = VERTEX_POINT('',#7894);
#7894 = CARTESIAN_POINT('',(-3.,2.11,0.2));
#7895 = LINE('',#7896,#7897);
#7896 = CARTESIAN_POINT('',(-3.,2.11,-1.665334536938E-16));
#7897 = VECTOR('',#7898,1.);
#7898 = DIRECTION('',(0.,0.,1.));
#7899 = ORIENTED_EDGE('',*,*,#7900,.T.);
#7900 = EDGE_CURVE('',#7893,#7901,#7903,.T.);
#7901 = VERTEX_POINT('',#7902);
#7902 = CARTESIAN_POINT('',(-2.724938966801,2.11,0.2));
#7903 = LINE('',#7904,#7905);
#7904 = CARTESIAN_POINT('',(-3.,2.11,0.2));
#7905 = VECTOR('',#7906,1.);
#7906 = DIRECTION('',(1.,-1.144237745222E-17,0.));
#7907 = ORIENTED_EDGE('',*,*,#7908,.T.);
#7908 = EDGE_CURVE('',#7901,#7909,#7911,.T.);
#7909 = VERTEX_POINT('',#7910);
#7910 = CARTESIAN_POINT('',(-2.6264581915,2.11,0.282635182233));
#7911 = CIRCLE('',#7912,0.1);
#7912 = AXIS2_PLACEMENT_3D('',#7913,#7914,#7915);
#7913 = CARTESIAN_POINT('',(-2.724938966801,2.11,0.3));
#7914 = DIRECTION('',(-1.144237745222E-17,-1.,-0.));
#7915 = DIRECTION('',(0.,0.,-1.));
#7916 = ORIENTED_EDGE('',*,*,#7917,.T.);
#7917 = EDGE_CURVE('',#7909,#7918,#7920,.T.);
#7918 = VERTEX_POINT('',#7919);
#7919 = CARTESIAN_POINT('',(-2.545442325904,2.11,0.7770944533));
#7920 = LINE('',#7921,#7922);
#7921 = CARTESIAN_POINT('',(-2.6264581915,2.11,0.282635182233));
#7922 = VECTOR('',#7923,1.);
#7923 = DIRECTION('',(0.161691392282,-1.85013394127E-18,0.986841372087)
  );
#7924 = ORIENTED_EDGE('',*,*,#7925,.T.);
#7925 = EDGE_CURVE('',#7918,#6725,#7926,.T.);
#7926 = CIRCLE('',#7927,0.3);
#7927 = AXIS2_PLACEMENT_3D('',#7928,#7929,#7930);
#7928 = CARTESIAN_POINT('',(-2.25,2.11,0.725));
#7929 = DIRECTION('',(1.144237745222E-17,1.,7.703719777549E-34));
#7930 = DIRECTION('',(-0.984807753012,1.126854202784E-17,0.173648177667)
  );
#7931 = ORIENTED_EDGE('',*,*,#6732,.T.);
#7932 = PLANE('',#7933);
#7933 = AXIS2_PLACEMENT_3D('',#7934,#7935,#7936);
#7934 = CARTESIAN_POINT('',(-2.42560961319,2.11,0.548953137803));
#7935 = DIRECTION('',(1.144237745222E-17,1.,0.));
#7936 = DIRECTION('',(0.,-0.,1.));
#7937 = ADVANCED_FACE('',(#7938),#8017,.F.);
#7938 = FACE_BOUND('',#7939,.F.);
#7939 = EDGE_LOOP('',(#7940,#7941,#7942,#7951,#7959,#7968,#7976,#7984,
    #7992,#8001,#8009,#8016));
#7940 = ORIENTED_EDGE('',*,*,#6391,.F.);
#7941 = ORIENTED_EDGE('',*,*,#6406,.T.);
#7942 = ORIENTED_EDGE('',*,*,#7943,.T.);
#7943 = EDGE_CURVE('',#6407,#7944,#7946,.T.);
#7944 = VERTEX_POINT('',#7945);
#7945 = CARTESIAN_POINT('',(2.348480775301,2.11,0.742364817767));
#7946 = CIRCLE('',#7947,0.1);
#7947 = AXIS2_PLACEMENT_3D('',#7948,#7949,#7950);
#7948 = CARTESIAN_POINT('',(2.25,2.11,0.725));
#7949 = DIRECTION('',(-1.110223024625E-16,1.,0.));
#7950 = DIRECTION('',(4.440892098501E-15,4.930380657631E-31,1.));
#7951 = ORIENTED_EDGE('',*,*,#7952,.T.);
#7952 = EDGE_CURVE('',#7944,#7953,#7955,.T.);
#7953 = VERTEX_POINT('',#7954);
#7954 = CARTESIAN_POINT('',(2.429496640897,2.11,0.2479055467));
#7955 = LINE('',#7956,#7957);
#7956 = CARTESIAN_POINT('',(2.348480775301,2.11,0.742364817767));
#7957 = VECTOR('',#7958,1.);
#7958 = DIRECTION('',(0.161691392282,1.795135065956E-17,-0.986841372087)
  );
#7959 = ORIENTED_EDGE('',*,*,#7960,.T.);
#7960 = EDGE_CURVE('',#7953,#7961,#7963,.T.);
#7961 = VERTEX_POINT('',#7962);
#7962 = CARTESIAN_POINT('',(2.724938966801,2.11,-1.665334536938E-16));
#7963 = CIRCLE('',#7964,0.3);
#7964 = AXIS2_PLACEMENT_3D('',#7965,#7966,#7967);
#7965 = CARTESIAN_POINT('',(2.724938966801,2.11,0.3));
#7966 = DIRECTION('',(1.110223024625E-16,-1.,0.));
#7967 = DIRECTION('',(-0.984807753012,-1.093356242223E-16,
    -0.173648177667));
#7968 = ORIENTED_EDGE('',*,*,#7969,.T.);
#7969 = EDGE_CURVE('',#7961,#7970,#7972,.T.);
#7970 = VERTEX_POINT('',#7971);
#7971 = CARTESIAN_POINT('',(3.,2.11,-1.665334536938E-16));
#7972 = LINE('',#7973,#7974);
#7973 = CARTESIAN_POINT('',(2.724938966801,2.11,-1.665334536938E-16));
#7974 = VECTOR('',#7975,1.);
#7975 = DIRECTION('',(1.,1.110223024625E-16,0.));
#7976 = ORIENTED_EDGE('',*,*,#7977,.T.);
#7977 = EDGE_CURVE('',#7970,#7978,#7980,.T.);
#7978 = VERTEX_POINT('',#7979);
#7979 = CARTESIAN_POINT('',(3.,2.11,0.2));
#7980 = LINE('',#7981,#7982);
#7981 = CARTESIAN_POINT('',(3.,2.11,-1.665334536938E-16));
#7982 = VECTOR('',#7983,1.);
#7983 = DIRECTION('',(0.,0.,1.));
#7984 = ORIENTED_EDGE('',*,*,#7985,.T.);
#7985 = EDGE_CURVE('',#7978,#7986,#7988,.T.);
#7986 = VERTEX_POINT('',#7987);
#7987 = CARTESIAN_POINT('',(2.724938966801,2.11,0.2));
#7988 = LINE('',#7989,#7990);
#7989 = CARTESIAN_POINT('',(3.,2.11,0.2));
#7990 = VECTOR('',#7991,1.);
#7991 = DIRECTION('',(-1.,-1.110223024625E-16,0.));
#7992 = ORIENTED_EDGE('',*,*,#7993,.T.);
#7993 = EDGE_CURVE('',#7986,#7994,#7996,.T.);
#7994 = VERTEX_POINT('',#7995);
#7995 = CARTESIAN_POINT('',(2.6264581915,2.11,0.282635182233));
#7996 = CIRCLE('',#7997,0.1);
#7997 = AXIS2_PLACEMENT_3D('',#7998,#7999,#8000);
#7998 = CARTESIAN_POINT('',(2.724938966801,2.11,0.3));
#7999 = DIRECTION('',(-1.110223024625E-16,1.,0.));
#8000 = DIRECTION('',(0.,0.,-1.));
#8001 = ORIENTED_EDGE('',*,*,#8002,.T.);
#8002 = EDGE_CURVE('',#7994,#8003,#8005,.T.);
#8003 = VERTEX_POINT('',#8004);
#8004 = CARTESIAN_POINT('',(2.545442325904,2.11,0.7770944533));
#8005 = LINE('',#8006,#8007);
#8006 = CARTESIAN_POINT('',(2.6264581915,2.11,0.282635182233));
#8007 = VECTOR('',#8008,1.);
#8008 = DIRECTION('',(-0.161691392282,-1.795135065956E-17,0.986841372087
    ));
#8009 = ORIENTED_EDGE('',*,*,#8010,.T.);
#8010 = EDGE_CURVE('',#8003,#7004,#8011,.T.);
#8011 = CIRCLE('',#8012,0.3);
#8012 = AXIS2_PLACEMENT_3D('',#8013,#8014,#8015);
#8013 = CARTESIAN_POINT('',(2.25,2.11,0.725));
#8014 = DIRECTION('',(1.110223024625E-16,-1.,0.));
#8015 = DIRECTION('',(0.984807753012,1.093356242223E-16,0.173648177667)
  );
#8016 = ORIENTED_EDGE('',*,*,#7003,.T.);
#8017 = PLANE('',#8018);
#8018 = AXIS2_PLACEMENT_3D('',#8019,#8020,#8021);
#8019 = CARTESIAN_POINT('',(2.42560961319,2.11,0.548953137803));
#8020 = DIRECTION('',(1.110223024625E-16,-1.,0.));
#8021 = DIRECTION('',(0.,0.,1.));
#8022 = ADVANCED_FACE('',(#8023),#8042,.F.);
#8023 = FACE_BOUND('',#8024,.F.);
#8024 = EDGE_LOOP('',(#8025,#8026,#8035,#8041));
#8025 = ORIENTED_EDGE('',*,*,#6423,.T.);
#8026 = ORIENTED_EDGE('',*,*,#8027,.T.);
#8027 = EDGE_CURVE('',#6416,#8028,#8030,.T.);
#8028 = VERTEX_POINT('',#8029);
#8029 = CARTESIAN_POINT('',(2.348480775301,1.7,0.742364817767));
#8030 = CIRCLE('',#8031,0.1);
#8031 = AXIS2_PLACEMENT_3D('',#8032,#8033,#8034);
#8032 = CARTESIAN_POINT('',(2.25,1.7,0.725));
#8033 = DIRECTION('',(-1.110223024625E-16,1.,0.));
#8034 = DIRECTION('',(4.440892098501E-15,4.930380657631E-31,1.));
#8035 = ORIENTED_EDGE('',*,*,#8036,.F.);
#8036 = EDGE_CURVE('',#7944,#8028,#8037,.T.);
#8037 = LINE('',#8038,#8039);
#8038 = CARTESIAN_POINT('',(2.348480775301,2.11,0.742364817767));
#8039 = VECTOR('',#8040,1.);
#8040 = DIRECTION('',(1.110223024625E-16,-1.,0.));
#8041 = ORIENTED_EDGE('',*,*,#7943,.F.);
#8042 = CYLINDRICAL_SURFACE('',#8043,0.1);
#8043 = AXIS2_PLACEMENT_3D('',#8044,#8045,#8046);
#8044 = CARTESIAN_POINT('',(2.25,2.11,0.725));
#8045 = DIRECTION('',(-1.110223024625E-16,1.,0.));
#8046 = DIRECTION('',(4.440892098501E-15,4.930380657631E-31,1.));
#8047 = ADVANCED_FACE('',(#8048),#8119,.T.);
#8048 = FACE_BOUND('',#8049,.T.);
#8049 = EDGE_LOOP('',(#8050,#8051,#8052,#8053,#8061,#8070,#8078,#8086,
    #8094,#8103,#8111,#8118));
#8050 = ORIENTED_EDGE('',*,*,#6437,.F.);
#8051 = ORIENTED_EDGE('',*,*,#6415,.T.);
#8052 = ORIENTED_EDGE('',*,*,#8027,.T.);
#8053 = ORIENTED_EDGE('',*,*,#8054,.T.);
#8054 = EDGE_CURVE('',#8028,#8055,#8057,.T.);
#8055 = VERTEX_POINT('',#8056);
#8056 = CARTESIAN_POINT('',(2.429496640897,1.7,0.2479055467));
#8057 = LINE('',#8058,#8059);
#8058 = CARTESIAN_POINT('',(2.348480775301,1.7,0.742364817767));
#8059 = VECTOR('',#8060,1.);
#8060 = DIRECTION('',(0.161691392282,1.795135065956E-17,-0.986841372087)
  );
#8061 = ORIENTED_EDGE('',*,*,#8062,.T.);
#8062 = EDGE_CURVE('',#8055,#8063,#8065,.T.);
#8063 = VERTEX_POINT('',#8064);
#8064 = CARTESIAN_POINT('',(2.724938966801,1.7,-1.665334536938E-16));
#8065 = CIRCLE('',#8066,0.3);
#8066 = AXIS2_PLACEMENT_3D('',#8067,#8068,#8069);
#8067 = CARTESIAN_POINT('',(2.724938966801,1.7,0.3));
#8068 = DIRECTION('',(1.110223024625E-16,-1.,0.));
#8069 = DIRECTION('',(-0.984807753012,-1.093356242223E-16,
    -0.173648177667));
#8070 = ORIENTED_EDGE('',*,*,#8071,.T.);
#8071 = EDGE_CURVE('',#8063,#8072,#8074,.T.);
#8072 = VERTEX_POINT('',#8073);
#8073 = CARTESIAN_POINT('',(3.,1.7,-1.665334536938E-16));
#8074 = LINE('',#8075,#8076);
#8075 = CARTESIAN_POINT('',(2.724938966801,1.7,-1.665334536938E-16));
#8076 = VECTOR('',#8077,1.);
#8077 = DIRECTION('',(1.,1.110223024625E-16,0.));
#8078 = ORIENTED_EDGE('',*,*,#8079,.T.);
#8079 = EDGE_CURVE('',#8072,#8080,#8082,.T.);
#8080 = VERTEX_POINT('',#8081);
#8081 = CARTESIAN_POINT('',(3.,1.7,0.2));
#8082 = LINE('',#8083,#8084);
#8083 = CARTESIAN_POINT('',(3.,1.7,-1.665334536938E-16));
#8084 = VECTOR('',#8085,1.);
#8085 = DIRECTION('',(0.,0.,1.));
#8086 = ORIENTED_EDGE('',*,*,#8087,.T.);
#8087 = EDGE_CURVE('',#8080,#8088,#8090,.T.);
#8088 = VERTEX_POINT('',#8089);
#8089 = CARTESIAN_POINT('',(2.724938966801,1.7,0.2));
#8090 = LINE('',#8091,#8092);
#8091 = CARTESIAN_POINT('',(3.,1.7,0.2));
#8092 = VECTOR('',#8093,1.);
#8093 = DIRECTION('',(-1.,-1.110223024625E-16,0.));
#8094 = ORIENTED_EDGE('',*,*,#8095,.T.);
#8095 = EDGE_CURVE('',#8088,#8096,#8098,.T.);
#8096 = VERTEX_POINT('',#8097);
#8097 = CARTESIAN_POINT('',(2.6264581915,1.7,0.282635182233));
#8098 = CIRCLE('',#8099,0.1);
#8099 = AXIS2_PLACEMENT_3D('',#8100,#8101,#8102);
#8100 = CARTESIAN_POINT('',(2.724938966801,1.7,0.3));
#8101 = DIRECTION('',(-1.110223024625E-16,1.,0.));
#8102 = DIRECTION('',(0.,0.,-1.));
#8103 = ORIENTED_EDGE('',*,*,#8104,.T.);
#8104 = EDGE_CURVE('',#8096,#8105,#8107,.T.);
#8105 = VERTEX_POINT('',#8106);
#8106 = CARTESIAN_POINT('',(2.545442325904,1.7,0.7770944533));
#8107 = LINE('',#8108,#8109);
#8108 = CARTESIAN_POINT('',(2.6264581915,1.7,0.282635182233));
#8109 = VECTOR('',#8110,1.);
#8110 = DIRECTION('',(-0.161691392282,-1.795135065956E-17,0.986841372087
    ));
#8111 = ORIENTED_EDGE('',*,*,#8112,.T.);
#8112 = EDGE_CURVE('',#8105,#7012,#8113,.T.);
#8113 = CIRCLE('',#8114,0.3);
#8114 = AXIS2_PLACEMENT_3D('',#8115,#8116,#8117);
#8115 = CARTESIAN_POINT('',(2.25,1.7,0.725));
#8116 = DIRECTION('',(1.110223024625E-16,-1.,0.));
#8117 = DIRECTION('',(0.984807753012,1.093356242223E-16,0.173648177667)
  );
#8118 = ORIENTED_EDGE('',*,*,#7019,.T.);
#8119 = PLANE('',#8120);
#8120 = AXIS2_PLACEMENT_3D('',#8121,#8122,#8123);
#8121 = CARTESIAN_POINT('',(2.42560961319,1.7,0.548953137803));
#8122 = DIRECTION('',(1.110223024625E-16,-1.,0.));
#8123 = DIRECTION('',(0.,0.,1.));
#8124 = ADVANCED_FACE('',(#8125),#8136,.F.);
#8125 = FACE_BOUND('',#8126,.F.);
#8126 = EDGE_LOOP('',(#8127,#8128,#8129,#8135));
#8127 = ORIENTED_EDGE('',*,*,#7025,.F.);
#8128 = ORIENTED_EDGE('',*,*,#6454,.T.);
#8129 = ORIENTED_EDGE('',*,*,#8130,.T.);
#8130 = EDGE_CURVE('',#6447,#6926,#8131,.T.);
#8131 = LINE('',#8132,#8133);
#8132 = CARTESIAN_POINT('',(2.25,0.84,1.025));
#8133 = VECTOR('',#8134,1.);
#8134 = DIRECTION('',(-1.,-1.110223024625E-16,0.));
#8135 = ORIENTED_EDGE('',*,*,#6925,.F.);
#8136 = PLANE('',#8137);
#8137 = AXIS2_PLACEMENT_3D('',#8138,#8139,#8140);
#8138 = CARTESIAN_POINT('',(-3.027078129022E-16,2.4125,1.025));
#8139 = DIRECTION('',(2.007919022429E-31,-7.713306628828E-27,-1.));
#8140 = DIRECTION('',(1.,1.112083013911E-16,2.00791902242E-31));
#8141 = ADVANCED_FACE('',(#8142),#8228,.F.);
#8142 = FACE_BOUND('',#8143,.F.);
#8143 = EDGE_LOOP('',(#8144,#8145,#8146,#8155,#8163,#8172,#8180,#8188,
    #8196,#8205,#8213,#8222));
#8144 = ORIENTED_EDGE('',*,*,#6446,.F.);
#8145 = ORIENTED_EDGE('',*,*,#6468,.T.);
#8146 = ORIENTED_EDGE('',*,*,#8147,.T.);
#8147 = EDGE_CURVE('',#6469,#8148,#8150,.T.);
#8148 = VERTEX_POINT('',#8149);
#8149 = CARTESIAN_POINT('',(2.348480775301,0.84,0.742364817767));
#8150 = CIRCLE('',#8151,0.1);
#8151 = AXIS2_PLACEMENT_3D('',#8152,#8153,#8154);
#8152 = CARTESIAN_POINT('',(2.25,0.84,0.725));
#8153 = DIRECTION('',(-1.110223024625E-16,1.,0.));
#8154 = DIRECTION('',(4.440892098501E-15,4.930380657631E-31,1.));
#8155 = ORIENTED_EDGE('',*,*,#8156,.T.);
#8156 = EDGE_CURVE('',#8148,#8157,#8159,.T.);
#8157 = VERTEX_POINT('',#8158);
#8158 = CARTESIAN_POINT('',(2.429496640897,0.84,0.2479055467));
#8159 = LINE('',#8160,#8161);
#8160 = CARTESIAN_POINT('',(2.348480775301,0.84,0.742364817767));
#8161 = VECTOR('',#8162,1.);
#8162 = DIRECTION('',(0.161691392282,1.795135065956E-17,-0.986841372087)
  );
#8163 = ORIENTED_EDGE('',*,*,#8164,.T.);
#8164 = EDGE_CURVE('',#8157,#8165,#8167,.T.);
#8165 = VERTEX_POINT('',#8166);
#8166 = CARTESIAN_POINT('',(2.724938966801,0.84,-1.665334536938E-16));
#8167 = CIRCLE('',#8168,0.3);
#8168 = AXIS2_PLACEMENT_3D('',#8169,#8170,#8171);
#8169 = CARTESIAN_POINT('',(2.724938966801,0.84,0.3));
#8170 = DIRECTION('',(1.110223024625E-16,-1.,0.));
#8171 = DIRECTION('',(-0.984807753012,-1.093356242223E-16,
    -0.173648177667));
#8172 = ORIENTED_EDGE('',*,*,#8173,.T.);
#8173 = EDGE_CURVE('',#8165,#8174,#8176,.T.);
#8174 = VERTEX_POINT('',#8175);
#8175 = CARTESIAN_POINT('',(3.,0.84,-1.665334536938E-16));
#8176 = LINE('',#8177,#8178);
#8177 = CARTESIAN_POINT('',(2.724938966801,0.84,-1.665334536938E-16));
#8178 = VECTOR('',#8179,1.);
#8179 = DIRECTION('',(1.,1.110223024625E-16,0.));
#8180 = ORIENTED_EDGE('',*,*,#8181,.T.);
#8181 = EDGE_CURVE('',#8174,#8182,#8184,.T.);
#8182 = VERTEX_POINT('',#8183);
#8183 = CARTESIAN_POINT('',(3.,0.84,0.2));
#8184 = LINE('',#8185,#8186);
#8185 = CARTESIAN_POINT('',(3.,0.84,-1.665334536938E-16));
#8186 = VECTOR('',#8187,1.);
#8187 = DIRECTION('',(0.,0.,1.));
#8188 = ORIENTED_EDGE('',*,*,#8189,.T.);
#8189 = EDGE_CURVE('',#8182,#8190,#8192,.T.);
#8190 = VERTEX_POINT('',#8191);
#8191 = CARTESIAN_POINT('',(2.724938966801,0.84,0.2));
#8192 = LINE('',#8193,#8194);
#8193 = CARTESIAN_POINT('',(3.,0.84,0.2));
#8194 = VECTOR('',#8195,1.);
#8195 = DIRECTION('',(-1.,-1.110223024625E-16,0.));
#8196 = ORIENTED_EDGE('',*,*,#8197,.T.);
#8197 = EDGE_CURVE('',#8190,#8198,#8200,.T.);
#8198 = VERTEX_POINT('',#8199);
#8199 = CARTESIAN_POINT('',(2.6264581915,0.84,0.282635182233));
#8200 = CIRCLE('',#8201,0.1);
#8201 = AXIS2_PLACEMENT_3D('',#8202,#8203,#8204);
#8202 = CARTESIAN_POINT('',(2.724938966801,0.84,0.3));
#8203 = DIRECTION('',(-1.110223024625E-16,1.,0.));
#8204 = DIRECTION('',(0.,0.,-1.));
#8205 = ORIENTED_EDGE('',*,*,#8206,.T.);
#8206 = EDGE_CURVE('',#8198,#8207,#8209,.T.);
#8207 = VERTEX_POINT('',#8208);
#8208 = CARTESIAN_POINT('',(2.545442325904,0.84,0.7770944533));
#8209 = LINE('',#8210,#8211);
#8210 = CARTESIAN_POINT('',(2.6264581915,0.84,0.282635182233));
#8211 = VECTOR('',#8212,1.);
#8212 = DIRECTION('',(-0.161691392282,-1.795135065956E-17,0.986841372087
    ));
#8213 = ORIENTED_EDGE('',*,*,#8214,.T.);
#8214 = EDGE_CURVE('',#8207,#8215,#8217,.T.);
#8215 = VERTEX_POINT('',#8216);
#8216 = CARTESIAN_POINT('',(2.25,0.84,1.025));
#8217 = CIRCLE('',#8218,0.3);
#8218 = AXIS2_PLACEMENT_3D('',#8219,#8220,#8221);
#8219 = CARTESIAN_POINT('',(2.25,0.84,0.725));
#8220 = DIRECTION('',(1.110223024625E-16,-1.,0.));
#8221 = DIRECTION('',(0.984807753012,1.093356242223E-16,0.173648177667)
  );
#8222 = ORIENTED_EDGE('',*,*,#8223,.T.);
#8223 = EDGE_CURVE('',#8215,#6447,#8224,.T.);
#8224 = LINE('',#8225,#8226);
#8225 = CARTESIAN_POINT('',(2.25,0.84,1.025));
#8226 = VECTOR('',#8227,1.);
#8227 = DIRECTION('',(-1.,-1.110223024625E-16,0.));
#8228 = PLANE('',#8229);
#8229 = AXIS2_PLACEMENT_3D('',#8230,#8231,#8232);
#8230 = CARTESIAN_POINT('',(2.42560961319,0.84,0.548953137803));
#8231 = DIRECTION('',(1.110223024625E-16,-1.,0.));
#8232 = DIRECTION('',(0.,0.,1.));
#8233 = ADVANCED_FACE('',(#8234),#8253,.F.);
#8234 = FACE_BOUND('',#8235,.F.);
#8235 = EDGE_LOOP('',(#8236,#8237,#8246,#8252));
#8236 = ORIENTED_EDGE('',*,*,#6485,.T.);
#8237 = ORIENTED_EDGE('',*,*,#8238,.T.);
#8238 = EDGE_CURVE('',#6478,#8239,#8241,.T.);
#8239 = VERTEX_POINT('',#8240);
#8240 = CARTESIAN_POINT('',(2.348480775301,0.43,0.742364817767));
#8241 = CIRCLE('',#8242,0.1);
#8242 = AXIS2_PLACEMENT_3D('',#8243,#8244,#8245);
#8243 = CARTESIAN_POINT('',(2.25,0.43,0.725));
#8244 = DIRECTION('',(-1.110223024625E-16,1.,0.));
#8245 = DIRECTION('',(4.440892098501E-15,4.930380657631E-31,1.));
#8246 = ORIENTED_EDGE('',*,*,#8247,.F.);
#8247 = EDGE_CURVE('',#8148,#8239,#8248,.T.);
#8248 = LINE('',#8249,#8250);
#8249 = CARTESIAN_POINT('',(2.348480775301,0.84,0.742364817767));
#8250 = VECTOR('',#8251,1.);
#8251 = DIRECTION('',(1.110223024625E-16,-1.,0.));
#8252 = ORIENTED_EDGE('',*,*,#8147,.F.);
#8253 = CYLINDRICAL_SURFACE('',#8254,0.1);
#8254 = AXIS2_PLACEMENT_3D('',#8255,#8256,#8257);
#8255 = CARTESIAN_POINT('',(2.25,0.84,0.725));
#8256 = DIRECTION('',(-1.110223024625E-16,1.,0.));
#8257 = DIRECTION('',(4.440892098501E-15,4.930380657631E-31,1.));
#8258 = ADVANCED_FACE('',(#8259),#8337,.T.);
#8259 = FACE_BOUND('',#8260,.T.);
#8260 = EDGE_LOOP('',(#8261,#8262,#8263,#8264,#8272,#8281,#8289,#8297,
    #8305,#8314,#8322,#8331));
#8261 = ORIENTED_EDGE('',*,*,#6499,.F.);
#8262 = ORIENTED_EDGE('',*,*,#6477,.T.);
#8263 = ORIENTED_EDGE('',*,*,#8238,.T.);
#8264 = ORIENTED_EDGE('',*,*,#8265,.T.);
#8265 = EDGE_CURVE('',#8239,#8266,#8268,.T.);
#8266 = VERTEX_POINT('',#8267);
#8267 = CARTESIAN_POINT('',(2.429496640897,0.43,0.2479055467));
#8268 = LINE('',#8269,#8270);
#8269 = CARTESIAN_POINT('',(2.348480775301,0.43,0.742364817767));
#8270 = VECTOR('',#8271,1.);
#8271 = DIRECTION('',(0.161691392282,1.795135065956E-17,-0.986841372087)
  );
#8272 = ORIENTED_EDGE('',*,*,#8273,.T.);
#8273 = EDGE_CURVE('',#8266,#8274,#8276,.T.);
#8274 = VERTEX_POINT('',#8275);
#8275 = CARTESIAN_POINT('',(2.724938966801,0.43,-1.665334536938E-16));
#8276 = CIRCLE('',#8277,0.3);
#8277 = AXIS2_PLACEMENT_3D('',#8278,#8279,#8280);
#8278 = CARTESIAN_POINT('',(2.724938966801,0.43,0.3));
#8279 = DIRECTION('',(1.110223024625E-16,-1.,0.));
#8280 = DIRECTION('',(-0.984807753012,-1.093356242223E-16,
    -0.173648177667));
#8281 = ORIENTED_EDGE('',*,*,#8282,.T.);
#8282 = EDGE_CURVE('',#8274,#8283,#8285,.T.);
#8283 = VERTEX_POINT('',#8284);
#8284 = CARTESIAN_POINT('',(3.,0.43,-1.665334536938E-16));
#8285 = LINE('',#8286,#8287);
#8286 = CARTESIAN_POINT('',(2.724938966801,0.43,-1.665334536938E-16));
#8287 = VECTOR('',#8288,1.);
#8288 = DIRECTION('',(1.,1.110223024625E-16,0.));
#8289 = ORIENTED_EDGE('',*,*,#8290,.T.);
#8290 = EDGE_CURVE('',#8283,#8291,#8293,.T.);
#8291 = VERTEX_POINT('',#8292);
#8292 = CARTESIAN_POINT('',(3.,0.43,0.2));
#8293 = LINE('',#8294,#8295);
#8294 = CARTESIAN_POINT('',(3.,0.43,-1.665334536938E-16));
#8295 = VECTOR('',#8296,1.);
#8296 = DIRECTION('',(0.,0.,1.));
#8297 = ORIENTED_EDGE('',*,*,#8298,.T.);
#8298 = EDGE_CURVE('',#8291,#8299,#8301,.T.);
#8299 = VERTEX_POINT('',#8300);
#8300 = CARTESIAN_POINT('',(2.724938966801,0.43,0.2));
#8301 = LINE('',#8302,#8303);
#8302 = CARTESIAN_POINT('',(3.,0.43,0.2));
#8303 = VECTOR('',#8304,1.);
#8304 = DIRECTION('',(-1.,-1.110223024625E-16,0.));
#8305 = ORIENTED_EDGE('',*,*,#8306,.T.);
#8306 = EDGE_CURVE('',#8299,#8307,#8309,.T.);
#8307 = VERTEX_POINT('',#8308);
#8308 = CARTESIAN_POINT('',(2.6264581915,0.43,0.282635182233));
#8309 = CIRCLE('',#8310,0.1);
#8310 = AXIS2_PLACEMENT_3D('',#8311,#8312,#8313);
#8311 = CARTESIAN_POINT('',(2.724938966801,0.43,0.3));
#8312 = DIRECTION('',(-1.110223024625E-16,1.,0.));
#8313 = DIRECTION('',(0.,0.,-1.));
#8314 = ORIENTED_EDGE('',*,*,#8315,.T.);
#8315 = EDGE_CURVE('',#8307,#8316,#8318,.T.);
#8316 = VERTEX_POINT('',#8317);
#8317 = CARTESIAN_POINT('',(2.545442325904,0.43,0.7770944533));
#8318 = LINE('',#8319,#8320);
#8319 = CARTESIAN_POINT('',(2.6264581915,0.43,0.282635182233));
#8320 = VECTOR('',#8321,1.);
#8321 = DIRECTION('',(-0.161691392282,-1.795135065956E-17,0.986841372087
    ));
#8322 = ORIENTED_EDGE('',*,*,#8323,.T.);
#8323 = EDGE_CURVE('',#8316,#8324,#8326,.T.);
#8324 = VERTEX_POINT('',#8325);
#8325 = CARTESIAN_POINT('',(2.25,0.43,1.025));
#8326 = CIRCLE('',#8327,0.3);
#8327 = AXIS2_PLACEMENT_3D('',#8328,#8329,#8330);
#8328 = CARTESIAN_POINT('',(2.25,0.43,0.725));
#8329 = DIRECTION('',(1.110223024625E-16,-1.,0.));
#8330 = DIRECTION('',(0.984807753012,1.093356242223E-16,0.173648177667)
  );
#8331 = ORIENTED_EDGE('',*,*,#8332,.T.);
#8332 = EDGE_CURVE('',#8324,#6500,#8333,.T.);
#8333 = LINE('',#8334,#8335);
#8334 = CARTESIAN_POINT('',(2.25,0.43,1.025));
#8335 = VECTOR('',#8336,1.);
#8336 = DIRECTION('',(-1.,-1.110223024625E-16,0.));
#8337 = PLANE('',#8338);
#8338 = AXIS2_PLACEMENT_3D('',#8339,#8340,#8341);
#8339 = CARTESIAN_POINT('',(2.42560961319,0.43,0.548953137803));
#8340 = DIRECTION('',(1.110223024625E-16,-1.,0.));
#8341 = DIRECTION('',(0.,0.,1.));
#8342 = ADVANCED_FACE('',(#8343),#8359,.F.);
#8343 = FACE_BOUND('',#8344,.F.);
#8344 = EDGE_LOOP('',(#8345,#8351,#8352,#8358));
#8345 = ORIENTED_EDGE('',*,*,#8346,.F.);
#8346 = EDGE_CURVE('',#6500,#6934,#8347,.T.);
#8347 = LINE('',#8348,#8349);
#8348 = CARTESIAN_POINT('',(2.25,0.43,1.025));
#8349 = VECTOR('',#8350,1.);
#8350 = DIRECTION('',(-1.,-1.110223024625E-16,0.));
#8351 = ORIENTED_EDGE('',*,*,#6516,.T.);
#8352 = ORIENTED_EDGE('',*,*,#8353,.T.);
#8353 = EDGE_CURVE('',#6509,#6942,#8354,.T.);
#8354 = LINE('',#8355,#8356);
#8355 = CARTESIAN_POINT('',(2.25,-0.43,1.025));
#8356 = VECTOR('',#8357,1.);
#8357 = DIRECTION('',(-1.,-1.110223024625E-16,0.));
#8358 = ORIENTED_EDGE('',*,*,#6941,.F.);
#8359 = PLANE('',#8360);
#8360 = AXIS2_PLACEMENT_3D('',#8361,#8362,#8363);
#8361 = CARTESIAN_POINT('',(-3.027078129022E-16,2.4125,1.025));
#8362 = DIRECTION('',(2.007919022429E-31,-7.713306628828E-27,-1.));
#8363 = DIRECTION('',(1.,1.112083013911E-16,2.00791902242E-31));
#8364 = ADVANCED_FACE('',(#8365),#8451,.F.);
#8365 = FACE_BOUND('',#8366,.F.);
#8366 = EDGE_LOOP('',(#8367,#8368,#8369,#8378,#8386,#8395,#8403,#8411,
    #8419,#8428,#8436,#8445));
#8367 = ORIENTED_EDGE('',*,*,#6508,.F.);
#8368 = ORIENTED_EDGE('',*,*,#6530,.T.);
#8369 = ORIENTED_EDGE('',*,*,#8370,.T.);
#8370 = EDGE_CURVE('',#6531,#8371,#8373,.T.);
#8371 = VERTEX_POINT('',#8372);
#8372 = CARTESIAN_POINT('',(2.348480775301,-0.43,0.742364817767));
#8373 = CIRCLE('',#8374,0.1);
#8374 = AXIS2_PLACEMENT_3D('',#8375,#8376,#8377);
#8375 = CARTESIAN_POINT('',(2.25,-0.43,0.725));
#8376 = DIRECTION('',(-1.110223024625E-16,1.,0.));
#8377 = DIRECTION('',(4.440892098501E-15,4.930380657631E-31,1.));
#8378 = ORIENTED_EDGE('',*,*,#8379,.T.);
#8379 = EDGE_CURVE('',#8371,#8380,#8382,.T.);
#8380 = VERTEX_POINT('',#8381);
#8381 = CARTESIAN_POINT('',(2.429496640897,-0.43,0.2479055467));
#8382 = LINE('',#8383,#8384);
#8383 = CARTESIAN_POINT('',(2.348480775301,-0.43,0.742364817767));
#8384 = VECTOR('',#8385,1.);
#8385 = DIRECTION('',(0.161691392282,1.795135065956E-17,-0.986841372087)
  );
#8386 = ORIENTED_EDGE('',*,*,#8387,.T.);
#8387 = EDGE_CURVE('',#8380,#8388,#8390,.T.);
#8388 = VERTEX_POINT('',#8389);
#8389 = CARTESIAN_POINT('',(2.724938966801,-0.43,-1.665334536938E-16));
#8390 = CIRCLE('',#8391,0.3);
#8391 = AXIS2_PLACEMENT_3D('',#8392,#8393,#8394);
#8392 = CARTESIAN_POINT('',(2.724938966801,-0.43,0.3));
#8393 = DIRECTION('',(1.110223024625E-16,-1.,0.));
#8394 = DIRECTION('',(-0.984807753012,-1.093356242223E-16,
    -0.173648177667));
#8395 = ORIENTED_EDGE('',*,*,#8396,.T.);
#8396 = EDGE_CURVE('',#8388,#8397,#8399,.T.);
#8397 = VERTEX_POINT('',#8398);
#8398 = CARTESIAN_POINT('',(3.,-0.43,-1.665334536938E-16));
#8399 = LINE('',#8400,#8401);
#8400 = CARTESIAN_POINT('',(2.724938966801,-0.43,-1.665334536938E-16));
#8401 = VECTOR('',#8402,1.);
#8402 = DIRECTION('',(1.,1.110223024625E-16,0.));
#8403 = ORIENTED_EDGE('',*,*,#8404,.T.);
#8404 = EDGE_CURVE('',#8397,#8405,#8407,.T.);
#8405 = VERTEX_POINT('',#8406);
#8406 = CARTESIAN_POINT('',(3.,-0.43,0.2));
#8407 = LINE('',#8408,#8409);
#8408 = CARTESIAN_POINT('',(3.,-0.43,-1.665334536938E-16));
#8409 = VECTOR('',#8410,1.);
#8410 = DIRECTION('',(0.,0.,1.));
#8411 = ORIENTED_EDGE('',*,*,#8412,.T.);
#8412 = EDGE_CURVE('',#8405,#8413,#8415,.T.);
#8413 = VERTEX_POINT('',#8414);
#8414 = CARTESIAN_POINT('',(2.724938966801,-0.43,0.2));
#8415 = LINE('',#8416,#8417);
#8416 = CARTESIAN_POINT('',(3.,-0.43,0.2));
#8417 = VECTOR('',#8418,1.);
#8418 = DIRECTION('',(-1.,-1.110223024625E-16,0.));
#8419 = ORIENTED_EDGE('',*,*,#8420,.T.);
#8420 = EDGE_CURVE('',#8413,#8421,#8423,.T.);
#8421 = VERTEX_POINT('',#8422);
#8422 = CARTESIAN_POINT('',(2.6264581915,-0.43,0.282635182233));
#8423 = CIRCLE('',#8424,0.1);
#8424 = AXIS2_PLACEMENT_3D('',#8425,#8426,#8427);
#8425 = CARTESIAN_POINT('',(2.724938966801,-0.43,0.3));
#8426 = DIRECTION('',(-1.110223024625E-16,1.,0.));
#8427 = DIRECTION('',(0.,0.,-1.));
#8428 = ORIENTED_EDGE('',*,*,#8429,.T.);
#8429 = EDGE_CURVE('',#8421,#8430,#8432,.T.);
#8430 = VERTEX_POINT('',#8431);
#8431 = CARTESIAN_POINT('',(2.545442325904,-0.43,0.7770944533));
#8432 = LINE('',#8433,#8434);
#8433 = CARTESIAN_POINT('',(2.6264581915,-0.43,0.282635182233));
#8434 = VECTOR('',#8435,1.);
#8435 = DIRECTION('',(-0.161691392282,-1.795135065956E-17,0.986841372087
    ));
#8436 = ORIENTED_EDGE('',*,*,#8437,.T.);
#8437 = EDGE_CURVE('',#8430,#8438,#8440,.T.);
#8438 = VERTEX_POINT('',#8439);
#8439 = CARTESIAN_POINT('',(2.25,-0.43,1.025));
#8440 = CIRCLE('',#8441,0.3);
#8441 = AXIS2_PLACEMENT_3D('',#8442,#8443,#8444);
#8442 = CARTESIAN_POINT('',(2.25,-0.43,0.725));
#8443 = DIRECTION('',(1.110223024625E-16,-1.,0.));
#8444 = DIRECTION('',(0.984807753012,1.093356242223E-16,0.173648177667)
  );
#8445 = ORIENTED_EDGE('',*,*,#8446,.T.);
#8446 = EDGE_CURVE('',#8438,#6509,#8447,.T.);
#8447 = LINE('',#8448,#8449);
#8448 = CARTESIAN_POINT('',(2.25,-0.43,1.025));
#8449 = VECTOR('',#8450,1.);
#8450 = DIRECTION('',(-1.,-1.110223024625E-16,0.));
#8451 = PLANE('',#8452);
#8452 = AXIS2_PLACEMENT_3D('',#8453,#8454,#8455);
#8453 = CARTESIAN_POINT('',(2.42560961319,-0.43,0.548953137803));
#8454 = DIRECTION('',(1.110223024625E-16,-1.,0.));
#8455 = DIRECTION('',(0.,0.,1.));
#8456 = ADVANCED_FACE('',(#8457),#8476,.F.);
#8457 = FACE_BOUND('',#8458,.F.);
#8458 = EDGE_LOOP('',(#8459,#8460,#8469,#8475));
#8459 = ORIENTED_EDGE('',*,*,#6547,.T.);
#8460 = ORIENTED_EDGE('',*,*,#8461,.T.);
#8461 = EDGE_CURVE('',#6540,#8462,#8464,.T.);
#8462 = VERTEX_POINT('',#8463);
#8463 = CARTESIAN_POINT('',(2.348480775301,-0.84,0.742364817767));
#8464 = CIRCLE('',#8465,0.1);
#8465 = AXIS2_PLACEMENT_3D('',#8466,#8467,#8468);
#8466 = CARTESIAN_POINT('',(2.25,-0.84,0.725));
#8467 = DIRECTION('',(-1.110223024625E-16,1.,0.));
#8468 = DIRECTION('',(4.440892098501E-15,4.930380657631E-31,1.));
#8469 = ORIENTED_EDGE('',*,*,#8470,.F.);
#8470 = EDGE_CURVE('',#8371,#8462,#8471,.T.);
#8471 = LINE('',#8472,#8473);
#8472 = CARTESIAN_POINT('',(2.348480775301,-0.43,0.742364817767));
#8473 = VECTOR('',#8474,1.);
#8474 = DIRECTION('',(1.110223024625E-16,-1.,0.));
#8475 = ORIENTED_EDGE('',*,*,#8370,.F.);
#8476 = CYLINDRICAL_SURFACE('',#8477,0.1);
#8477 = AXIS2_PLACEMENT_3D('',#8478,#8479,#8480);
#8478 = CARTESIAN_POINT('',(2.25,-0.43,0.725));
#8479 = DIRECTION('',(-1.110223024625E-16,1.,0.));
#8480 = DIRECTION('',(4.440892098501E-15,4.930380657631E-31,1.));
#8481 = ADVANCED_FACE('',(#8482),#8560,.T.);
#8482 = FACE_BOUND('',#8483,.T.);
#8483 = EDGE_LOOP('',(#8484,#8485,#8486,#8487,#8495,#8504,#8512,#8520,
    #8528,#8537,#8545,#8554));
#8484 = ORIENTED_EDGE('',*,*,#6561,.F.);
#8485 = ORIENTED_EDGE('',*,*,#6539,.T.);
#8486 = ORIENTED_EDGE('',*,*,#8461,.T.);
#8487 = ORIENTED_EDGE('',*,*,#8488,.T.);
#8488 = EDGE_CURVE('',#8462,#8489,#8491,.T.);
#8489 = VERTEX_POINT('',#8490);
#8490 = CARTESIAN_POINT('',(2.429496640897,-0.84,0.2479055467));
#8491 = LINE('',#8492,#8493);
#8492 = CARTESIAN_POINT('',(2.348480775301,-0.84,0.742364817767));
#8493 = VECTOR('',#8494,1.);
#8494 = DIRECTION('',(0.161691392282,1.795135065956E-17,-0.986841372087)
  );
#8495 = ORIENTED_EDGE('',*,*,#8496,.T.);
#8496 = EDGE_CURVE('',#8489,#8497,#8499,.T.);
#8497 = VERTEX_POINT('',#8498);
#8498 = CARTESIAN_POINT('',(2.724938966801,-0.84,-1.665334536938E-16));
#8499 = CIRCLE('',#8500,0.3);
#8500 = AXIS2_PLACEMENT_3D('',#8501,#8502,#8503);
#8501 = CARTESIAN_POINT('',(2.724938966801,-0.84,0.3));
#8502 = DIRECTION('',(1.110223024625E-16,-1.,0.));
#8503 = DIRECTION('',(-0.984807753012,-1.093356242223E-16,
    -0.173648177667));
#8504 = ORIENTED_EDGE('',*,*,#8505,.T.);
#8505 = EDGE_CURVE('',#8497,#8506,#8508,.T.);
#8506 = VERTEX_POINT('',#8507);
#8507 = CARTESIAN_POINT('',(3.,-0.84,-1.665334536938E-16));
#8508 = LINE('',#8509,#8510);
#8509 = CARTESIAN_POINT('',(2.724938966801,-0.84,-1.665334536938E-16));
#8510 = VECTOR('',#8511,1.);
#8511 = DIRECTION('',(1.,1.110223024625E-16,0.));
#8512 = ORIENTED_EDGE('',*,*,#8513,.T.);
#8513 = EDGE_CURVE('',#8506,#8514,#8516,.T.);
#8514 = VERTEX_POINT('',#8515);
#8515 = CARTESIAN_POINT('',(3.,-0.84,0.2));
#8516 = LINE('',#8517,#8518);
#8517 = CARTESIAN_POINT('',(3.,-0.84,-1.665334536938E-16));
#8518 = VECTOR('',#8519,1.);
#8519 = DIRECTION('',(0.,0.,1.));
#8520 = ORIENTED_EDGE('',*,*,#8521,.T.);
#8521 = EDGE_CURVE('',#8514,#8522,#8524,.T.);
#8522 = VERTEX_POINT('',#8523);
#8523 = CARTESIAN_POINT('',(2.724938966801,-0.84,0.2));
#8524 = LINE('',#8525,#8526);
#8525 = CARTESIAN_POINT('',(3.,-0.84,0.2));
#8526 = VECTOR('',#8527,1.);
#8527 = DIRECTION('',(-1.,-1.110223024625E-16,0.));
#8528 = ORIENTED_EDGE('',*,*,#8529,.T.);
#8529 = EDGE_CURVE('',#8522,#8530,#8532,.T.);
#8530 = VERTEX_POINT('',#8531);
#8531 = CARTESIAN_POINT('',(2.6264581915,-0.84,0.282635182233));
#8532 = CIRCLE('',#8533,0.1);
#8533 = AXIS2_PLACEMENT_3D('',#8534,#8535,#8536);
#8534 = CARTESIAN_POINT('',(2.724938966801,-0.84,0.3));
#8535 = DIRECTION('',(-1.110223024625E-16,1.,0.));
#8536 = DIRECTION('',(0.,0.,-1.));
#8537 = ORIENTED_EDGE('',*,*,#8538,.T.);
#8538 = EDGE_CURVE('',#8530,#8539,#8541,.T.);
#8539 = VERTEX_POINT('',#8540);
#8540 = CARTESIAN_POINT('',(2.545442325904,-0.84,0.7770944533));
#8541 = LINE('',#8542,#8543);
#8542 = CARTESIAN_POINT('',(2.6264581915,-0.84,0.282635182233));
#8543 = VECTOR('',#8544,1.);
#8544 = DIRECTION('',(-0.161691392282,-1.795135065956E-17,0.986841372087
    ));
#8545 = ORIENTED_EDGE('',*,*,#8546,.T.);
#8546 = EDGE_CURVE('',#8539,#8547,#8549,.T.);
#8547 = VERTEX_POINT('',#8548);
#8548 = CARTESIAN_POINT('',(2.25,-0.84,1.025));
#8549 = CIRCLE('',#8550,0.3);
#8550 = AXIS2_PLACEMENT_3D('',#8551,#8552,#8553);
#8551 = CARTESIAN_POINT('',(2.25,-0.84,0.725));
#8552 = DIRECTION('',(1.110223024625E-16,-1.,0.));
#8553 = DIRECTION('',(0.984807753012,1.093356242223E-16,0.173648177667)
  );
#8554 = ORIENTED_EDGE('',*,*,#8555,.T.);
#8555 = EDGE_CURVE('',#8547,#6562,#8556,.T.);
#8556 = LINE('',#8557,#8558);
#8557 = CARTESIAN_POINT('',(2.25,-0.84,1.025));
#8558 = VECTOR('',#8559,1.);
#8559 = DIRECTION('',(-1.,-1.110223024625E-16,0.));
#8560 = PLANE('',#8561);
#8561 = AXIS2_PLACEMENT_3D('',#8562,#8563,#8564);
#8562 = CARTESIAN_POINT('',(2.42560961319,-0.84,0.548953137803));
#8563 = DIRECTION('',(1.110223024625E-16,-1.,0.));
#8564 = DIRECTION('',(0.,0.,1.));
#8565 = ADVANCED_FACE('',(#8566),#8582,.F.);
#8566 = FACE_BOUND('',#8567,.F.);
#8567 = EDGE_LOOP('',(#8568,#8574,#8575,#8581));
#8568 = ORIENTED_EDGE('',*,*,#8569,.F.);
#8569 = EDGE_CURVE('',#6562,#6950,#8570,.T.);
#8570 = LINE('',#8571,#8572);
#8571 = CARTESIAN_POINT('',(2.25,-0.84,1.025));
#8572 = VECTOR('',#8573,1.);
#8573 = DIRECTION('',(-1.,-1.110223024625E-16,0.));
#8574 = ORIENTED_EDGE('',*,*,#6578,.T.);
#8575 = ORIENTED_EDGE('',*,*,#8576,.T.);
#8576 = EDGE_CURVE('',#6571,#6958,#8577,.T.);
#8577 = LINE('',#8578,#8579);
#8578 = CARTESIAN_POINT('',(2.25,-1.7,1.025));
#8579 = VECTOR('',#8580,1.);
#8580 = DIRECTION('',(-1.,-1.110223024625E-16,0.));
#8581 = ORIENTED_EDGE('',*,*,#6957,.F.);
#8582 = PLANE('',#8583);
#8583 = AXIS2_PLACEMENT_3D('',#8584,#8585,#8586);
#8584 = CARTESIAN_POINT('',(-3.027078129022E-16,2.4125,1.025));
#8585 = DIRECTION('',(2.007919022429E-31,-7.713306628828E-27,-1.));
#8586 = DIRECTION('',(1.,1.112083013911E-16,2.00791902242E-31));
#8587 = ADVANCED_FACE('',(#8588),#8674,.F.);
#8588 = FACE_BOUND('',#8589,.F.);
#8589 = EDGE_LOOP('',(#8590,#8591,#8592,#8601,#8609,#8618,#8626,#8634,
    #8642,#8651,#8659,#8668));
#8590 = ORIENTED_EDGE('',*,*,#6570,.F.);
#8591 = ORIENTED_EDGE('',*,*,#6592,.T.);
#8592 = ORIENTED_EDGE('',*,*,#8593,.T.);
#8593 = EDGE_CURVE('',#6593,#8594,#8596,.T.);
#8594 = VERTEX_POINT('',#8595);
#8595 = CARTESIAN_POINT('',(2.348480775301,-1.7,0.742364817767));
#8596 = CIRCLE('',#8597,0.1);
#8597 = AXIS2_PLACEMENT_3D('',#8598,#8599,#8600);
#8598 = CARTESIAN_POINT('',(2.25,-1.7,0.725));
#8599 = DIRECTION('',(-1.110223024625E-16,1.,0.));
#8600 = DIRECTION('',(4.440892098501E-15,4.930380657631E-31,1.));
#8601 = ORIENTED_EDGE('',*,*,#8602,.T.);
#8602 = EDGE_CURVE('',#8594,#8603,#8605,.T.);
#8603 = VERTEX_POINT('',#8604);
#8604 = CARTESIAN_POINT('',(2.429496640897,-1.7,0.2479055467));
#8605 = LINE('',#8606,#8607);
#8606 = CARTESIAN_POINT('',(2.348480775301,-1.7,0.742364817767));
#8607 = VECTOR('',#8608,1.);
#8608 = DIRECTION('',(0.161691392282,1.795135065956E-17,-0.986841372087)
  );
#8609 = ORIENTED_EDGE('',*,*,#8610,.T.);
#8610 = EDGE_CURVE('',#8603,#8611,#8613,.T.);
#8611 = VERTEX_POINT('',#8612);
#8612 = CARTESIAN_POINT('',(2.724938966801,-1.7,-1.665334536938E-16));
#8613 = CIRCLE('',#8614,0.3);
#8614 = AXIS2_PLACEMENT_3D('',#8615,#8616,#8617);
#8615 = CARTESIAN_POINT('',(2.724938966801,-1.7,0.3));
#8616 = DIRECTION('',(1.110223024625E-16,-1.,0.));
#8617 = DIRECTION('',(-0.984807753012,-1.093356242223E-16,
    -0.173648177667));
#8618 = ORIENTED_EDGE('',*,*,#8619,.T.);
#8619 = EDGE_CURVE('',#8611,#8620,#8622,.T.);
#8620 = VERTEX_POINT('',#8621);
#8621 = CARTESIAN_POINT('',(3.,-1.7,-1.665334536938E-16));
#8622 = LINE('',#8623,#8624);
#8623 = CARTESIAN_POINT('',(2.724938966801,-1.7,-1.665334536938E-16));
#8624 = VECTOR('',#8625,1.);
#8625 = DIRECTION('',(1.,1.110223024625E-16,0.));
#8626 = ORIENTED_EDGE('',*,*,#8627,.T.);
#8627 = EDGE_CURVE('',#8620,#8628,#8630,.T.);
#8628 = VERTEX_POINT('',#8629);
#8629 = CARTESIAN_POINT('',(3.,-1.7,0.2));
#8630 = LINE('',#8631,#8632);
#8631 = CARTESIAN_POINT('',(3.,-1.7,-1.665334536938E-16));
#8632 = VECTOR('',#8633,1.);
#8633 = DIRECTION('',(0.,0.,1.));
#8634 = ORIENTED_EDGE('',*,*,#8635,.T.);
#8635 = EDGE_CURVE('',#8628,#8636,#8638,.T.);
#8636 = VERTEX_POINT('',#8637);
#8637 = CARTESIAN_POINT('',(2.724938966801,-1.7,0.2));
#8638 = LINE('',#8639,#8640);
#8639 = CARTESIAN_POINT('',(3.,-1.7,0.2));
#8640 = VECTOR('',#8641,1.);
#8641 = DIRECTION('',(-1.,-1.110223024625E-16,0.));
#8642 = ORIENTED_EDGE('',*,*,#8643,.T.);
#8643 = EDGE_CURVE('',#8636,#8644,#8646,.T.);
#8644 = VERTEX_POINT('',#8645);
#8645 = CARTESIAN_POINT('',(2.6264581915,-1.7,0.282635182233));
#8646 = CIRCLE('',#8647,0.1);
#8647 = AXIS2_PLACEMENT_3D('',#8648,#8649,#8650);
#8648 = CARTESIAN_POINT('',(2.724938966801,-1.7,0.3));
#8649 = DIRECTION('',(-1.110223024625E-16,1.,0.));
#8650 = DIRECTION('',(0.,0.,-1.));
#8651 = ORIENTED_EDGE('',*,*,#8652,.T.);
#8652 = EDGE_CURVE('',#8644,#8653,#8655,.T.);
#8653 = VERTEX_POINT('',#8654);
#8654 = CARTESIAN_POINT('',(2.545442325904,-1.7,0.7770944533));
#8655 = LINE('',#8656,#8657);
#8656 = CARTESIAN_POINT('',(2.6264581915,-1.7,0.282635182233));
#8657 = VECTOR('',#8658,1.);
#8658 = DIRECTION('',(-0.161691392282,-1.795135065956E-17,0.986841372087
    ));
#8659 = ORIENTED_EDGE('',*,*,#8660,.T.);
#8660 = EDGE_CURVE('',#8653,#8661,#8663,.T.);
#8661 = VERTEX_POINT('',#8662);
#8662 = CARTESIAN_POINT('',(2.25,-1.7,1.025));
#8663 = CIRCLE('',#8664,0.3);
#8664 = AXIS2_PLACEMENT_3D('',#8665,#8666,#8667);
#8665 = CARTESIAN_POINT('',(2.25,-1.7,0.725));
#8666 = DIRECTION('',(1.110223024625E-16,-1.,0.));
#8667 = DIRECTION('',(0.984807753012,1.093356242223E-16,0.173648177667)
  );
#8668 = ORIENTED_EDGE('',*,*,#8669,.T.);
#8669 = EDGE_CURVE('',#8661,#6571,#8670,.T.);
#8670 = LINE('',#8671,#8672);
#8671 = CARTESIAN_POINT('',(2.25,-1.7,1.025));
#8672 = VECTOR('',#8673,1.);
#8673 = DIRECTION('',(-1.,-1.110223024625E-16,0.));
#8674 = PLANE('',#8675);
#8675 = AXIS2_PLACEMENT_3D('',#8676,#8677,#8678);
#8676 = CARTESIAN_POINT('',(2.42560961319,-1.7,0.548953137803));
#8677 = DIRECTION('',(1.110223024625E-16,-1.,0.));
#8678 = DIRECTION('',(0.,0.,1.));
#8679 = ADVANCED_FACE('',(#8680),#8699,.F.);
#8680 = FACE_BOUND('',#8681,.F.);
#8681 = EDGE_LOOP('',(#8682,#8683,#8692,#8698));
#8682 = ORIENTED_EDGE('',*,*,#6609,.T.);
#8683 = ORIENTED_EDGE('',*,*,#8684,.T.);
#8684 = EDGE_CURVE('',#6602,#8685,#8687,.T.);
#8685 = VERTEX_POINT('',#8686);
#8686 = CARTESIAN_POINT('',(2.348480775301,-2.11,0.742364817767));
#8687 = CIRCLE('',#8688,0.1);
#8688 = AXIS2_PLACEMENT_3D('',#8689,#8690,#8691);
#8689 = CARTESIAN_POINT('',(2.25,-2.11,0.725));
#8690 = DIRECTION('',(-1.110223024625E-16,1.,0.));
#8691 = DIRECTION('',(4.440892098501E-15,4.930380657631E-31,1.));
#8692 = ORIENTED_EDGE('',*,*,#8693,.F.);
#8693 = EDGE_CURVE('',#8594,#8685,#8694,.T.);
#8694 = LINE('',#8695,#8696);
#8695 = CARTESIAN_POINT('',(2.348480775301,-1.7,0.742364817767));
#8696 = VECTOR('',#8697,1.);
#8697 = DIRECTION('',(1.110223024625E-16,-1.,0.));
#8698 = ORIENTED_EDGE('',*,*,#8593,.F.);
#8699 = CYLINDRICAL_SURFACE('',#8700,0.1);
#8700 = AXIS2_PLACEMENT_3D('',#8701,#8702,#8703);
#8701 = CARTESIAN_POINT('',(2.25,-1.7,0.725));
#8702 = DIRECTION('',(-1.110223024625E-16,1.,0.));
#8703 = DIRECTION('',(4.440892098501E-15,4.930380657631E-31,1.));
#8704 = ADVANCED_FACE('',(#8705),#8783,.T.);
#8705 = FACE_BOUND('',#8706,.T.);
#8706 = EDGE_LOOP('',(#8707,#8708,#8709,#8710,#8718,#8727,#8735,#8743,
    #8751,#8760,#8768,#8777));
#8707 = ORIENTED_EDGE('',*,*,#6623,.F.);
#8708 = ORIENTED_EDGE('',*,*,#6601,.T.);
#8709 = ORIENTED_EDGE('',*,*,#8684,.T.);
#8710 = ORIENTED_EDGE('',*,*,#8711,.T.);
#8711 = EDGE_CURVE('',#8685,#8712,#8714,.T.);
#8712 = VERTEX_POINT('',#8713);
#8713 = CARTESIAN_POINT('',(2.429496640897,-2.11,0.2479055467));
#8714 = LINE('',#8715,#8716);
#8715 = CARTESIAN_POINT('',(2.348480775301,-2.11,0.742364817767));
#8716 = VECTOR('',#8717,1.);
#8717 = DIRECTION('',(0.161691392282,1.795135065956E-17,-0.986841372087)
  );
#8718 = ORIENTED_EDGE('',*,*,#8719,.T.);
#8719 = EDGE_CURVE('',#8712,#8720,#8722,.T.);
#8720 = VERTEX_POINT('',#8721);
#8721 = CARTESIAN_POINT('',(2.724938966801,-2.11,-1.665334536938E-16));
#8722 = CIRCLE('',#8723,0.3);
#8723 = AXIS2_PLACEMENT_3D('',#8724,#8725,#8726);
#8724 = CARTESIAN_POINT('',(2.724938966801,-2.11,0.3));
#8725 = DIRECTION('',(1.110223024625E-16,-1.,0.));
#8726 = DIRECTION('',(-0.984807753012,-1.093356242223E-16,
    -0.173648177667));
#8727 = ORIENTED_EDGE('',*,*,#8728,.T.);
#8728 = EDGE_CURVE('',#8720,#8729,#8731,.T.);
#8729 = VERTEX_POINT('',#8730);
#8730 = CARTESIAN_POINT('',(3.,-2.11,-1.665334536938E-16));
#8731 = LINE('',#8732,#8733);
#8732 = CARTESIAN_POINT('',(2.724938966801,-2.11,-1.665334536938E-16));
#8733 = VECTOR('',#8734,1.);
#8734 = DIRECTION('',(1.,1.110223024625E-16,0.));
#8735 = ORIENTED_EDGE('',*,*,#8736,.T.);
#8736 = EDGE_CURVE('',#8729,#8737,#8739,.T.);
#8737 = VERTEX_POINT('',#8738);
#8738 = CARTESIAN_POINT('',(3.,-2.11,0.2));
#8739 = LINE('',#8740,#8741);
#8740 = CARTESIAN_POINT('',(3.,-2.11,-1.665334536938E-16));
#8741 = VECTOR('',#8742,1.);
#8742 = DIRECTION('',(0.,0.,1.));
#8743 = ORIENTED_EDGE('',*,*,#8744,.T.);
#8744 = EDGE_CURVE('',#8737,#8745,#8747,.T.);
#8745 = VERTEX_POINT('',#8746);
#8746 = CARTESIAN_POINT('',(2.724938966801,-2.11,0.2));
#8747 = LINE('',#8748,#8749);
#8748 = CARTESIAN_POINT('',(3.,-2.11,0.2));
#8749 = VECTOR('',#8750,1.);
#8750 = DIRECTION('',(-1.,-1.110223024625E-16,0.));
#8751 = ORIENTED_EDGE('',*,*,#8752,.T.);
#8752 = EDGE_CURVE('',#8745,#8753,#8755,.T.);
#8753 = VERTEX_POINT('',#8754);
#8754 = CARTESIAN_POINT('',(2.6264581915,-2.11,0.282635182233));
#8755 = CIRCLE('',#8756,0.1);
#8756 = AXIS2_PLACEMENT_3D('',#8757,#8758,#8759);
#8757 = CARTESIAN_POINT('',(2.724938966801,-2.11,0.3));
#8758 = DIRECTION('',(-1.110223024625E-16,1.,0.));
#8759 = DIRECTION('',(0.,0.,-1.));
#8760 = ORIENTED_EDGE('',*,*,#8761,.T.);
#8761 = EDGE_CURVE('',#8753,#8762,#8764,.T.);
#8762 = VERTEX_POINT('',#8763);
#8763 = CARTESIAN_POINT('',(2.545442325904,-2.11,0.7770944533));
#8764 = LINE('',#8765,#8766);
#8765 = CARTESIAN_POINT('',(2.6264581915,-2.11,0.282635182233));
#8766 = VECTOR('',#8767,1.);
#8767 = DIRECTION('',(-0.161691392282,-1.795135065956E-17,0.986841372087
    ));
#8768 = ORIENTED_EDGE('',*,*,#8769,.T.);
#8769 = EDGE_CURVE('',#8762,#8770,#8772,.T.);
#8770 = VERTEX_POINT('',#8771);
#8771 = CARTESIAN_POINT('',(2.25,-2.11,1.025));
#8772 = CIRCLE('',#8773,0.3);
#8773 = AXIS2_PLACEMENT_3D('',#8774,#8775,#8776);
#8774 = CARTESIAN_POINT('',(2.25,-2.11,0.725));
#8775 = DIRECTION('',(1.110223024625E-16,-1.,0.));
#8776 = DIRECTION('',(0.984807753012,1.093356242223E-16,0.173648177667)
  );
#8777 = ORIENTED_EDGE('',*,*,#8778,.T.);
#8778 = EDGE_CURVE('',#8770,#6624,#8779,.T.);
#8779 = LINE('',#8780,#8781);
#8780 = CARTESIAN_POINT('',(2.25,-2.11,1.025));
#8781 = VECTOR('',#8782,1.);
#8782 = DIRECTION('',(-1.,-1.110223024625E-16,0.));
#8783 = PLANE('',#8784);
#8784 = AXIS2_PLACEMENT_3D('',#8785,#8786,#8787);
#8785 = CARTESIAN_POINT('',(2.42560961319,-2.11,0.548953137803));
#8786 = DIRECTION('',(1.110223024625E-16,-1.,0.));
#8787 = DIRECTION('',(0.,0.,1.));
#8788 = ADVANCED_FACE('',(#8789),#8800,.T.);
#8789 = FACE_BOUND('',#8790,.T.);
#8790 = EDGE_LOOP('',(#8791,#8792,#8793,#8794));
#8791 = ORIENTED_EDGE('',*,*,#7823,.T.);
#8792 = ORIENTED_EDGE('',*,*,#6724,.T.);
#8793 = ORIENTED_EDGE('',*,*,#7925,.F.);
#8794 = ORIENTED_EDGE('',*,*,#8795,.F.);
#8795 = EDGE_CURVE('',#7816,#7918,#8796,.T.);
#8796 = LINE('',#8797,#8798);
#8797 = CARTESIAN_POINT('',(-2.545442325904,1.7,0.7770944533));
#8798 = VECTOR('',#8799,1.);
#8799 = DIRECTION('',(1.144237745222E-17,1.,0.));
#8800 = CYLINDRICAL_SURFACE('',#8801,0.3);
#8801 = AXIS2_PLACEMENT_3D('',#8802,#8803,#8804);
#8802 = CARTESIAN_POINT('',(-2.25,1.7,0.725));
#8803 = DIRECTION('',(-1.144237745222E-17,-1.,0.));
#8804 = DIRECTION('',(-0.984807753012,1.126854202784E-17,0.173648177667)
  );
#8805 = ADVANCED_FACE('',(#8806),#8819,.F.);
#8806 = FACE_BOUND('',#8807,.F.);
#8807 = EDGE_LOOP('',(#8808,#8809,#8815,#8816,#8817,#8818));
#8808 = ORIENTED_EDGE('',*,*,#7168,.F.);
#8809 = ORIENTED_EDGE('',*,*,#8810,.T.);
#8810 = EDGE_CURVE('',#7160,#7269,#8811,.T.);
#8811 = LINE('',#8812,#8813);
#8812 = CARTESIAN_POINT('',(-2.25,-2.11,1.025));
#8813 = VECTOR('',#8814,1.);
#8814 = DIRECTION('',(1.144237745222E-17,1.,0.));
#8815 = ORIENTED_EDGE('',*,*,#7277,.T.);
#8816 = ORIENTED_EDGE('',*,*,#7299,.T.);
#8817 = ORIENTED_EDGE('',*,*,#6771,.F.);
#8818 = ORIENTED_EDGE('',*,*,#7042,.F.);
#8819 = PLANE('',#8820);
#8820 = AXIS2_PLACEMENT_3D('',#8821,#8822,#8823);
#8821 = CARTESIAN_POINT('',(-2.25,-2.11,1.025));
#8822 = DIRECTION('',(0.,0.,-1.));
#8823 = DIRECTION('',(1.,-1.144237745222E-17,0.));
#8824 = ADVANCED_FACE('',(#8825),#8838,.F.);
#8825 = FACE_BOUND('',#8826,.F.);
#8826 = EDGE_LOOP('',(#8827,#8828,#8834,#8835,#8836,#8837));
#8827 = ORIENTED_EDGE('',*,*,#7391,.F.);
#8828 = ORIENTED_EDGE('',*,*,#8829,.T.);
#8829 = EDGE_CURVE('',#7383,#7492,#8830,.T.);
#8830 = LINE('',#8831,#8832);
#8831 = CARTESIAN_POINT('',(-2.25,-0.84,1.025));
#8832 = VECTOR('',#8833,1.);
#8833 = DIRECTION('',(1.144237745222E-17,1.,0.));
#8834 = ORIENTED_EDGE('',*,*,#7500,.T.);
#8835 = ORIENTED_EDGE('',*,*,#7522,.T.);
#8836 = ORIENTED_EDGE('',*,*,#6787,.F.);
#8837 = ORIENTED_EDGE('',*,*,#7292,.F.);
#8838 = PLANE('',#8839);
#8839 = AXIS2_PLACEMENT_3D('',#8840,#8841,#8842);
#8840 = CARTESIAN_POINT('',(-2.25,-0.84,1.025));
#8841 = DIRECTION('',(0.,0.,-1.));
#8842 = DIRECTION('',(1.,-1.144237745222E-17,0.));
#8843 = ADVANCED_FACE('',(#8844),#8857,.F.);
#8844 = FACE_BOUND('',#8845,.F.);
#8845 = EDGE_LOOP('',(#8846,#8847,#8853,#8854,#8855,#8856));
#8846 = ORIENTED_EDGE('',*,*,#7614,.F.);
#8847 = ORIENTED_EDGE('',*,*,#8848,.T.);
#8848 = EDGE_CURVE('',#7606,#7715,#8849,.T.);
#8849 = LINE('',#8850,#8851);
#8850 = CARTESIAN_POINT('',(-2.25,0.43,1.025));
#8851 = VECTOR('',#8852,1.);
#8852 = DIRECTION('',(1.144237745222E-17,1.,0.));
#8853 = ORIENTED_EDGE('',*,*,#7723,.T.);
#8854 = ORIENTED_EDGE('',*,*,#7740,.T.);
#8855 = ORIENTED_EDGE('',*,*,#6803,.F.);
#8856 = ORIENTED_EDGE('',*,*,#7515,.F.);
#8857 = PLANE('',#8858);
#8858 = AXIS2_PLACEMENT_3D('',#8859,#8860,#8861);
#8859 = CARTESIAN_POINT('',(-2.25,0.43,1.025));
#8860 = DIRECTION('',(0.,0.,-1.));
#8861 = DIRECTION('',(1.,-1.144237745222E-17,0.));
#8862 = ADVANCED_FACE('',(#8863,#8892),#8903,.F.);
#8863 = FACE_BOUND('',#8864,.F.);
#8864 = EDGE_LOOP('',(#8865,#8866,#8867,#8868,#8876,#8884,#8890,#8891));
#8865 = ORIENTED_EDGE('',*,*,#6878,.T.);
#8866 = ORIENTED_EDGE('',*,*,#6901,.T.);
#8867 = ORIENTED_EDGE('',*,*,#6988,.T.);
#8868 = ORIENTED_EDGE('',*,*,#8869,.T.);
#8869 = EDGE_CURVE('',#6982,#8870,#8872,.T.);
#8870 = VERTEX_POINT('',#8871);
#8871 = CARTESIAN_POINT('',(1.680085640382,-2.260171280765,1.75));
#8872 = LINE('',#8873,#8874);
#8873 = CARTESIAN_POINT('',(1.760171280765,-2.180085640382,1.75));
#8874 = VECTOR('',#8875,1.);
#8875 = DIRECTION('',(-0.707106781187,-0.707106781187,0.));
#8876 = ORIENTED_EDGE('',*,*,#8877,.T.);
#8877 = EDGE_CURVE('',#8870,#8878,#8880,.T.);
#8878 = VERTEX_POINT('',#8879);
#8879 = CARTESIAN_POINT('',(-1.680085640382,-2.260171280765,1.75));
#8880 = LINE('',#8881,#8882);
#8881 = CARTESIAN_POINT('',(1.680085640382,-2.260171280765,1.75));
#8882 = VECTOR('',#8883,1.);
#8883 = DIRECTION('',(-1.,-1.110223024625E-16,0.));
#8884 = ORIENTED_EDGE('',*,*,#8885,.T.);
#8885 = EDGE_CURVE('',#8878,#6827,#8886,.T.);
#8886 = LINE('',#8887,#8888);
#8887 = CARTESIAN_POINT('',(-1.680085640382,-2.260171280765,1.75));
#8888 = VECTOR('',#8889,1.);
#8889 = DIRECTION('',(-0.707106781187,0.707106781187,0.));
#8890 = ORIENTED_EDGE('',*,*,#6826,.T.);
#8891 = ORIENTED_EDGE('',*,*,#6855,.T.);
#8892 = FACE_BOUND('',#8893,.F.);
#8893 = EDGE_LOOP('',(#8894));
#8894 = ORIENTED_EDGE('',*,*,#8895,.F.);
#8895 = EDGE_CURVE('',#8896,#8896,#8898,.T.);
#8896 = VERTEX_POINT('',#8897);
#8897 = CARTESIAN_POINT('',(-1.110171280765,1.310171280765,1.75));
#8898 = CIRCLE('',#8899,0.3);
#8899 = AXIS2_PLACEMENT_3D('',#8900,#8901,#8902);
#8900 = CARTESIAN_POINT('',(-1.110171280765,1.610171280765,1.75));
#8901 = DIRECTION('',(0.,-0.,-1.));
#8902 = DIRECTION('',(1.110223024625E-16,-1.,0.));
#8903 = PLANE('',#8904);
#8904 = AXIS2_PLACEMENT_3D('',#8905,#8906,#8907);
#8905 = CARTESIAN_POINT('',(-1.680085640382,2.260171280765,1.75));
#8906 = DIRECTION('',(0.,0.,-1.));
#8907 = DIRECTION('',(0.596575959062,-0.802556617983,0.));
#8908 = ADVANCED_FACE('',(#8909),#8919,.F.);
#8909 = FACE_BOUND('',#8910,.F.);
#8910 = EDGE_LOOP('',(#8911,#8912,#8913,#8914));
#8911 = ORIENTED_EDGE('',*,*,#7049,.T.);
#8912 = ORIENTED_EDGE('',*,*,#6834,.T.);
#8913 = ORIENTED_EDGE('',*,*,#8885,.F.);
#8914 = ORIENTED_EDGE('',*,*,#8915,.F.);
#8915 = EDGE_CURVE('',#7050,#8878,#8916,.T.);
#8916 = B_SPLINE_CURVE_WITH_KNOTS('',1,(#8917,#8918),.UNSPECIFIED.,.F.,
  .F.,(2,2),(0.,1.),.PIECEWISE_BEZIER_KNOTS.);
#8917 = CARTESIAN_POINT('',(-1.7375,-2.375,1.025));
#8918 = CARTESIAN_POINT('',(-1.680085640382,-2.260171280765,1.75));
#8919 = B_SPLINE_SURFACE_WITH_KNOTS('',1,1,(
    (#8920,#8921)
    ,(#8922,#8923
    )),.UNSPECIFIED.,.F.,.F.,.F.,(2,2),(2,2),(0.,0.194454364826),(0.,1.)
  ,.PIECEWISE_BEZIER_KNOTS.);
#8920 = CARTESIAN_POINT('',(-1.7375,-2.375,1.025));
#8921 = CARTESIAN_POINT('',(-1.680085640382,-2.260171280765,1.75));
#8922 = CARTESIAN_POINT('',(-1.875,-2.2375,1.025));
#8923 = CARTESIAN_POINT('',(-1.760171280765,-2.180085640382,1.75));
#8924 = ADVANCED_FACE('',(#8925),#8938,.F.);
#8925 = FACE_BOUND('',#8926,.F.);
#8926 = EDGE_LOOP('',(#8927,#8928,#8934,#8935,#8936,#8937));
#8927 = ORIENTED_EDGE('',*,*,#8223,.F.);
#8928 = ORIENTED_EDGE('',*,*,#8929,.T.);
#8929 = EDGE_CURVE('',#8215,#8324,#8930,.T.);
#8930 = LINE('',#8931,#8932);
#8931 = CARTESIAN_POINT('',(2.25,0.84,1.025));
#8932 = VECTOR('',#8933,1.);
#8933 = DIRECTION('',(1.110223024625E-16,-1.,0.));
#8934 = ORIENTED_EDGE('',*,*,#8332,.T.);
#8935 = ORIENTED_EDGE('',*,*,#8346,.T.);
#8936 = ORIENTED_EDGE('',*,*,#6933,.F.);
#8937 = ORIENTED_EDGE('',*,*,#8130,.F.);
#8938 = PLANE('',#8939);
#8939 = AXIS2_PLACEMENT_3D('',#8940,#8941,#8942);
#8940 = CARTESIAN_POINT('',(2.25,0.84,1.025));
#8941 = DIRECTION('',(0.,0.,-1.));
#8942 = DIRECTION('',(-1.,-1.110223024625E-16,-0.));
#8943 = ADVANCED_FACE('',(#8944),#8957,.F.);
#8944 = FACE_BOUND('',#8945,.F.);
#8945 = EDGE_LOOP('',(#8946,#8947,#8953,#8954,#8955,#8956));
#8946 = ORIENTED_EDGE('',*,*,#8446,.F.);
#8947 = ORIENTED_EDGE('',*,*,#8948,.T.);
#8948 = EDGE_CURVE('',#8438,#8547,#8949,.T.);
#8949 = LINE('',#8950,#8951);
#8950 = CARTESIAN_POINT('',(2.25,-0.43,1.025));
#8951 = VECTOR('',#8952,1.);
#8952 = DIRECTION('',(1.110223024625E-16,-1.,0.));
#8953 = ORIENTED_EDGE('',*,*,#8555,.T.);
#8954 = ORIENTED_EDGE('',*,*,#8569,.T.);
#8955 = ORIENTED_EDGE('',*,*,#6949,.F.);
#8956 = ORIENTED_EDGE('',*,*,#8353,.F.);
#8957 = PLANE('',#8958);
#8958 = AXIS2_PLACEMENT_3D('',#8959,#8960,#8961);
#8959 = CARTESIAN_POINT('',(2.25,-0.43,1.025));
#8960 = DIRECTION('',(0.,0.,-1.));
#8961 = DIRECTION('',(-1.,-1.110223024625E-16,-0.));
#8962 = ADVANCED_FACE('',(#8963),#8976,.F.);
#8963 = FACE_BOUND('',#8964,.F.);
#8964 = EDGE_LOOP('',(#8965,#8966,#8972,#8973,#8974,#8975));
#8965 = ORIENTED_EDGE('',*,*,#8669,.F.);
#8966 = ORIENTED_EDGE('',*,*,#8967,.T.);
#8967 = EDGE_CURVE('',#8661,#8770,#8968,.T.);
#8968 = LINE('',#8969,#8970);
#8969 = CARTESIAN_POINT('',(2.25,-1.7,1.025));
#8970 = VECTOR('',#8971,1.);
#8971 = DIRECTION('',(1.110223024625E-16,-1.,0.));
#8972 = ORIENTED_EDGE('',*,*,#8778,.T.);
#8973 = ORIENTED_EDGE('',*,*,#7072,.T.);
#8974 = ORIENTED_EDGE('',*,*,#6965,.F.);
#8975 = ORIENTED_EDGE('',*,*,#8576,.F.);
#8976 = PLANE('',#8977);
#8977 = AXIS2_PLACEMENT_3D('',#8978,#8979,#8980);
#8978 = CARTESIAN_POINT('',(2.25,-1.7,1.025));
#8979 = DIRECTION('',(0.,0.,-1.));
#8980 = DIRECTION('',(-1.,-1.110223024625E-16,-0.));
#8981 = ADVANCED_FACE('',(#8982),#8992,.F.);
#8982 = FACE_BOUND('',#8983,.F.);
#8983 = EDGE_LOOP('',(#8984,#8985,#8990,#8991));
#8984 = ORIENTED_EDGE('',*,*,#7065,.T.);
#8985 = ORIENTED_EDGE('',*,*,#8986,.T.);
#8986 = EDGE_CURVE('',#7058,#8870,#8987,.T.);
#8987 = B_SPLINE_CURVE_WITH_KNOTS('',1,(#8988,#8989),.UNSPECIFIED.,.F.,
  .F.,(2,2),(0.,1.),.PIECEWISE_BEZIER_KNOTS.);
#8988 = CARTESIAN_POINT('',(1.7375,-2.375,1.025));
#8989 = CARTESIAN_POINT('',(1.680085640382,-2.260171280765,1.75));
#8990 = ORIENTED_EDGE('',*,*,#8869,.F.);
#8991 = ORIENTED_EDGE('',*,*,#6981,.F.);
#8992 = B_SPLINE_SURFACE_WITH_KNOTS('',1,1,(
    (#8993,#8994)
    ,(#8995,#8996
    )),.UNSPECIFIED.,.F.,.F.,.F.,(2,2),(2,2),(0.,0.194454364826),(0.,1.)
  ,.PIECEWISE_BEZIER_KNOTS.);
#8993 = CARTESIAN_POINT('',(1.875,-2.2375,1.025));
#8994 = CARTESIAN_POINT('',(1.760171280765,-2.180085640382,1.75));
#8995 = CARTESIAN_POINT('',(1.7375,-2.375,1.025));
#8996 = CARTESIAN_POINT('',(1.680085640382,-2.260171280765,1.75));
#8997 = ADVANCED_FACE('',(#8998),#9009,.T.);
#8998 = FACE_BOUND('',#8999,.T.);
#8999 = EDGE_LOOP('',(#9000,#9001,#9002,#9003));
#9000 = ORIENTED_EDGE('',*,*,#8010,.T.);
#9001 = ORIENTED_EDGE('',*,*,#7011,.T.);
#9002 = ORIENTED_EDGE('',*,*,#8112,.F.);
#9003 = ORIENTED_EDGE('',*,*,#9004,.F.);
#9004 = EDGE_CURVE('',#8003,#8105,#9005,.T.);
#9005 = LINE('',#9006,#9007);
#9006 = CARTESIAN_POINT('',(2.545442325904,2.11,0.7770944533));
#9007 = VECTOR('',#9008,1.);
#9008 = DIRECTION('',(1.110223024625E-16,-1.,0.));
#9009 = CYLINDRICAL_SURFACE('',#9010,0.3);
#9010 = AXIS2_PLACEMENT_3D('',#9011,#9012,#9013);
#9011 = CARTESIAN_POINT('',(2.25,2.11,0.725));
#9012 = DIRECTION('',(-1.110223024625E-16,1.,0.));
#9013 = DIRECTION('',(0.984807753012,1.093356242223E-16,0.173648177667)
  );
#9014 = ADVANCED_FACE('',(#9015),#9021,.F.);
#9015 = FACE_BOUND('',#9016,.F.);
#9016 = EDGE_LOOP('',(#9017,#9018,#9019,#9020));
#9017 = ORIENTED_EDGE('',*,*,#7057,.T.);
#9018 = ORIENTED_EDGE('',*,*,#8915,.T.);
#9019 = ORIENTED_EDGE('',*,*,#8877,.F.);
#9020 = ORIENTED_EDGE('',*,*,#8986,.F.);
#9021 = B_SPLINE_SURFACE_WITH_KNOTS('',1,1,(
    (#9022,#9023)
    ,(#9024,#9025
    )),.UNSPECIFIED.,.F.,.F.,.F.,(2,2),(2,2),(0.,3.475),(0.,1.),
  .PIECEWISE_BEZIER_KNOTS.);
#9022 = CARTESIAN_POINT('',(1.7375,-2.375,1.025));
#9023 = CARTESIAN_POINT('',(1.680085640382,-2.260171280765,1.75));
#9024 = CARTESIAN_POINT('',(-1.7375,-2.375,1.025));
#9025 = CARTESIAN_POINT('',(-1.680085640382,-2.260171280765,1.75));
#9026 = ADVANCED_FACE('',(#9027),#9038,.T.);
#9027 = FACE_BOUND('',#9028,.T.);
#9028 = EDGE_LOOP('',(#9029,#9030,#9031,#9032));
#9029 = ORIENTED_EDGE('',*,*,#7159,.T.);
#9030 = ORIENTED_EDGE('',*,*,#8810,.T.);
#9031 = ORIENTED_EDGE('',*,*,#7268,.F.);
#9032 = ORIENTED_EDGE('',*,*,#9033,.F.);
#9033 = EDGE_CURVE('',#7152,#7261,#9034,.T.);
#9034 = LINE('',#9035,#9036);
#9035 = CARTESIAN_POINT('',(-2.545442325904,-2.11,0.7770944533));
#9036 = VECTOR('',#9037,1.);
#9037 = DIRECTION('',(1.144237745222E-17,1.,0.));
#9038 = CYLINDRICAL_SURFACE('',#9039,0.3);
#9039 = AXIS2_PLACEMENT_3D('',#9040,#9041,#9042);
#9040 = CARTESIAN_POINT('',(-2.25,-2.11,0.725));
#9041 = DIRECTION('',(-1.144237745222E-17,-1.,0.));
#9042 = DIRECTION('',(-0.984807753012,1.126854202784E-17,0.173648177667)
  );
#9043 = ADVANCED_FACE('',(#9044),#9055,.F.);
#9044 = FACE_BOUND('',#9045,.F.);
#9045 = EDGE_LOOP('',(#9046,#9052,#9053,#9054));
#9046 = ORIENTED_EDGE('',*,*,#9047,.T.);
#9047 = EDGE_CURVE('',#7143,#7252,#9048,.T.);
#9048 = LINE('',#9049,#9050);
#9049 = CARTESIAN_POINT('',(-2.6264581915,-2.11,0.282635182233));
#9050 = VECTOR('',#9051,1.);
#9051 = DIRECTION('',(1.144237745222E-17,1.,0.));
#9052 = ORIENTED_EDGE('',*,*,#7260,.T.);
#9053 = ORIENTED_EDGE('',*,*,#9033,.F.);
#9054 = ORIENTED_EDGE('',*,*,#7151,.F.);
#9055 = PLANE('',#9056);
#9056 = AXIS2_PLACEMENT_3D('',#9057,#9058,#9059);
#9057 = CARTESIAN_POINT('',(-2.6264581915,-2.11,0.282635182233));
#9058 = DIRECTION('',(0.986841372087,-1.129181146488E-17,-0.161691392282
    ));
#9059 = DIRECTION('',(0.161691392282,-1.85013394127E-18,0.986841372087)
  );
#9060 = ADVANCED_FACE('',(#9061),#9072,.F.);
#9061 = FACE_BOUND('',#9062,.F.);
#9062 = EDGE_LOOP('',(#9063,#9069,#9070,#9071));
#9063 = ORIENTED_EDGE('',*,*,#9064,.T.);
#9064 = EDGE_CURVE('',#7135,#7244,#9065,.T.);
#9065 = LINE('',#9066,#9067);
#9066 = CARTESIAN_POINT('',(-2.724938966801,-2.11,0.2));
#9067 = VECTOR('',#9068,1.);
#9068 = DIRECTION('',(1.144237745222E-17,1.,0.));
#9069 = ORIENTED_EDGE('',*,*,#7251,.T.);
#9070 = ORIENTED_EDGE('',*,*,#9047,.F.);
#9071 = ORIENTED_EDGE('',*,*,#7142,.F.);
#9072 = CYLINDRICAL_SURFACE('',#9073,0.1);
#9073 = AXIS2_PLACEMENT_3D('',#9074,#9075,#9076);
#9074 = CARTESIAN_POINT('',(-2.724938966801,-2.11,0.3));
#9075 = DIRECTION('',(-1.144237745222E-17,-1.,0.));
#9076 = DIRECTION('',(-0.,0.,-1.));
#9077 = ADVANCED_FACE('',(#9078),#9089,.F.);
#9078 = FACE_BOUND('',#9079,.F.);
#9079 = EDGE_LOOP('',(#9080,#9086,#9087,#9088));
#9080 = ORIENTED_EDGE('',*,*,#9081,.T.);
#9081 = EDGE_CURVE('',#7127,#7236,#9082,.T.);
#9082 = LINE('',#9083,#9084);
#9083 = CARTESIAN_POINT('',(-3.,-2.11,0.2));
#9084 = VECTOR('',#9085,1.);
#9085 = DIRECTION('',(1.144237745222E-17,1.,0.));
#9086 = ORIENTED_EDGE('',*,*,#7243,.T.);
#9087 = ORIENTED_EDGE('',*,*,#9064,.F.);
#9088 = ORIENTED_EDGE('',*,*,#7134,.F.);
#9089 = PLANE('',#9090);
#9090 = AXIS2_PLACEMENT_3D('',#9091,#9092,#9093);
#9091 = CARTESIAN_POINT('',(-3.,-2.11,0.2));
#9092 = DIRECTION('',(0.,0.,-1.));
#9093 = DIRECTION('',(1.,-1.144237745222E-17,0.));
#9094 = ADVANCED_FACE('',(#9095),#9106,.F.);
#9095 = FACE_BOUND('',#9096,.F.);
#9096 = EDGE_LOOP('',(#9097,#9103,#9104,#9105));
#9097 = ORIENTED_EDGE('',*,*,#9098,.T.);
#9098 = EDGE_CURVE('',#7119,#7228,#9099,.T.);
#9099 = LINE('',#9100,#9101);
#9100 = CARTESIAN_POINT('',(-3.,-2.11,-1.665334536938E-16));
#9101 = VECTOR('',#9102,1.);
#9102 = DIRECTION('',(1.144237745222E-17,1.,0.));
#9103 = ORIENTED_EDGE('',*,*,#7235,.T.);
#9104 = ORIENTED_EDGE('',*,*,#9081,.F.);
#9105 = ORIENTED_EDGE('',*,*,#7126,.F.);
#9106 = PLANE('',#9107);
#9107 = AXIS2_PLACEMENT_3D('',#9108,#9109,#9110);
#9108 = CARTESIAN_POINT('',(-3.,-2.11,-1.665334536938E-16));
#9109 = DIRECTION('',(1.,-1.144237745222E-17,0.));
#9110 = DIRECTION('',(0.,0.,1.));
#9111 = ADVANCED_FACE('',(#9112),#9123,.F.);
#9112 = FACE_BOUND('',#9113,.F.);
#9113 = EDGE_LOOP('',(#9114,#9120,#9121,#9122));
#9114 = ORIENTED_EDGE('',*,*,#9115,.T.);
#9115 = EDGE_CURVE('',#7110,#7219,#9116,.T.);
#9116 = LINE('',#9117,#9118);
#9117 = CARTESIAN_POINT('',(-2.724938966801,-2.11,-1.665334536938E-16));
#9118 = VECTOR('',#9119,1.);
#9119 = DIRECTION('',(1.144237745222E-17,1.,0.));
#9120 = ORIENTED_EDGE('',*,*,#7227,.T.);
#9121 = ORIENTED_EDGE('',*,*,#9098,.F.);
#9122 = ORIENTED_EDGE('',*,*,#7118,.F.);
#9123 = PLANE('',#9124);
#9124 = AXIS2_PLACEMENT_3D('',#9125,#9126,#9127);
#9125 = CARTESIAN_POINT('',(-2.724938966801,-2.11,-1.665334536938E-16));
#9126 = DIRECTION('',(0.,0.,1.));
#9127 = DIRECTION('',(-1.,1.144237745222E-17,0.));
#9128 = ADVANCED_FACE('',(#9129),#9140,.T.);
#9129 = FACE_BOUND('',#9130,.T.);
#9130 = EDGE_LOOP('',(#9131,#9132,#9133,#9134));
#9131 = ORIENTED_EDGE('',*,*,#7109,.T.);
#9132 = ORIENTED_EDGE('',*,*,#9115,.T.);
#9133 = ORIENTED_EDGE('',*,*,#7218,.F.);
#9134 = ORIENTED_EDGE('',*,*,#9135,.F.);
#9135 = EDGE_CURVE('',#7102,#7211,#9136,.T.);
#9136 = LINE('',#9137,#9138);
#9137 = CARTESIAN_POINT('',(-2.429496640897,-2.11,0.2479055467));
#9138 = VECTOR('',#9139,1.);
#9139 = DIRECTION('',(1.144237745222E-17,1.,0.));
#9140 = CYLINDRICAL_SURFACE('',#9141,0.3);
#9141 = AXIS2_PLACEMENT_3D('',#9142,#9143,#9144);
#9142 = CARTESIAN_POINT('',(-2.724938966801,-2.11,0.3));
#9143 = DIRECTION('',(-1.144237745222E-17,-1.,0.));
#9144 = DIRECTION('',(0.984807753012,-1.126854202784E-17,-0.173648177667
    ));
#9145 = ADVANCED_FACE('',(#9146),#9152,.F.);
#9146 = FACE_BOUND('',#9147,.F.);
#9147 = EDGE_LOOP('',(#9148,#9149,#9150,#9151));
#9148 = ORIENTED_EDGE('',*,*,#7192,.T.);
#9149 = ORIENTED_EDGE('',*,*,#7210,.T.);
#9150 = ORIENTED_EDGE('',*,*,#9135,.F.);
#9151 = ORIENTED_EDGE('',*,*,#7101,.F.);
#9152 = PLANE('',#9153);
#9153 = AXIS2_PLACEMENT_3D('',#9154,#9155,#9156);
#9154 = CARTESIAN_POINT('',(-2.348480775301,-2.11,0.742364817767));
#9155 = DIRECTION('',(-0.986841372087,1.129181146488E-17,0.161691392282)
  );
#9156 = DIRECTION('',(-0.161691392282,1.85013394127E-18,-0.986841372087)
  );
#9157 = ADVANCED_FACE('',(#9158),#9169,.T.);
#9158 = FACE_BOUND('',#9159,.T.);
#9159 = EDGE_LOOP('',(#9160,#9161,#9162,#9163));
#9160 = ORIENTED_EDGE('',*,*,#7382,.T.);
#9161 = ORIENTED_EDGE('',*,*,#8829,.T.);
#9162 = ORIENTED_EDGE('',*,*,#7491,.F.);
#9163 = ORIENTED_EDGE('',*,*,#9164,.F.);
#9164 = EDGE_CURVE('',#7375,#7484,#9165,.T.);
#9165 = LINE('',#9166,#9167);
#9166 = CARTESIAN_POINT('',(-2.545442325904,-0.84,0.7770944533));
#9167 = VECTOR('',#9168,1.);
#9168 = DIRECTION('',(1.144237745222E-17,1.,0.));
#9169 = CYLINDRICAL_SURFACE('',#9170,0.3);
#9170 = AXIS2_PLACEMENT_3D('',#9171,#9172,#9173);
#9171 = CARTESIAN_POINT('',(-2.25,-0.84,0.725));
#9172 = DIRECTION('',(-1.144237745222E-17,-1.,0.));
#9173 = DIRECTION('',(-0.984807753012,1.126854202784E-17,0.173648177667)
  );
#9174 = ADVANCED_FACE('',(#9175),#9186,.F.);
#9175 = FACE_BOUND('',#9176,.F.);
#9176 = EDGE_LOOP('',(#9177,#9183,#9184,#9185));
#9177 = ORIENTED_EDGE('',*,*,#9178,.T.);
#9178 = EDGE_CURVE('',#7366,#7475,#9179,.T.);
#9179 = LINE('',#9180,#9181);
#9180 = CARTESIAN_POINT('',(-2.6264581915,-0.84,0.282635182233));
#9181 = VECTOR('',#9182,1.);
#9182 = DIRECTION('',(1.144237745222E-17,1.,0.));
#9183 = ORIENTED_EDGE('',*,*,#7483,.T.);
#9184 = ORIENTED_EDGE('',*,*,#9164,.F.);
#9185 = ORIENTED_EDGE('',*,*,#7374,.F.);
#9186 = PLANE('',#9187);
#9187 = AXIS2_PLACEMENT_3D('',#9188,#9189,#9190);
#9188 = CARTESIAN_POINT('',(-2.6264581915,-0.84,0.282635182233));
#9189 = DIRECTION('',(0.986841372087,-1.129181146488E-17,-0.161691392282
    ));
#9190 = DIRECTION('',(0.161691392282,-1.85013394127E-18,0.986841372087)
  );
#9191 = ADVANCED_FACE('',(#9192),#9203,.F.);
#9192 = FACE_BOUND('',#9193,.F.);
#9193 = EDGE_LOOP('',(#9194,#9200,#9201,#9202));
#9194 = ORIENTED_EDGE('',*,*,#9195,.T.);
#9195 = EDGE_CURVE('',#7358,#7467,#9196,.T.);
#9196 = LINE('',#9197,#9198);
#9197 = CARTESIAN_POINT('',(-2.724938966801,-0.84,0.2));
#9198 = VECTOR('',#9199,1.);
#9199 = DIRECTION('',(1.144237745222E-17,1.,0.));
#9200 = ORIENTED_EDGE('',*,*,#7474,.T.);
#9201 = ORIENTED_EDGE('',*,*,#9178,.F.);
#9202 = ORIENTED_EDGE('',*,*,#7365,.F.);
#9203 = CYLINDRICAL_SURFACE('',#9204,0.1);
#9204 = AXIS2_PLACEMENT_3D('',#9205,#9206,#9207);
#9205 = CARTESIAN_POINT('',(-2.724938966801,-0.84,0.3));
#9206 = DIRECTION('',(-1.144237745222E-17,-1.,0.));
#9207 = DIRECTION('',(-0.,0.,-1.));
#9208 = ADVANCED_FACE('',(#9209),#9220,.F.);
#9209 = FACE_BOUND('',#9210,.F.);
#9210 = EDGE_LOOP('',(#9211,#9217,#9218,#9219));
#9211 = ORIENTED_EDGE('',*,*,#9212,.T.);
#9212 = EDGE_CURVE('',#7350,#7459,#9213,.T.);
#9213 = LINE('',#9214,#9215);
#9214 = CARTESIAN_POINT('',(-3.,-0.84,0.2));
#9215 = VECTOR('',#9216,1.);
#9216 = DIRECTION('',(1.144237745222E-17,1.,0.));
#9217 = ORIENTED_EDGE('',*,*,#7466,.T.);
#9218 = ORIENTED_EDGE('',*,*,#9195,.F.);
#9219 = ORIENTED_EDGE('',*,*,#7357,.F.);
#9220 = PLANE('',#9221);
#9221 = AXIS2_PLACEMENT_3D('',#9222,#9223,#9224);
#9222 = CARTESIAN_POINT('',(-3.,-0.84,0.2));
#9223 = DIRECTION('',(0.,0.,-1.));
#9224 = DIRECTION('',(1.,-1.144237745222E-17,0.));
#9225 = ADVANCED_FACE('',(#9226),#9237,.F.);
#9226 = FACE_BOUND('',#9227,.F.);
#9227 = EDGE_LOOP('',(#9228,#9234,#9235,#9236));
#9228 = ORIENTED_EDGE('',*,*,#9229,.T.);
#9229 = EDGE_CURVE('',#7342,#7451,#9230,.T.);
#9230 = LINE('',#9231,#9232);
#9231 = CARTESIAN_POINT('',(-3.,-0.84,-1.665334536938E-16));
#9232 = VECTOR('',#9233,1.);
#9233 = DIRECTION('',(1.144237745222E-17,1.,0.));
#9234 = ORIENTED_EDGE('',*,*,#7458,.T.);
#9235 = ORIENTED_EDGE('',*,*,#9212,.F.);
#9236 = ORIENTED_EDGE('',*,*,#7349,.F.);
#9237 = PLANE('',#9238);
#9238 = AXIS2_PLACEMENT_3D('',#9239,#9240,#9241);
#9239 = CARTESIAN_POINT('',(-3.,-0.84,-1.665334536938E-16));
#9240 = DIRECTION('',(1.,-1.144237745222E-17,0.));
#9241 = DIRECTION('',(0.,0.,1.));
#9242 = ADVANCED_FACE('',(#9243),#9254,.F.);
#9243 = FACE_BOUND('',#9244,.F.);
#9244 = EDGE_LOOP('',(#9245,#9251,#9252,#9253));
#9245 = ORIENTED_EDGE('',*,*,#9246,.T.);
#9246 = EDGE_CURVE('',#7333,#7442,#9247,.T.);
#9247 = LINE('',#9248,#9249);
#9248 = CARTESIAN_POINT('',(-2.724938966801,-0.84,-1.665334536938E-16));
#9249 = VECTOR('',#9250,1.);
#9250 = DIRECTION('',(1.144237745222E-17,1.,0.));
#9251 = ORIENTED_EDGE('',*,*,#7450,.T.);
#9252 = ORIENTED_EDGE('',*,*,#9229,.F.);
#9253 = ORIENTED_EDGE('',*,*,#7341,.F.);
#9254 = PLANE('',#9255);
#9255 = AXIS2_PLACEMENT_3D('',#9256,#9257,#9258);
#9256 = CARTESIAN_POINT('',(-2.724938966801,-0.84,-1.665334536938E-16));
#9257 = DIRECTION('',(0.,0.,1.));
#9258 = DIRECTION('',(-1.,1.144237745222E-17,0.));
#9259 = ADVANCED_FACE('',(#9260),#9271,.T.);
#9260 = FACE_BOUND('',#9261,.T.);
#9261 = EDGE_LOOP('',(#9262,#9263,#9264,#9265));
#9262 = ORIENTED_EDGE('',*,*,#7332,.T.);
#9263 = ORIENTED_EDGE('',*,*,#9246,.T.);
#9264 = ORIENTED_EDGE('',*,*,#7441,.F.);
#9265 = ORIENTED_EDGE('',*,*,#9266,.F.);
#9266 = EDGE_CURVE('',#7325,#7434,#9267,.T.);
#9267 = LINE('',#9268,#9269);
#9268 = CARTESIAN_POINT('',(-2.429496640897,-0.84,0.2479055467));
#9269 = VECTOR('',#9270,1.);
#9270 = DIRECTION('',(1.144237745222E-17,1.,0.));
#9271 = CYLINDRICAL_SURFACE('',#9272,0.3);
#9272 = AXIS2_PLACEMENT_3D('',#9273,#9274,#9275);
#9273 = CARTESIAN_POINT('',(-2.724938966801,-0.84,0.3));
#9274 = DIRECTION('',(-1.144237745222E-17,-1.,0.));
#9275 = DIRECTION('',(0.984807753012,-1.126854202784E-17,-0.173648177667
    ));
#9276 = ADVANCED_FACE('',(#9277),#9283,.F.);
#9277 = FACE_BOUND('',#9278,.F.);
#9278 = EDGE_LOOP('',(#9279,#9280,#9281,#9282));
#9279 = ORIENTED_EDGE('',*,*,#7415,.T.);
#9280 = ORIENTED_EDGE('',*,*,#7433,.T.);
#9281 = ORIENTED_EDGE('',*,*,#9266,.F.);
#9282 = ORIENTED_EDGE('',*,*,#7324,.F.);
#9283 = PLANE('',#9284);
#9284 = AXIS2_PLACEMENT_3D('',#9285,#9286,#9287);
#9285 = CARTESIAN_POINT('',(-2.348480775301,-0.84,0.742364817767));
#9286 = DIRECTION('',(-0.986841372087,1.129181146488E-17,0.161691392282)
  );
#9287 = DIRECTION('',(-0.161691392282,1.85013394127E-18,-0.986841372087)
  );
#9288 = ADVANCED_FACE('',(#9289),#9300,.T.);
#9289 = FACE_BOUND('',#9290,.T.);
#9290 = EDGE_LOOP('',(#9291,#9292,#9293,#9294));
#9291 = ORIENTED_EDGE('',*,*,#7605,.T.);
#9292 = ORIENTED_EDGE('',*,*,#8848,.T.);
#9293 = ORIENTED_EDGE('',*,*,#7714,.F.);
#9294 = ORIENTED_EDGE('',*,*,#9295,.F.);
#9295 = EDGE_CURVE('',#7598,#7707,#9296,.T.);
#9296 = LINE('',#9297,#9298);
#9297 = CARTESIAN_POINT('',(-2.545442325904,0.43,0.7770944533));
#9298 = VECTOR('',#9299,1.);
#9299 = DIRECTION('',(1.144237745222E-17,1.,0.));
#9300 = CYLINDRICAL_SURFACE('',#9301,0.3);
#9301 = AXIS2_PLACEMENT_3D('',#9302,#9303,#9304);
#9302 = CARTESIAN_POINT('',(-2.25,0.43,0.725));
#9303 = DIRECTION('',(-1.144237745222E-17,-1.,0.));
#9304 = DIRECTION('',(-0.984807753012,1.126854202784E-17,0.173648177667)
  );
#9305 = ADVANCED_FACE('',(#9306),#9317,.F.);
#9306 = FACE_BOUND('',#9307,.F.);
#9307 = EDGE_LOOP('',(#9308,#9314,#9315,#9316));
#9308 = ORIENTED_EDGE('',*,*,#9309,.T.);
#9309 = EDGE_CURVE('',#7589,#7698,#9310,.T.);
#9310 = LINE('',#9311,#9312);
#9311 = CARTESIAN_POINT('',(-2.6264581915,0.43,0.282635182233));
#9312 = VECTOR('',#9313,1.);
#9313 = DIRECTION('',(1.144237745222E-17,1.,0.));
#9314 = ORIENTED_EDGE('',*,*,#7706,.T.);
#9315 = ORIENTED_EDGE('',*,*,#9295,.F.);
#9316 = ORIENTED_EDGE('',*,*,#7597,.F.);
#9317 = PLANE('',#9318);
#9318 = AXIS2_PLACEMENT_3D('',#9319,#9320,#9321);
#9319 = CARTESIAN_POINT('',(-2.6264581915,0.43,0.282635182233));
#9320 = DIRECTION('',(0.986841372087,-1.129181146488E-17,-0.161691392282
    ));
#9321 = DIRECTION('',(0.161691392282,-1.85013394127E-18,0.986841372087)
  );
#9322 = ADVANCED_FACE('',(#9323),#9334,.F.);
#9323 = FACE_BOUND('',#9324,.F.);
#9324 = EDGE_LOOP('',(#9325,#9331,#9332,#9333));
#9325 = ORIENTED_EDGE('',*,*,#9326,.T.);
#9326 = EDGE_CURVE('',#7581,#7690,#9327,.T.);
#9327 = LINE('',#9328,#9329);
#9328 = CARTESIAN_POINT('',(-2.724938966801,0.43,0.2));
#9329 = VECTOR('',#9330,1.);
#9330 = DIRECTION('',(1.144237745222E-17,1.,0.));
#9331 = ORIENTED_EDGE('',*,*,#7697,.T.);
#9332 = ORIENTED_EDGE('',*,*,#9309,.F.);
#9333 = ORIENTED_EDGE('',*,*,#7588,.F.);
#9334 = CYLINDRICAL_SURFACE('',#9335,0.1);
#9335 = AXIS2_PLACEMENT_3D('',#9336,#9337,#9338);
#9336 = CARTESIAN_POINT('',(-2.724938966801,0.43,0.3));
#9337 = DIRECTION('',(-1.144237745222E-17,-1.,0.));
#9338 = DIRECTION('',(-0.,0.,-1.));
#9339 = ADVANCED_FACE('',(#9340),#9351,.F.);
#9340 = FACE_BOUND('',#9341,.F.);
#9341 = EDGE_LOOP('',(#9342,#9348,#9349,#9350));
#9342 = ORIENTED_EDGE('',*,*,#9343,.T.);
#9343 = EDGE_CURVE('',#7573,#7682,#9344,.T.);
#9344 = LINE('',#9345,#9346);
#9345 = CARTESIAN_POINT('',(-3.,0.43,0.2));
#9346 = VECTOR('',#9347,1.);
#9347 = DIRECTION('',(1.144237745222E-17,1.,0.));
#9348 = ORIENTED_EDGE('',*,*,#7689,.T.);
#9349 = ORIENTED_EDGE('',*,*,#9326,.F.);
#9350 = ORIENTED_EDGE('',*,*,#7580,.F.);
#9351 = PLANE('',#9352);
#9352 = AXIS2_PLACEMENT_3D('',#9353,#9354,#9355);
#9353 = CARTESIAN_POINT('',(-3.,0.43,0.2));
#9354 = DIRECTION('',(0.,0.,-1.));
#9355 = DIRECTION('',(1.,-1.144237745222E-17,0.));
#9356 = ADVANCED_FACE('',(#9357),#9368,.F.);
#9357 = FACE_BOUND('',#9358,.F.);
#9358 = EDGE_LOOP('',(#9359,#9365,#9366,#9367));
#9359 = ORIENTED_EDGE('',*,*,#9360,.T.);
#9360 = EDGE_CURVE('',#7565,#7674,#9361,.T.);
#9361 = LINE('',#9362,#9363);
#9362 = CARTESIAN_POINT('',(-3.,0.43,-1.665334536938E-16));
#9363 = VECTOR('',#9364,1.);
#9364 = DIRECTION('',(1.144237745222E-17,1.,0.));
#9365 = ORIENTED_EDGE('',*,*,#7681,.T.);
#9366 = ORIENTED_EDGE('',*,*,#9343,.F.);
#9367 = ORIENTED_EDGE('',*,*,#7572,.F.);
#9368 = PLANE('',#9369);
#9369 = AXIS2_PLACEMENT_3D('',#9370,#9371,#9372);
#9370 = CARTESIAN_POINT('',(-3.,0.43,-1.665334536938E-16));
#9371 = DIRECTION('',(1.,-1.144237745222E-17,0.));
#9372 = DIRECTION('',(0.,0.,1.));
#9373 = ADVANCED_FACE('',(#9374),#9385,.F.);
#9374 = FACE_BOUND('',#9375,.F.);
#9375 = EDGE_LOOP('',(#9376,#9382,#9383,#9384));
#9376 = ORIENTED_EDGE('',*,*,#9377,.T.);
#9377 = EDGE_CURVE('',#7556,#7665,#9378,.T.);
#9378 = LINE('',#9379,#9380);
#9379 = CARTESIAN_POINT('',(-2.724938966801,0.43,-1.665334536938E-16));
#9380 = VECTOR('',#9381,1.);
#9381 = DIRECTION('',(1.144237745222E-17,1.,0.));
#9382 = ORIENTED_EDGE('',*,*,#7673,.T.);
#9383 = ORIENTED_EDGE('',*,*,#9360,.F.);
#9384 = ORIENTED_EDGE('',*,*,#7564,.F.);
#9385 = PLANE('',#9386);
#9386 = AXIS2_PLACEMENT_3D('',#9387,#9388,#9389);
#9387 = CARTESIAN_POINT('',(-2.724938966801,0.43,-1.665334536938E-16));
#9388 = DIRECTION('',(0.,0.,1.));
#9389 = DIRECTION('',(-1.,1.144237745222E-17,0.));
#9390 = ADVANCED_FACE('',(#9391),#9402,.T.);
#9391 = FACE_BOUND('',#9392,.T.);
#9392 = EDGE_LOOP('',(#9393,#9394,#9395,#9396));
#9393 = ORIENTED_EDGE('',*,*,#7555,.T.);
#9394 = ORIENTED_EDGE('',*,*,#9377,.T.);
#9395 = ORIENTED_EDGE('',*,*,#7664,.F.);
#9396 = ORIENTED_EDGE('',*,*,#9397,.F.);
#9397 = EDGE_CURVE('',#7548,#7657,#9398,.T.);
#9398 = LINE('',#9399,#9400);
#9399 = CARTESIAN_POINT('',(-2.429496640897,0.43,0.2479055467));
#9400 = VECTOR('',#9401,1.);
#9401 = DIRECTION('',(1.144237745222E-17,1.,0.));
#9402 = CYLINDRICAL_SURFACE('',#9403,0.3);
#9403 = AXIS2_PLACEMENT_3D('',#9404,#9405,#9406);
#9404 = CARTESIAN_POINT('',(-2.724938966801,0.43,0.3));
#9405 = DIRECTION('',(-1.144237745222E-17,-1.,0.));
#9406 = DIRECTION('',(0.984807753012,-1.126854202784E-17,-0.173648177667
    ));
#9407 = ADVANCED_FACE('',(#9408),#9414,.F.);
#9408 = FACE_BOUND('',#9409,.F.);
#9409 = EDGE_LOOP('',(#9410,#9411,#9412,#9413));
#9410 = ORIENTED_EDGE('',*,*,#7638,.T.);
#9411 = ORIENTED_EDGE('',*,*,#7656,.T.);
#9412 = ORIENTED_EDGE('',*,*,#9397,.F.);
#9413 = ORIENTED_EDGE('',*,*,#7547,.F.);
#9414 = PLANE('',#9415);
#9415 = AXIS2_PLACEMENT_3D('',#9416,#9417,#9418);
#9416 = CARTESIAN_POINT('',(-2.348480775301,0.43,0.742364817767));
#9417 = DIRECTION('',(-0.986841372087,1.129181146488E-17,0.161691392282)
  );
#9418 = DIRECTION('',(-0.161691392282,1.85013394127E-18,-0.986841372087)
  );
#9419 = ADVANCED_FACE('',(#9420),#9431,.F.);
#9420 = FACE_BOUND('',#9421,.F.);
#9421 = EDGE_LOOP('',(#9422,#9428,#9429,#9430));
#9422 = ORIENTED_EDGE('',*,*,#9423,.T.);
#9423 = EDGE_CURVE('',#7807,#7909,#9424,.T.);
#9424 = LINE('',#9425,#9426);
#9425 = CARTESIAN_POINT('',(-2.6264581915,1.7,0.282635182233));
#9426 = VECTOR('',#9427,1.);
#9427 = DIRECTION('',(1.144237745222E-17,1.,0.));
#9428 = ORIENTED_EDGE('',*,*,#7917,.T.);
#9429 = ORIENTED_EDGE('',*,*,#8795,.F.);
#9430 = ORIENTED_EDGE('',*,*,#7815,.F.);
#9431 = PLANE('',#9432);
#9432 = AXIS2_PLACEMENT_3D('',#9433,#9434,#9435);
#9433 = CARTESIAN_POINT('',(-2.6264581915,1.7,0.282635182233));
#9434 = DIRECTION('',(0.986841372087,-1.129181146488E-17,-0.161691392282
    ));
#9435 = DIRECTION('',(0.161691392282,-1.85013394127E-18,0.986841372087)
  );
#9436 = ADVANCED_FACE('',(#9437),#9448,.F.);
#9437 = FACE_BOUND('',#9438,.F.);
#9438 = EDGE_LOOP('',(#9439,#9445,#9446,#9447));
#9439 = ORIENTED_EDGE('',*,*,#9440,.T.);
#9440 = EDGE_CURVE('',#7799,#7901,#9441,.T.);
#9441 = LINE('',#9442,#9443);
#9442 = CARTESIAN_POINT('',(-2.724938966801,1.7,0.2));
#9443 = VECTOR('',#9444,1.);
#9444 = DIRECTION('',(1.144237745222E-17,1.,0.));
#9445 = ORIENTED_EDGE('',*,*,#7908,.T.);
#9446 = ORIENTED_EDGE('',*,*,#9423,.F.);
#9447 = ORIENTED_EDGE('',*,*,#7806,.F.);
#9448 = CYLINDRICAL_SURFACE('',#9449,0.1);
#9449 = AXIS2_PLACEMENT_3D('',#9450,#9451,#9452);
#9450 = CARTESIAN_POINT('',(-2.724938966801,1.7,0.3));
#9451 = DIRECTION('',(-1.144237745222E-17,-1.,0.));
#9452 = DIRECTION('',(-0.,0.,-1.));
#9453 = ADVANCED_FACE('',(#9454),#9465,.F.);
#9454 = FACE_BOUND('',#9455,.F.);
#9455 = EDGE_LOOP('',(#9456,#9462,#9463,#9464));
#9456 = ORIENTED_EDGE('',*,*,#9457,.T.);
#9457 = EDGE_CURVE('',#7791,#7893,#9458,.T.);
#9458 = LINE('',#9459,#9460);
#9459 = CARTESIAN_POINT('',(-3.,1.7,0.2));
#9460 = VECTOR('',#9461,1.);
#9461 = DIRECTION('',(1.144237745222E-17,1.,0.));
#9462 = ORIENTED_EDGE('',*,*,#7900,.T.);
#9463 = ORIENTED_EDGE('',*,*,#9440,.F.);
#9464 = ORIENTED_EDGE('',*,*,#7798,.F.);
#9465 = PLANE('',#9466);
#9466 = AXIS2_PLACEMENT_3D('',#9467,#9468,#9469);
#9467 = CARTESIAN_POINT('',(-3.,1.7,0.2));
#9468 = DIRECTION('',(0.,0.,-1.));
#9469 = DIRECTION('',(1.,-1.144237745222E-17,0.));
#9470 = ADVANCED_FACE('',(#9471),#9482,.F.);
#9471 = FACE_BOUND('',#9472,.F.);
#9472 = EDGE_LOOP('',(#9473,#9479,#9480,#9481));
#9473 = ORIENTED_EDGE('',*,*,#9474,.T.);
#9474 = EDGE_CURVE('',#7783,#7885,#9475,.T.);
#9475 = LINE('',#9476,#9477);
#9476 = CARTESIAN_POINT('',(-3.,1.7,-1.665334536938E-16));
#9477 = VECTOR('',#9478,1.);
#9478 = DIRECTION('',(1.144237745222E-17,1.,0.));
#9479 = ORIENTED_EDGE('',*,*,#7892,.T.);
#9480 = ORIENTED_EDGE('',*,*,#9457,.F.);
#9481 = ORIENTED_EDGE('',*,*,#7790,.F.);
#9482 = PLANE('',#9483);
#9483 = AXIS2_PLACEMENT_3D('',#9484,#9485,#9486);
#9484 = CARTESIAN_POINT('',(-3.,1.7,-1.665334536938E-16));
#9485 = DIRECTION('',(1.,-1.144237745222E-17,0.));
#9486 = DIRECTION('',(0.,0.,1.));
#9487 = ADVANCED_FACE('',(#9488),#9499,.F.);
#9488 = FACE_BOUND('',#9489,.F.);
#9489 = EDGE_LOOP('',(#9490,#9496,#9497,#9498));
#9490 = ORIENTED_EDGE('',*,*,#9491,.T.);
#9491 = EDGE_CURVE('',#7774,#7876,#9492,.T.);
#9492 = LINE('',#9493,#9494);
#9493 = CARTESIAN_POINT('',(-2.724938966801,1.7,-1.665334536938E-16));
#9494 = VECTOR('',#9495,1.);
#9495 = DIRECTION('',(1.144237745222E-17,1.,0.));
#9496 = ORIENTED_EDGE('',*,*,#7884,.T.);
#9497 = ORIENTED_EDGE('',*,*,#9474,.F.);
#9498 = ORIENTED_EDGE('',*,*,#7782,.F.);
#9499 = PLANE('',#9500);
#9500 = AXIS2_PLACEMENT_3D('',#9501,#9502,#9503);
#9501 = CARTESIAN_POINT('',(-2.724938966801,1.7,-1.665334536938E-16));
#9502 = DIRECTION('',(0.,0.,1.));
#9503 = DIRECTION('',(-1.,1.144237745222E-17,0.));
#9504 = ADVANCED_FACE('',(#9505),#9516,.T.);
#9505 = FACE_BOUND('',#9506,.T.);
#9506 = EDGE_LOOP('',(#9507,#9508,#9509,#9510));
#9507 = ORIENTED_EDGE('',*,*,#7773,.T.);
#9508 = ORIENTED_EDGE('',*,*,#9491,.T.);
#9509 = ORIENTED_EDGE('',*,*,#7875,.F.);
#9510 = ORIENTED_EDGE('',*,*,#9511,.F.);
#9511 = EDGE_CURVE('',#7766,#7868,#9512,.T.);
#9512 = LINE('',#9513,#9514);
#9513 = CARTESIAN_POINT('',(-2.429496640897,1.7,0.2479055467));
#9514 = VECTOR('',#9515,1.);
#9515 = DIRECTION('',(1.144237745222E-17,1.,0.));
#9516 = CYLINDRICAL_SURFACE('',#9517,0.3);
#9517 = AXIS2_PLACEMENT_3D('',#9518,#9519,#9520);
#9518 = CARTESIAN_POINT('',(-2.724938966801,1.7,0.3));
#9519 = DIRECTION('',(-1.144237745222E-17,-1.,0.));
#9520 = DIRECTION('',(0.984807753012,-1.126854202784E-17,-0.173648177667
    ));
#9521 = ADVANCED_FACE('',(#9522),#9528,.F.);
#9522 = FACE_BOUND('',#9523,.F.);
#9523 = EDGE_LOOP('',(#9524,#9525,#9526,#9527));
#9524 = ORIENTED_EDGE('',*,*,#7849,.T.);
#9525 = ORIENTED_EDGE('',*,*,#7867,.T.);
#9526 = ORIENTED_EDGE('',*,*,#9511,.F.);
#9527 = ORIENTED_EDGE('',*,*,#7765,.F.);
#9528 = PLANE('',#9529);
#9529 = AXIS2_PLACEMENT_3D('',#9530,#9531,#9532);
#9530 = CARTESIAN_POINT('',(-2.348480775301,1.7,0.742364817767));
#9531 = DIRECTION('',(-0.986841372087,1.129181146488E-17,0.161691392282)
  );
#9532 = DIRECTION('',(-0.161691392282,1.85013394127E-18,-0.986841372087)
  );
#9533 = ADVANCED_FACE('',(#9534),#9545,.F.);
#9534 = FACE_BOUND('',#9535,.F.);
#9535 = EDGE_LOOP('',(#9536,#9542,#9543,#9544));
#9536 = ORIENTED_EDGE('',*,*,#9537,.T.);
#9537 = EDGE_CURVE('',#7994,#8096,#9538,.T.);
#9538 = LINE('',#9539,#9540);
#9539 = CARTESIAN_POINT('',(2.6264581915,2.11,0.282635182233));
#9540 = VECTOR('',#9541,1.);
#9541 = DIRECTION('',(1.110223024625E-16,-1.,0.));
#9542 = ORIENTED_EDGE('',*,*,#8104,.T.);
#9543 = ORIENTED_EDGE('',*,*,#9004,.F.);
#9544 = ORIENTED_EDGE('',*,*,#8002,.F.);
#9545 = PLANE('',#9546);
#9546 = AXIS2_PLACEMENT_3D('',#9547,#9548,#9549);
#9547 = CARTESIAN_POINT('',(2.6264581915,2.11,0.282635182233));
#9548 = DIRECTION('',(-0.986841372087,-1.095614012943E-16,
    -0.161691392282));
#9549 = DIRECTION('',(-0.161691392282,-1.795135065956E-17,0.986841372087
    ));
#9550 = ADVANCED_FACE('',(#9551),#9562,.F.);
#9551 = FACE_BOUND('',#9552,.F.);
#9552 = EDGE_LOOP('',(#9553,#9559,#9560,#9561));
#9553 = ORIENTED_EDGE('',*,*,#9554,.T.);
#9554 = EDGE_CURVE('',#7986,#8088,#9555,.T.);
#9555 = LINE('',#9556,#9557);
#9556 = CARTESIAN_POINT('',(2.724938966801,2.11,0.2));
#9557 = VECTOR('',#9558,1.);
#9558 = DIRECTION('',(1.110223024625E-16,-1.,0.));
#9559 = ORIENTED_EDGE('',*,*,#8095,.T.);
#9560 = ORIENTED_EDGE('',*,*,#9537,.F.);
#9561 = ORIENTED_EDGE('',*,*,#7993,.F.);
#9562 = CYLINDRICAL_SURFACE('',#9563,0.1);
#9563 = AXIS2_PLACEMENT_3D('',#9564,#9565,#9566);
#9564 = CARTESIAN_POINT('',(2.724938966801,2.11,0.3));
#9565 = DIRECTION('',(-1.110223024625E-16,1.,0.));
#9566 = DIRECTION('',(0.,0.,-1.));
#9567 = ADVANCED_FACE('',(#9568),#9579,.F.);
#9568 = FACE_BOUND('',#9569,.F.);
#9569 = EDGE_LOOP('',(#9570,#9576,#9577,#9578));
#9570 = ORIENTED_EDGE('',*,*,#9571,.T.);
#9571 = EDGE_CURVE('',#7978,#8080,#9572,.T.);
#9572 = LINE('',#9573,#9574);
#9573 = CARTESIAN_POINT('',(3.,2.11,0.2));
#9574 = VECTOR('',#9575,1.);
#9575 = DIRECTION('',(1.110223024625E-16,-1.,0.));
#9576 = ORIENTED_EDGE('',*,*,#8087,.T.);
#9577 = ORIENTED_EDGE('',*,*,#9554,.F.);
#9578 = ORIENTED_EDGE('',*,*,#7985,.F.);
#9579 = PLANE('',#9580);
#9580 = AXIS2_PLACEMENT_3D('',#9581,#9582,#9583);
#9581 = CARTESIAN_POINT('',(3.,2.11,0.2));
#9582 = DIRECTION('',(0.,0.,-1.));
#9583 = DIRECTION('',(-1.,-1.110223024625E-16,-0.));
#9584 = ADVANCED_FACE('',(#9585),#9596,.F.);
#9585 = FACE_BOUND('',#9586,.F.);
#9586 = EDGE_LOOP('',(#9587,#9593,#9594,#9595));
#9587 = ORIENTED_EDGE('',*,*,#9588,.T.);
#9588 = EDGE_CURVE('',#7970,#8072,#9589,.T.);
#9589 = LINE('',#9590,#9591);
#9590 = CARTESIAN_POINT('',(3.,2.11,-1.665334536938E-16));
#9591 = VECTOR('',#9592,1.);
#9592 = DIRECTION('',(1.110223024625E-16,-1.,0.));
#9593 = ORIENTED_EDGE('',*,*,#8079,.T.);
#9594 = ORIENTED_EDGE('',*,*,#9571,.F.);
#9595 = ORIENTED_EDGE('',*,*,#7977,.F.);
#9596 = PLANE('',#9597);
#9597 = AXIS2_PLACEMENT_3D('',#9598,#9599,#9600);
#9598 = CARTESIAN_POINT('',(3.,2.11,-1.665334536938E-16));
#9599 = DIRECTION('',(-1.,-1.110223024625E-16,0.));
#9600 = DIRECTION('',(0.,0.,1.));
#9601 = ADVANCED_FACE('',(#9602),#9613,.F.);
#9602 = FACE_BOUND('',#9603,.F.);
#9603 = EDGE_LOOP('',(#9604,#9610,#9611,#9612));
#9604 = ORIENTED_EDGE('',*,*,#9605,.T.);
#9605 = EDGE_CURVE('',#7961,#8063,#9606,.T.);
#9606 = LINE('',#9607,#9608);
#9607 = CARTESIAN_POINT('',(2.724938966801,2.11,-1.665334536938E-16));
#9608 = VECTOR('',#9609,1.);
#9609 = DIRECTION('',(1.110223024625E-16,-1.,0.));
#9610 = ORIENTED_EDGE('',*,*,#8071,.T.);
#9611 = ORIENTED_EDGE('',*,*,#9588,.F.);
#9612 = ORIENTED_EDGE('',*,*,#7969,.F.);
#9613 = PLANE('',#9614);
#9614 = AXIS2_PLACEMENT_3D('',#9615,#9616,#9617);
#9615 = CARTESIAN_POINT('',(2.724938966801,2.11,-1.665334536938E-16));
#9616 = DIRECTION('',(0.,0.,1.));
#9617 = DIRECTION('',(1.,1.110223024625E-16,-0.));
#9618 = ADVANCED_FACE('',(#9619),#9630,.T.);
#9619 = FACE_BOUND('',#9620,.T.);
#9620 = EDGE_LOOP('',(#9621,#9622,#9623,#9624));
#9621 = ORIENTED_EDGE('',*,*,#7960,.T.);
#9622 = ORIENTED_EDGE('',*,*,#9605,.T.);
#9623 = ORIENTED_EDGE('',*,*,#8062,.F.);
#9624 = ORIENTED_EDGE('',*,*,#9625,.F.);
#9625 = EDGE_CURVE('',#7953,#8055,#9626,.T.);
#9626 = LINE('',#9627,#9628);
#9627 = CARTESIAN_POINT('',(2.429496640897,2.11,0.2479055467));
#9628 = VECTOR('',#9629,1.);
#9629 = DIRECTION('',(1.110223024625E-16,-1.,0.));
#9630 = CYLINDRICAL_SURFACE('',#9631,0.3);
#9631 = AXIS2_PLACEMENT_3D('',#9632,#9633,#9634);
#9632 = CARTESIAN_POINT('',(2.724938966801,2.11,0.3));
#9633 = DIRECTION('',(-1.110223024625E-16,1.,0.));
#9634 = DIRECTION('',(-0.984807753012,-1.093356242223E-16,
    -0.173648177667));
#9635 = ADVANCED_FACE('',(#9636),#9642,.F.);
#9636 = FACE_BOUND('',#9637,.F.);
#9637 = EDGE_LOOP('',(#9638,#9639,#9640,#9641));
#9638 = ORIENTED_EDGE('',*,*,#8036,.T.);
#9639 = ORIENTED_EDGE('',*,*,#8054,.T.);
#9640 = ORIENTED_EDGE('',*,*,#9625,.F.);
#9641 = ORIENTED_EDGE('',*,*,#7952,.F.);
#9642 = PLANE('',#9643);
#9643 = AXIS2_PLACEMENT_3D('',#9644,#9645,#9646);
#9644 = CARTESIAN_POINT('',(2.348480775301,2.11,0.742364817767));
#9645 = DIRECTION('',(0.986841372087,1.095614012943E-16,0.161691392282)
  );
#9646 = DIRECTION('',(0.161691392282,1.795135065956E-17,-0.986841372087)
  );
#9647 = ADVANCED_FACE('',(#9648),#9659,.T.);
#9648 = FACE_BOUND('',#9649,.T.);
#9649 = EDGE_LOOP('',(#9650,#9651,#9652,#9653));
#9650 = ORIENTED_EDGE('',*,*,#8214,.T.);
#9651 = ORIENTED_EDGE('',*,*,#8929,.T.);
#9652 = ORIENTED_EDGE('',*,*,#8323,.F.);
#9653 = ORIENTED_EDGE('',*,*,#9654,.F.);
#9654 = EDGE_CURVE('',#8207,#8316,#9655,.T.);
#9655 = LINE('',#9656,#9657);
#9656 = CARTESIAN_POINT('',(2.545442325904,0.84,0.7770944533));
#9657 = VECTOR('',#9658,1.);
#9658 = DIRECTION('',(1.110223024625E-16,-1.,0.));
#9659 = CYLINDRICAL_SURFACE('',#9660,0.3);
#9660 = AXIS2_PLACEMENT_3D('',#9661,#9662,#9663);
#9661 = CARTESIAN_POINT('',(2.25,0.84,0.725));
#9662 = DIRECTION('',(-1.110223024625E-16,1.,0.));
#9663 = DIRECTION('',(0.984807753012,1.093356242223E-16,0.173648177667)
  );
#9664 = ADVANCED_FACE('',(#9665),#9676,.F.);
#9665 = FACE_BOUND('',#9666,.F.);
#9666 = EDGE_LOOP('',(#9667,#9673,#9674,#9675));
#9667 = ORIENTED_EDGE('',*,*,#9668,.T.);
#9668 = EDGE_CURVE('',#8198,#8307,#9669,.T.);
#9669 = LINE('',#9670,#9671);
#9670 = CARTESIAN_POINT('',(2.6264581915,0.84,0.282635182233));
#9671 = VECTOR('',#9672,1.);
#9672 = DIRECTION('',(1.110223024625E-16,-1.,0.));
#9673 = ORIENTED_EDGE('',*,*,#8315,.T.);
#9674 = ORIENTED_EDGE('',*,*,#9654,.F.);
#9675 = ORIENTED_EDGE('',*,*,#8206,.F.);
#9676 = PLANE('',#9677);
#9677 = AXIS2_PLACEMENT_3D('',#9678,#9679,#9680);
#9678 = CARTESIAN_POINT('',(2.6264581915,0.84,0.282635182233));
#9679 = DIRECTION('',(-0.986841372087,-1.095614012943E-16,
    -0.161691392282));
#9680 = DIRECTION('',(-0.161691392282,-1.795135065956E-17,0.986841372087
    ));
#9681 = ADVANCED_FACE('',(#9682),#9693,.F.);
#9682 = FACE_BOUND('',#9683,.F.);
#9683 = EDGE_LOOP('',(#9684,#9690,#9691,#9692));
#9684 = ORIENTED_EDGE('',*,*,#9685,.T.);
#9685 = EDGE_CURVE('',#8190,#8299,#9686,.T.);
#9686 = LINE('',#9687,#9688);
#9687 = CARTESIAN_POINT('',(2.724938966801,0.84,0.2));
#9688 = VECTOR('',#9689,1.);
#9689 = DIRECTION('',(1.110223024625E-16,-1.,0.));
#9690 = ORIENTED_EDGE('',*,*,#8306,.T.);
#9691 = ORIENTED_EDGE('',*,*,#9668,.F.);
#9692 = ORIENTED_EDGE('',*,*,#8197,.F.);
#9693 = CYLINDRICAL_SURFACE('',#9694,0.1);
#9694 = AXIS2_PLACEMENT_3D('',#9695,#9696,#9697);
#9695 = CARTESIAN_POINT('',(2.724938966801,0.84,0.3));
#9696 = DIRECTION('',(-1.110223024625E-16,1.,0.));
#9697 = DIRECTION('',(0.,0.,-1.));
#9698 = ADVANCED_FACE('',(#9699),#9710,.F.);
#9699 = FACE_BOUND('',#9700,.F.);
#9700 = EDGE_LOOP('',(#9701,#9707,#9708,#9709));
#9701 = ORIENTED_EDGE('',*,*,#9702,.T.);
#9702 = EDGE_CURVE('',#8182,#8291,#9703,.T.);
#9703 = LINE('',#9704,#9705);
#9704 = CARTESIAN_POINT('',(3.,0.84,0.2));
#9705 = VECTOR('',#9706,1.);
#9706 = DIRECTION('',(1.110223024625E-16,-1.,0.));
#9707 = ORIENTED_EDGE('',*,*,#8298,.T.);
#9708 = ORIENTED_EDGE('',*,*,#9685,.F.);
#9709 = ORIENTED_EDGE('',*,*,#8189,.F.);
#9710 = PLANE('',#9711);
#9711 = AXIS2_PLACEMENT_3D('',#9712,#9713,#9714);
#9712 = CARTESIAN_POINT('',(3.,0.84,0.2));
#9713 = DIRECTION('',(0.,0.,-1.));
#9714 = DIRECTION('',(-1.,-1.110223024625E-16,-0.));
#9715 = ADVANCED_FACE('',(#9716),#9727,.F.);
#9716 = FACE_BOUND('',#9717,.F.);
#9717 = EDGE_LOOP('',(#9718,#9724,#9725,#9726));
#9718 = ORIENTED_EDGE('',*,*,#9719,.T.);
#9719 = EDGE_CURVE('',#8174,#8283,#9720,.T.);
#9720 = LINE('',#9721,#9722);
#9721 = CARTESIAN_POINT('',(3.,0.84,-1.665334536938E-16));
#9722 = VECTOR('',#9723,1.);
#9723 = DIRECTION('',(1.110223024625E-16,-1.,0.));
#9724 = ORIENTED_EDGE('',*,*,#8290,.T.);
#9725 = ORIENTED_EDGE('',*,*,#9702,.F.);
#9726 = ORIENTED_EDGE('',*,*,#8181,.F.);
#9727 = PLANE('',#9728);
#9728 = AXIS2_PLACEMENT_3D('',#9729,#9730,#9731);
#9729 = CARTESIAN_POINT('',(3.,0.84,-1.665334536938E-16));
#9730 = DIRECTION('',(-1.,-1.110223024625E-16,0.));
#9731 = DIRECTION('',(0.,0.,1.));
#9732 = ADVANCED_FACE('',(#9733),#9744,.F.);
#9733 = FACE_BOUND('',#9734,.F.);
#9734 = EDGE_LOOP('',(#9735,#9741,#9742,#9743));
#9735 = ORIENTED_EDGE('',*,*,#9736,.T.);
#9736 = EDGE_CURVE('',#8165,#8274,#9737,.T.);
#9737 = LINE('',#9738,#9739);
#9738 = CARTESIAN_POINT('',(2.724938966801,0.84,-1.665334536938E-16));
#9739 = VECTOR('',#9740,1.);
#9740 = DIRECTION('',(1.110223024625E-16,-1.,0.));
#9741 = ORIENTED_EDGE('',*,*,#8282,.T.);
#9742 = ORIENTED_EDGE('',*,*,#9719,.F.);
#9743 = ORIENTED_EDGE('',*,*,#8173,.F.);
#9744 = PLANE('',#9745);
#9745 = AXIS2_PLACEMENT_3D('',#9746,#9747,#9748);
#9746 = CARTESIAN_POINT('',(2.724938966801,0.84,-1.665334536938E-16));
#9747 = DIRECTION('',(0.,0.,1.));
#9748 = DIRECTION('',(1.,1.110223024625E-16,-0.));
#9749 = ADVANCED_FACE('',(#9750),#9761,.T.);
#9750 = FACE_BOUND('',#9751,.T.);
#9751 = EDGE_LOOP('',(#9752,#9753,#9754,#9755));
#9752 = ORIENTED_EDGE('',*,*,#8164,.T.);
#9753 = ORIENTED_EDGE('',*,*,#9736,.T.);
#9754 = ORIENTED_EDGE('',*,*,#8273,.F.);
#9755 = ORIENTED_EDGE('',*,*,#9756,.F.);
#9756 = EDGE_CURVE('',#8157,#8266,#9757,.T.);
#9757 = LINE('',#9758,#9759);
#9758 = CARTESIAN_POINT('',(2.429496640897,0.84,0.2479055467));
#9759 = VECTOR('',#9760,1.);
#9760 = DIRECTION('',(1.110223024625E-16,-1.,0.));
#9761 = CYLINDRICAL_SURFACE('',#9762,0.3);
#9762 = AXIS2_PLACEMENT_3D('',#9763,#9764,#9765);
#9763 = CARTESIAN_POINT('',(2.724938966801,0.84,0.3));
#9764 = DIRECTION('',(-1.110223024625E-16,1.,0.));
#9765 = DIRECTION('',(-0.984807753012,-1.093356242223E-16,
    -0.173648177667));
#9766 = ADVANCED_FACE('',(#9767),#9773,.F.);
#9767 = FACE_BOUND('',#9768,.F.);
#9768 = EDGE_LOOP('',(#9769,#9770,#9771,#9772));
#9769 = ORIENTED_EDGE('',*,*,#8247,.T.);
#9770 = ORIENTED_EDGE('',*,*,#8265,.T.);
#9771 = ORIENTED_EDGE('',*,*,#9756,.F.);
#9772 = ORIENTED_EDGE('',*,*,#8156,.F.);
#9773 = PLANE('',#9774);
#9774 = AXIS2_PLACEMENT_3D('',#9775,#9776,#9777);
#9775 = CARTESIAN_POINT('',(2.348480775301,0.84,0.742364817767));
#9776 = DIRECTION('',(0.986841372087,1.095614012943E-16,0.161691392282)
  );
#9777 = DIRECTION('',(0.161691392282,1.795135065956E-17,-0.986841372087)
  );
#9778 = ADVANCED_FACE('',(#9779),#9790,.T.);
#9779 = FACE_BOUND('',#9780,.T.);
#9780 = EDGE_LOOP('',(#9781,#9782,#9783,#9784));
#9781 = ORIENTED_EDGE('',*,*,#8437,.T.);
#9782 = ORIENTED_EDGE('',*,*,#8948,.T.);
#9783 = ORIENTED_EDGE('',*,*,#8546,.F.);
#9784 = ORIENTED_EDGE('',*,*,#9785,.F.);
#9785 = EDGE_CURVE('',#8430,#8539,#9786,.T.);
#9786 = LINE('',#9787,#9788);
#9787 = CARTESIAN_POINT('',(2.545442325904,-0.43,0.7770944533));
#9788 = VECTOR('',#9789,1.);
#9789 = DIRECTION('',(1.110223024625E-16,-1.,0.));
#9790 = CYLINDRICAL_SURFACE('',#9791,0.3);
#9791 = AXIS2_PLACEMENT_3D('',#9792,#9793,#9794);
#9792 = CARTESIAN_POINT('',(2.25,-0.43,0.725));
#9793 = DIRECTION('',(-1.110223024625E-16,1.,0.));
#9794 = DIRECTION('',(0.984807753012,1.093356242223E-16,0.173648177667)
  );
#9795 = ADVANCED_FACE('',(#9796),#9807,.F.);
#9796 = FACE_BOUND('',#9797,.F.);
#9797 = EDGE_LOOP('',(#9798,#9804,#9805,#9806));
#9798 = ORIENTED_EDGE('',*,*,#9799,.T.);
#9799 = EDGE_CURVE('',#8421,#8530,#9800,.T.);
#9800 = LINE('',#9801,#9802);
#9801 = CARTESIAN_POINT('',(2.6264581915,-0.43,0.282635182233));
#9802 = VECTOR('',#9803,1.);
#9803 = DIRECTION('',(1.110223024625E-16,-1.,0.));
#9804 = ORIENTED_EDGE('',*,*,#8538,.T.);
#9805 = ORIENTED_EDGE('',*,*,#9785,.F.);
#9806 = ORIENTED_EDGE('',*,*,#8429,.F.);
#9807 = PLANE('',#9808);
#9808 = AXIS2_PLACEMENT_3D('',#9809,#9810,#9811);
#9809 = CARTESIAN_POINT('',(2.6264581915,-0.43,0.282635182233));
#9810 = DIRECTION('',(-0.986841372087,-1.095614012943E-16,
    -0.161691392282));
#9811 = DIRECTION('',(-0.161691392282,-1.795135065956E-17,0.986841372087
    ));
#9812 = ADVANCED_FACE('',(#9813),#9824,.F.);
#9813 = FACE_BOUND('',#9814,.F.);
#9814 = EDGE_LOOP('',(#9815,#9821,#9822,#9823));
#9815 = ORIENTED_EDGE('',*,*,#9816,.T.);
#9816 = EDGE_CURVE('',#8413,#8522,#9817,.T.);
#9817 = LINE('',#9818,#9819);
#9818 = CARTESIAN_POINT('',(2.724938966801,-0.43,0.2));
#9819 = VECTOR('',#9820,1.);
#9820 = DIRECTION('',(1.110223024625E-16,-1.,0.));
#9821 = ORIENTED_EDGE('',*,*,#8529,.T.);
#9822 = ORIENTED_EDGE('',*,*,#9799,.F.);
#9823 = ORIENTED_EDGE('',*,*,#8420,.F.);
#9824 = CYLINDRICAL_SURFACE('',#9825,0.1);
#9825 = AXIS2_PLACEMENT_3D('',#9826,#9827,#9828);
#9826 = CARTESIAN_POINT('',(2.724938966801,-0.43,0.3));
#9827 = DIRECTION('',(-1.110223024625E-16,1.,0.));
#9828 = DIRECTION('',(0.,0.,-1.));
#9829 = ADVANCED_FACE('',(#9830),#9841,.F.);
#9830 = FACE_BOUND('',#9831,.F.);
#9831 = EDGE_LOOP('',(#9832,#9838,#9839,#9840));
#9832 = ORIENTED_EDGE('',*,*,#9833,.T.);
#9833 = EDGE_CURVE('',#8405,#8514,#9834,.T.);
#9834 = LINE('',#9835,#9836);
#9835 = CARTESIAN_POINT('',(3.,-0.43,0.2));
#9836 = VECTOR('',#9837,1.);
#9837 = DIRECTION('',(1.110223024625E-16,-1.,0.));
#9838 = ORIENTED_EDGE('',*,*,#8521,.T.);
#9839 = ORIENTED_EDGE('',*,*,#9816,.F.);
#9840 = ORIENTED_EDGE('',*,*,#8412,.F.);
#9841 = PLANE('',#9842);
#9842 = AXIS2_PLACEMENT_3D('',#9843,#9844,#9845);
#9843 = CARTESIAN_POINT('',(3.,-0.43,0.2));
#9844 = DIRECTION('',(0.,0.,-1.));
#9845 = DIRECTION('',(-1.,-1.110223024625E-16,-0.));
#9846 = ADVANCED_FACE('',(#9847),#9858,.F.);
#9847 = FACE_BOUND('',#9848,.F.);
#9848 = EDGE_LOOP('',(#9849,#9855,#9856,#9857));
#9849 = ORIENTED_EDGE('',*,*,#9850,.T.);
#9850 = EDGE_CURVE('',#8397,#8506,#9851,.T.);
#9851 = LINE('',#9852,#9853);
#9852 = CARTESIAN_POINT('',(3.,-0.43,-1.665334536938E-16));
#9853 = VECTOR('',#9854,1.);
#9854 = DIRECTION('',(1.110223024625E-16,-1.,0.));
#9855 = ORIENTED_EDGE('',*,*,#8513,.T.);
#9856 = ORIENTED_EDGE('',*,*,#9833,.F.);
#9857 = ORIENTED_EDGE('',*,*,#8404,.F.);
#9858 = PLANE('',#9859);
#9859 = AXIS2_PLACEMENT_3D('',#9860,#9861,#9862);
#9860 = CARTESIAN_POINT('',(3.,-0.43,-1.665334536938E-16));
#9861 = DIRECTION('',(-1.,-1.110223024625E-16,0.));
#9862 = DIRECTION('',(0.,0.,1.));
#9863 = ADVANCED_FACE('',(#9864),#9875,.F.);
#9864 = FACE_BOUND('',#9865,.F.);
#9865 = EDGE_LOOP('',(#9866,#9872,#9873,#9874));
#9866 = ORIENTED_EDGE('',*,*,#9867,.T.);
#9867 = EDGE_CURVE('',#8388,#8497,#9868,.T.);
#9868 = LINE('',#9869,#9870);
#9869 = CARTESIAN_POINT('',(2.724938966801,-0.43,-1.665334536938E-16));
#9870 = VECTOR('',#9871,1.);
#9871 = DIRECTION('',(1.110223024625E-16,-1.,0.));
#9872 = ORIENTED_EDGE('',*,*,#8505,.T.);
#9873 = ORIENTED_EDGE('',*,*,#9850,.F.);
#9874 = ORIENTED_EDGE('',*,*,#8396,.F.);
#9875 = PLANE('',#9876);
#9876 = AXIS2_PLACEMENT_3D('',#9877,#9878,#9879);
#9877 = CARTESIAN_POINT('',(2.724938966801,-0.43,-1.665334536938E-16));
#9878 = DIRECTION('',(0.,0.,1.));
#9879 = DIRECTION('',(1.,1.110223024625E-16,-0.));
#9880 = ADVANCED_FACE('',(#9881),#9892,.T.);
#9881 = FACE_BOUND('',#9882,.T.);
#9882 = EDGE_LOOP('',(#9883,#9884,#9885,#9886));
#9883 = ORIENTED_EDGE('',*,*,#8387,.T.);
#9884 = ORIENTED_EDGE('',*,*,#9867,.T.);
#9885 = ORIENTED_EDGE('',*,*,#8496,.F.);
#9886 = ORIENTED_EDGE('',*,*,#9887,.F.);
#9887 = EDGE_CURVE('',#8380,#8489,#9888,.T.);
#9888 = LINE('',#9889,#9890);
#9889 = CARTESIAN_POINT('',(2.429496640897,-0.43,0.2479055467));
#9890 = VECTOR('',#9891,1.);
#9891 = DIRECTION('',(1.110223024625E-16,-1.,0.));
#9892 = CYLINDRICAL_SURFACE('',#9893,0.3);
#9893 = AXIS2_PLACEMENT_3D('',#9894,#9895,#9896);
#9894 = CARTESIAN_POINT('',(2.724938966801,-0.43,0.3));
#9895 = DIRECTION('',(-1.110223024625E-16,1.,0.));
#9896 = DIRECTION('',(-0.984807753012,-1.093356242223E-16,
    -0.173648177667));
#9897 = ADVANCED_FACE('',(#9898),#9904,.F.);
#9898 = FACE_BOUND('',#9899,.F.);
#9899 = EDGE_LOOP('',(#9900,#9901,#9902,#9903));
#9900 = ORIENTED_EDGE('',*,*,#8470,.T.);
#9901 = ORIENTED_EDGE('',*,*,#8488,.T.);
#9902 = ORIENTED_EDGE('',*,*,#9887,.F.);
#9903 = ORIENTED_EDGE('',*,*,#8379,.F.);
#9904 = PLANE('',#9905);
#9905 = AXIS2_PLACEMENT_3D('',#9906,#9907,#9908);
#9906 = CARTESIAN_POINT('',(2.348480775301,-0.43,0.742364817767));
#9907 = DIRECTION('',(0.986841372087,1.095614012943E-16,0.161691392282)
  );
#9908 = DIRECTION('',(0.161691392282,1.795135065956E-17,-0.986841372087)
  );
#9909 = ADVANCED_FACE('',(#9910),#9921,.T.);
#9910 = FACE_BOUND('',#9911,.T.);
#9911 = EDGE_LOOP('',(#9912,#9913,#9914,#9915));
#9912 = ORIENTED_EDGE('',*,*,#8660,.T.);
#9913 = ORIENTED_EDGE('',*,*,#8967,.T.);
#9914 = ORIENTED_EDGE('',*,*,#8769,.F.);
#9915 = ORIENTED_EDGE('',*,*,#9916,.F.);
#9916 = EDGE_CURVE('',#8653,#8762,#9917,.T.);
#9917 = LINE('',#9918,#9919);
#9918 = CARTESIAN_POINT('',(2.545442325904,-1.7,0.7770944533));
#9919 = VECTOR('',#9920,1.);
#9920 = DIRECTION('',(1.110223024625E-16,-1.,0.));
#9921 = CYLINDRICAL_SURFACE('',#9922,0.3);
#9922 = AXIS2_PLACEMENT_3D('',#9923,#9924,#9925);
#9923 = CARTESIAN_POINT('',(2.25,-1.7,0.725));
#9924 = DIRECTION('',(-1.110223024625E-16,1.,0.));
#9925 = DIRECTION('',(0.984807753012,1.093356242223E-16,0.173648177667)
  );
#9926 = ADVANCED_FACE('',(#9927),#9938,.F.);
#9927 = FACE_BOUND('',#9928,.F.);
#9928 = EDGE_LOOP('',(#9929,#9935,#9936,#9937));
#9929 = ORIENTED_EDGE('',*,*,#9930,.T.);
#9930 = EDGE_CURVE('',#8644,#8753,#9931,.T.);
#9931 = LINE('',#9932,#9933);
#9932 = CARTESIAN_POINT('',(2.6264581915,-1.7,0.282635182233));
#9933 = VECTOR('',#9934,1.);
#9934 = DIRECTION('',(1.110223024625E-16,-1.,0.));
#9935 = ORIENTED_EDGE('',*,*,#8761,.T.);
#9936 = ORIENTED_EDGE('',*,*,#9916,.F.);
#9937 = ORIENTED_EDGE('',*,*,#8652,.F.);
#9938 = PLANE('',#9939);
#9939 = AXIS2_PLACEMENT_3D('',#9940,#9941,#9942);
#9940 = CARTESIAN_POINT('',(2.6264581915,-1.7,0.282635182233));
#9941 = DIRECTION('',(-0.986841372087,-1.095614012943E-16,
    -0.161691392282));
#9942 = DIRECTION('',(-0.161691392282,-1.795135065956E-17,0.986841372087
    ));
#9943 = ADVANCED_FACE('',(#9944),#9955,.F.);
#9944 = FACE_BOUND('',#9945,.F.);
#9945 = EDGE_LOOP('',(#9946,#9952,#9953,#9954));
#9946 = ORIENTED_EDGE('',*,*,#9947,.T.);
#9947 = EDGE_CURVE('',#8636,#8745,#9948,.T.);
#9948 = LINE('',#9949,#9950);
#9949 = CARTESIAN_POINT('',(2.724938966801,-1.7,0.2));
#9950 = VECTOR('',#9951,1.);
#9951 = DIRECTION('',(1.110223024625E-16,-1.,0.));
#9952 = ORIENTED_EDGE('',*,*,#8752,.T.);
#9953 = ORIENTED_EDGE('',*,*,#9930,.F.);
#9954 = ORIENTED_EDGE('',*,*,#8643,.F.);
#9955 = CYLINDRICAL_SURFACE('',#9956,0.1);
#9956 = AXIS2_PLACEMENT_3D('',#9957,#9958,#9959);
#9957 = CARTESIAN_POINT('',(2.724938966801,-1.7,0.3));
#9958 = DIRECTION('',(-1.110223024625E-16,1.,0.));
#9959 = DIRECTION('',(0.,0.,-1.));
#9960 = ADVANCED_FACE('',(#9961),#9972,.F.);
#9961 = FACE_BOUND('',#9962,.F.);
#9962 = EDGE_LOOP('',(#9963,#9969,#9970,#9971));
#9963 = ORIENTED_EDGE('',*,*,#9964,.T.);
#9964 = EDGE_CURVE('',#8628,#8737,#9965,.T.);
#9965 = LINE('',#9966,#9967);
#9966 = CARTESIAN_POINT('',(3.,-1.7,0.2));
#9967 = VECTOR('',#9968,1.);
#9968 = DIRECTION('',(1.110223024625E-16,-1.,0.));
#9969 = ORIENTED_EDGE('',*,*,#8744,.T.);
#9970 = ORIENTED_EDGE('',*,*,#9947,.F.);
#9971 = ORIENTED_EDGE('',*,*,#8635,.F.);
#9972 = PLANE('',#9973);
#9973 = AXIS2_PLACEMENT_3D('',#9974,#9975,#9976);
#9974 = CARTESIAN_POINT('',(3.,-1.7,0.2));
#9975 = DIRECTION('',(0.,0.,-1.));
#9976 = DIRECTION('',(-1.,-1.110223024625E-16,-0.));
#9977 = ADVANCED_FACE('',(#9978),#9989,.F.);
#9978 = FACE_BOUND('',#9979,.F.);
#9979 = EDGE_LOOP('',(#9980,#9986,#9987,#9988));
#9980 = ORIENTED_EDGE('',*,*,#9981,.T.);
#9981 = EDGE_CURVE('',#8620,#8729,#9982,.T.);
#9982 = LINE('',#9983,#9984);
#9983 = CARTESIAN_POINT('',(3.,-1.7,-1.665334536938E-16));
#9984 = VECTOR('',#9985,1.);
#9985 = DIRECTION('',(1.110223024625E-16,-1.,0.));
#9986 = ORIENTED_EDGE('',*,*,#8736,.T.);
#9987 = ORIENTED_EDGE('',*,*,#9964,.F.);
#9988 = ORIENTED_EDGE('',*,*,#8627,.F.);
#9989 = PLANE('',#9990);
#9990 = AXIS2_PLACEMENT_3D('',#9991,#9992,#9993);
#9991 = CARTESIAN_POINT('',(3.,-1.7,-1.665334536938E-16));
#9992 = DIRECTION('',(-1.,-1.110223024625E-16,0.));
#9993 = DIRECTION('',(0.,0.,1.));
#9994 = ADVANCED_FACE('',(#9995),#10006,.F.);
#9995 = FACE_BOUND('',#9996,.F.);
#9996 = EDGE_LOOP('',(#9997,#10003,#10004,#10005));
#9997 = ORIENTED_EDGE('',*,*,#9998,.T.);
#9998 = EDGE_CURVE('',#8611,#8720,#9999,.T.);
#9999 = LINE('',#10000,#10001);
#10000 = CARTESIAN_POINT('',(2.724938966801,-1.7,-1.665334536938E-16));
#10001 = VECTOR('',#10002,1.);
#10002 = DIRECTION('',(1.110223024625E-16,-1.,0.));
#10003 = ORIENTED_EDGE('',*,*,#8728,.T.);
#10004 = ORIENTED_EDGE('',*,*,#9981,.F.);
#10005 = ORIENTED_EDGE('',*,*,#8619,.F.);
#10006 = PLANE('',#10007);
#10007 = AXIS2_PLACEMENT_3D('',#10008,#10009,#10010);
#10008 = CARTESIAN_POINT('',(2.724938966801,-1.7,-1.665334536938E-16));
#10009 = DIRECTION('',(0.,0.,1.));
#10010 = DIRECTION('',(1.,1.110223024625E-16,-0.));
#10011 = ADVANCED_FACE('',(#10012),#10023,.T.);
#10012 = FACE_BOUND('',#10013,.T.);
#10013 = EDGE_LOOP('',(#10014,#10015,#10016,#10017));
#10014 = ORIENTED_EDGE('',*,*,#8610,.T.);
#10015 = ORIENTED_EDGE('',*,*,#9998,.T.);
#10016 = ORIENTED_EDGE('',*,*,#8719,.F.);
#10017 = ORIENTED_EDGE('',*,*,#10018,.F.);
#10018 = EDGE_CURVE('',#8603,#8712,#10019,.T.);
#10019 = LINE('',#10020,#10021);
#10020 = CARTESIAN_POINT('',(2.429496640897,-1.7,0.2479055467));
#10021 = VECTOR('',#10022,1.);
#10022 = DIRECTION('',(1.110223024625E-16,-1.,0.));
#10023 = CYLINDRICAL_SURFACE('',#10024,0.3);
#10024 = AXIS2_PLACEMENT_3D('',#10025,#10026,#10027);
#10025 = CARTESIAN_POINT('',(2.724938966801,-1.7,0.3));
#10026 = DIRECTION('',(-1.110223024625E-16,1.,0.));
#10027 = DIRECTION('',(-0.984807753012,-1.093356242223E-16,
    -0.173648177667));
#10028 = ADVANCED_FACE('',(#10029),#10035,.F.);
#10029 = FACE_BOUND('',#10030,.F.);
#10030 = EDGE_LOOP('',(#10031,#10032,#10033,#10034));
#10031 = ORIENTED_EDGE('',*,*,#8693,.T.);
#10032 = ORIENTED_EDGE('',*,*,#8711,.T.);
#10033 = ORIENTED_EDGE('',*,*,#10018,.F.);
#10034 = ORIENTED_EDGE('',*,*,#8602,.F.);
#10035 = PLANE('',#10036);
#10036 = AXIS2_PLACEMENT_3D('',#10037,#10038,#10039);
#10037 = CARTESIAN_POINT('',(2.348480775301,-1.7,0.742364817767));
#10038 = DIRECTION('',(0.986841372087,1.095614012943E-16,0.161691392282)
  );
#10039 = DIRECTION('',(0.161691392282,1.795135065956E-17,-0.986841372087
    ));
#10040 = ADVANCED_FACE('',(#10041),#10042,.F.);
#10041 = FACE_BOUND('',#8893,.T.);
#10042 = PLANE('',#10043);
#10043 = AXIS2_PLACEMENT_3D('',#10044,#10045,#10046);
#10044 = CARTESIAN_POINT('',(-1.110171280765,1.610171280765,1.75));
#10045 = DIRECTION('',(0.,0.,-1.));
#10046 = DIRECTION('',(1.110223024625E-16,-1.,0.));
#10047 = ( GEOMETRIC_REPRESENTATION_CONTEXT(3) 
GLOBAL_UNCERTAINTY_ASSIGNED_CONTEXT((#10051)) 
GLOBAL_UNIT_ASSIGNED_CONTEXT((#10048,#10049,#10050)) 
REPRESENTATION_CONTEXT('Context #1',
  '3D Context with UNIT and UNCERTAINTY') );
#10048 = ( LENGTH_UNIT() NAMED_UNIT(*) SI_UNIT(.MILLI.,.METRE.) );
#10049 = ( NAMED_UNIT(*) PLANE_ANGLE_UNIT() SI_UNIT($,.RADIAN.) );
#10050 = ( NAMED_UNIT(*) SI_UNIT($,.STERADIAN.) SOLID_ANGLE_UNIT() );
#10051 = UNCERTAINTY_MEASURE_WITH_UNIT(LENGTH_MEASURE(1.E-07),#10048,
  'distance_accuracy_value','confusion accuracy');
#10052 = CONTEXT_DEPENDENT_SHAPE_REPRESENTATION(#10053,#10055);
#10053 = ( REPRESENTATION_RELATIONSHIP('','',#5578,#10) 
REPRESENTATION_RELATIONSHIP_WITH_TRANSFORMATION(#10054) 
SHAPE_REPRESENTATION_RELATIONSHIP() );
#10054 = ITEM_DEFINED_TRANSFORMATION('','',#11,#163);
#10055 = PRODUCT_DEFINITION_SHAPE('Placement','Placement of an item',
  #10056);
#10056 = NEXT_ASSEMBLY_USAGE_OCCURRENCE('38','U1','',#5,#5573,$);
#10057 = PRODUCT_RELATED_PRODUCT_CATEGORY('part',$,(#5575));
#10058 = CONTEXT_DEPENDENT_SHAPE_REPRESENTATION(#10059,#10061);
#10059 = ( REPRESENTATION_RELATIONSHIP('','',#2189,#10) 
REPRESENTATION_RELATIONSHIP_WITH_TRANSFORMATION(#10060) 
SHAPE_REPRESENTATION_RELATIONSHIP() );
#10060 = ITEM_DEFINED_TRANSFORMATION('','',#11,#167);
#10061 = PRODUCT_DEFINITION_SHAPE('Placement','Placement of an item',
  #10062);
#10062 = NEXT_ASSEMBLY_USAGE_OCCURRENCE('39','D10','',#5,#2184,$);
#10063 = SHAPE_DEFINITION_REPRESENTATION(#10064,#10070);
#10064 = PRODUCT_DEFINITION_SHAPE('','',#10065);
#10065 = PRODUCT_DEFINITION('design','',#10066,#10069);
#10066 = PRODUCT_DEFINITION_FORMATION('','',#10067);
#10067 = PRODUCT('dndbacklightmap_PCB','dndbacklightmap_PCB','',(#10068)
  );
#10068 = PRODUCT_CONTEXT('',#2,'mechanical');
#10069 = PRODUCT_DEFINITION_CONTEXT('part definition',#2,'design');
#10070 = ADVANCED_BREP_SHAPE_REPRESENTATION('',(#11,#10071),#10221);
#10071 = MANIFOLD_SOLID_BREP('',#10072);
#10072 = CLOSED_SHELL('',(#10073,#10113,#10144,#10175,#10197,#10209));
#10073 = ADVANCED_FACE('',(#10074),#10108,.T.);
#10074 = FACE_BOUND('',#10075,.T.);
#10075 = EDGE_LOOP('',(#10076,#10086,#10094,#10102));
#10076 = ORIENTED_EDGE('',*,*,#10077,.T.);
#10077 = EDGE_CURVE('',#10078,#10080,#10082,.T.);
#10078 = VERTEX_POINT('',#10079);
#10079 = CARTESIAN_POINT('',(169.9946,-134.794,0.));
#10080 = VERTEX_POINT('',#10081);
#10081 = CARTESIAN_POINT('',(169.9946,-134.794,1.51));
#10082 = LINE('',#10083,#10084);
#10083 = CARTESIAN_POINT('',(169.9946,-134.794,0.));
#10084 = VECTOR('',#10085,1.);
#10085 = DIRECTION('',(0.,0.,1.));
#10086 = ORIENTED_EDGE('',*,*,#10087,.T.);
#10087 = EDGE_CURVE('',#10080,#10088,#10090,.T.);
#10088 = VERTEX_POINT('',#10089);
#10089 = CARTESIAN_POINT('',(93.7946,-134.794,1.51));
#10090 = LINE('',#10091,#10092);
#10091 = CARTESIAN_POINT('',(169.9946,-134.794,1.51));
#10092 = VECTOR('',#10093,1.);
#10093 = DIRECTION('',(-1.,0.,0.));
#10094 = ORIENTED_EDGE('',*,*,#10095,.F.);
#10095 = EDGE_CURVE('',#10096,#10088,#10098,.T.);
#10096 = VERTEX_POINT('',#10097);
#10097 = CARTESIAN_POINT('',(93.7946,-134.794,0.));
#10098 = LINE('',#10099,#10100);
#10099 = CARTESIAN_POINT('',(93.7946,-134.794,0.));
#10100 = VECTOR('',#10101,1.);
#10101 = DIRECTION('',(0.,0.,1.));
#10102 = ORIENTED_EDGE('',*,*,#10103,.F.);
#10103 = EDGE_CURVE('',#10078,#10096,#10104,.T.);
#10104 = LINE('',#10105,#10106);
#10105 = CARTESIAN_POINT('',(169.9946,-134.794,0.));
#10106 = VECTOR('',#10107,1.);
#10107 = DIRECTION('',(-1.,0.,0.));
#10108 = PLANE('',#10109);
#10109 = AXIS2_PLACEMENT_3D('',#10110,#10111,#10112);
#10110 = CARTESIAN_POINT('',(169.9946,-134.794,0.));
#10111 = DIRECTION('',(0.,-1.,0.));
#10112 = DIRECTION('',(-1.,0.,0.));
#10113 = ADVANCED_FACE('',(#10114),#10139,.T.);
#10114 = FACE_BOUND('',#10115,.T.);
#10115 = EDGE_LOOP('',(#10116,#10117,#10125,#10133));
#10116 = ORIENTED_EDGE('',*,*,#10095,.T.);
#10117 = ORIENTED_EDGE('',*,*,#10118,.T.);
#10118 = EDGE_CURVE('',#10088,#10119,#10121,.T.);
#10119 = VERTEX_POINT('',#10120);
#10120 = CARTESIAN_POINT('',(93.7946,-58.594,1.51));
#10121 = LINE('',#10122,#10123);
#10122 = CARTESIAN_POINT('',(93.7946,-134.794,1.51));
#10123 = VECTOR('',#10124,1.);
#10124 = DIRECTION('',(0.,1.,0.));
#10125 = ORIENTED_EDGE('',*,*,#10126,.F.);
#10126 = EDGE_CURVE('',#10127,#10119,#10129,.T.);
#10127 = VERTEX_POINT('',#10128);
#10128 = CARTESIAN_POINT('',(93.7946,-58.594,0.));
#10129 = LINE('',#10130,#10131);
#10130 = CARTESIAN_POINT('',(93.7946,-58.594,0.));
#10131 = VECTOR('',#10132,1.);
#10132 = DIRECTION('',(0.,0.,1.));
#10133 = ORIENTED_EDGE('',*,*,#10134,.F.);
#10134 = EDGE_CURVE('',#10096,#10127,#10135,.T.);
#10135 = LINE('',#10136,#10137);
#10136 = CARTESIAN_POINT('',(93.7946,-134.794,0.));
#10137 = VECTOR('',#10138,1.);
#10138 = DIRECTION('',(0.,1.,0.));
#10139 = PLANE('',#10140);
#10140 = AXIS2_PLACEMENT_3D('',#10141,#10142,#10143);
#10141 = CARTESIAN_POINT('',(93.7946,-134.794,0.));
#10142 = DIRECTION('',(-1.,0.,0.));
#10143 = DIRECTION('',(0.,1.,0.));
#10144 = ADVANCED_FACE('',(#10145),#10170,.T.);
#10145 = FACE_BOUND('',#10146,.T.);
#10146 = EDGE_LOOP('',(#10147,#10148,#10156,#10164));
#10147 = ORIENTED_EDGE('',*,*,#10126,.T.);
#10148 = ORIENTED_EDGE('',*,*,#10149,.T.);
#10149 = EDGE_CURVE('',#10119,#10150,#10152,.T.);
#10150 = VERTEX_POINT('',#10151);
#10151 = CARTESIAN_POINT('',(169.9946,-58.594,1.51));
#10152 = LINE('',#10153,#10154);
#10153 = CARTESIAN_POINT('',(93.7946,-58.594,1.51));
#10154 = VECTOR('',#10155,1.);
#10155 = DIRECTION('',(1.,0.,0.));
#10156 = ORIENTED_EDGE('',*,*,#10157,.F.);
#10157 = EDGE_CURVE('',#10158,#10150,#10160,.T.);
#10158 = VERTEX_POINT('',#10159);
#10159 = CARTESIAN_POINT('',(169.9946,-58.594,0.));
#10160 = LINE('',#10161,#10162);
#10161 = CARTESIAN_POINT('',(169.9946,-58.594,0.));
#10162 = VECTOR('',#10163,1.);
#10163 = DIRECTION('',(0.,0.,1.));
#10164 = ORIENTED_EDGE('',*,*,#10165,.F.);
#10165 = EDGE_CURVE('',#10127,#10158,#10166,.T.);
#10166 = LINE('',#10167,#10168);
#10167 = CARTESIAN_POINT('',(93.7946,-58.594,0.));
#10168 = VECTOR('',#10169,1.);
#10169 = DIRECTION('',(1.,0.,0.));
#10170 = PLANE('',#10171);
#10171 = AXIS2_PLACEMENT_3D('',#10172,#10173,#10174);
#10172 = CARTESIAN_POINT('',(93.7946,-58.594,0.));
#10173 = DIRECTION('',(0.,1.,0.));
#10174 = DIRECTION('',(1.,0.,0.));
#10175 = ADVANCED_FACE('',(#10176),#10192,.T.);
#10176 = FACE_BOUND('',#10177,.T.);
#10177 = EDGE_LOOP('',(#10178,#10179,#10185,#10186));
#10178 = ORIENTED_EDGE('',*,*,#10157,.T.);
#10179 = ORIENTED_EDGE('',*,*,#10180,.T.);
#10180 = EDGE_CURVE('',#10150,#10080,#10181,.T.);
#10181 = LINE('',#10182,#10183);
#10182 = CARTESIAN_POINT('',(169.9946,-58.594,1.51));
#10183 = VECTOR('',#10184,1.);
#10184 = DIRECTION('',(0.,-1.,0.));
#10185 = ORIENTED_EDGE('',*,*,#10077,.F.);
#10186 = ORIENTED_EDGE('',*,*,#10187,.F.);
#10187 = EDGE_CURVE('',#10158,#10078,#10188,.T.);
#10188 = LINE('',#10189,#10190);
#10189 = CARTESIAN_POINT('',(169.9946,-58.594,0.));
#10190 = VECTOR('',#10191,1.);
#10191 = DIRECTION('',(0.,-1.,0.));
#10192 = PLANE('',#10193);
#10193 = AXIS2_PLACEMENT_3D('',#10194,#10195,#10196);
#10194 = CARTESIAN_POINT('',(169.9946,-58.594,0.));
#10195 = DIRECTION('',(1.,0.,-0.));
#10196 = DIRECTION('',(0.,-1.,0.));
#10197 = ADVANCED_FACE('',(#10198),#10204,.F.);
#10198 = FACE_BOUND('',#10199,.T.);
#10199 = EDGE_LOOP('',(#10200,#10201,#10202,#10203));
#10200 = ORIENTED_EDGE('',*,*,#10103,.T.);
#10201 = ORIENTED_EDGE('',*,*,#10134,.T.);
#10202 = ORIENTED_EDGE('',*,*,#10165,.T.);
#10203 = ORIENTED_EDGE('',*,*,#10187,.T.);
#10204 = PLANE('',#10205);
#10205 = AXIS2_PLACEMENT_3D('',#10206,#10207,#10208);
#10206 = CARTESIAN_POINT('',(0.,0.,0.));
#10207 = DIRECTION('',(0.,0.,1.));
#10208 = DIRECTION('',(1.,0.,-0.));
#10209 = ADVANCED_FACE('',(#10210),#10216,.T.);
#10210 = FACE_BOUND('',#10211,.F.);
#10211 = EDGE_LOOP('',(#10212,#10213,#10214,#10215));
#10212 = ORIENTED_EDGE('',*,*,#10087,.T.);
#10213 = ORIENTED_EDGE('',*,*,#10118,.T.);
#10214 = ORIENTED_EDGE('',*,*,#10149,.T.);
#10215 = ORIENTED_EDGE('',*,*,#10180,.T.);
#10216 = PLANE('',#10217);
#10217 = AXIS2_PLACEMENT_3D('',#10218,#10219,#10220);
#10218 = CARTESIAN_POINT('',(0.,0.,1.51));
#10219 = DIRECTION('',(0.,0.,1.));
#10220 = DIRECTION('',(1.,0.,-0.));
#10221 = ( GEOMETRIC_REPRESENTATION_CONTEXT(3) 
GLOBAL_UNCERTAINTY_ASSIGNED_CONTEXT((#10225)) 
GLOBAL_UNIT_ASSIGNED_CONTEXT((#10222,#10223,#10224)) 
REPRESENTATION_CONTEXT('Context #1',
  '3D Context with UNIT and UNCERTAINTY') );
#10222 = ( LENGTH_UNIT() NAMED_UNIT(*) SI_UNIT(.MILLI.,.METRE.) );
#10223 = ( NAMED_UNIT(*) PLANE_ANGLE_UNIT() SI_UNIT($,.RADIAN.) );
#10224 = ( NAMED_UNIT(*) SI_UNIT($,.STERADIAN.) SOLID_ANGLE_UNIT() );
#10225 = UNCERTAINTY_MEASURE_WITH_UNIT(LENGTH_MEASURE(1.E-07),#10222,
  'distance_accuracy_value','confusion accuracy');
#10226 = CONTEXT_DEPENDENT_SHAPE_REPRESENTATION(#10227,#10229);
#10227 = ( REPRESENTATION_RELATIONSHIP('','',#10070,#10) 
REPRESENTATION_RELATIONSHIP_WITH_TRANSFORMATION(#10228) 
SHAPE_REPRESENTATION_RELATIONSHIP() );
#10228 = ITEM_DEFINED_TRANSFORMATION('','',#11,#171);
#10229 = PRODUCT_DEFINITION_SHAPE('Placement','Placement of an item',
  #10230);
#10230 = NEXT_ASSEMBLY_USAGE_OCCURRENCE('40','=>[0:1:1:7]','',#5,#10065,
  $);
#10231 = PRODUCT_RELATED_PRODUCT_CATEGORY('part',$,(#10067));
#10232 = MECHANICAL_DESIGN_GEOMETRIC_PRESENTATION_REPRESENTATION('',(
    #10233),#10221);
#10233 = STYLED_ITEM('color',(#10234),#10071);
#10234 = PRESENTATION_STYLE_ASSIGNMENT((#10235));
#10235 = SURFACE_STYLE_USAGE(.BOTH.,#10236);
#10236 = SURFACE_SIDE_STYLE('',(#10237));
#10237 = SURFACE_STYLE_FILL_AREA(#10238);
#10238 = FILL_AREA_STYLE('',(#10239));
#10239 = FILL_AREA_STYLE_COLOUR('',#10240);
#10240 = COLOUR_RGB('',0.313304153717,0.484529207832,0.410020903123);
#10241 = MECHANICAL_DESIGN_GEOMETRIC_PRESENTATION_REPRESENTATION('',(
    #10242,#10250,#10257,#10264,#10271,#10278,#10285,#10292,#10300,
    #10307,#10314,#10321,#10328,#10335,#10342,#10349,#10356,#10363,
    #10370,#10377,#10384,#10391,#10398,#10405,#10412,#10419,#10426,
    #10433,#10440,#10447,#10454,#10461,#10468,#10475,#10482,#10489,
    #10497,#10504,#10511,#10518,#10525,#10532,#10539,#10546,#10553,
    #10560,#10567,#10574,#10581,#10588),#3713);
#10242 = STYLED_ITEM('color',(#10243),#2192);
#10243 = PRESENTATION_STYLE_ASSIGNMENT((#10244));
#10244 = SURFACE_STYLE_USAGE(.BOTH.,#10245);
#10245 = SURFACE_SIDE_STYLE('',(#10246));
#10246 = SURFACE_STYLE_FILL_AREA(#10247);
#10247 = FILL_AREA_STYLE('',(#10248));
#10248 = FILL_AREA_STYLE_COLOUR('',#10249);
#10249 = COLOUR_RGB('',0.894999966383,0.890999961016,0.813000030345);
#10250 = STYLED_ITEM('color',(#10251),#2232);
#10251 = PRESENTATION_STYLE_ASSIGNMENT((#10252));
#10252 = SURFACE_STYLE_USAGE(.BOTH.,#10253);
#10253 = SURFACE_SIDE_STYLE('',(#10254));
#10254 = SURFACE_STYLE_FILL_AREA(#10255);
#10255 = FILL_AREA_STYLE('',(#10256));
#10256 = FILL_AREA_STYLE_COLOUR('',#10249);
#10257 = STYLED_ITEM('color',(#10258),#2279);
#10258 = PRESENTATION_STYLE_ASSIGNMENT((#10259));
#10259 = SURFACE_STYLE_USAGE(.BOTH.,#10260);
#10260 = SURFACE_SIDE_STYLE('',(#10261));
#10261 = SURFACE_STYLE_FILL_AREA(#10262);
#10262 = FILL_AREA_STYLE('',(#10263));
#10263 = FILL_AREA_STYLE_COLOUR('',#10249);
#10264 = STYLED_ITEM('color',(#10265),#2358);
#10265 = PRESENTATION_STYLE_ASSIGNMENT((#10266));
#10266 = SURFACE_STYLE_USAGE(.BOTH.,#10267);
#10267 = SURFACE_SIDE_STYLE('',(#10268));
#10268 = SURFACE_STYLE_FILL_AREA(#10269);
#10269 = FILL_AREA_STYLE('',(#10270));
#10270 = FILL_AREA_STYLE_COLOUR('',#10249);
#10271 = STYLED_ITEM('color',(#10272),#2382);
#10272 = PRESENTATION_STYLE_ASSIGNMENT((#10273));
#10273 = SURFACE_STYLE_USAGE(.BOTH.,#10274);
#10274 = SURFACE_SIDE_STYLE('',(#10275));
#10275 = SURFACE_STYLE_FILL_AREA(#10276);
#10276 = FILL_AREA_STYLE('',(#10277));
#10277 = FILL_AREA_STYLE_COLOUR('',#10249);
#10278 = STYLED_ITEM('color',(#10279),#2422);
#10279 = PRESENTATION_STYLE_ASSIGNMENT((#10280));
#10280 = SURFACE_STYLE_USAGE(.BOTH.,#10281);
#10281 = SURFACE_SIDE_STYLE('',(#10282));
#10282 = SURFACE_STYLE_FILL_AREA(#10283);
#10283 = FILL_AREA_STYLE('',(#10284));
#10284 = FILL_AREA_STYLE_COLOUR('',#10249);
#10285 = STYLED_ITEM('color',(#10286),#2453);
#10286 = PRESENTATION_STYLE_ASSIGNMENT((#10287));
#10287 = SURFACE_STYLE_USAGE(.BOTH.,#10288);
#10288 = SURFACE_SIDE_STYLE('',(#10289));
#10289 = SURFACE_STYLE_FILL_AREA(#10290);
#10290 = FILL_AREA_STYLE('',(#10291));
#10291 = FILL_AREA_STYLE_COLOUR('',#10249);
#10292 = STYLED_ITEM('color',(#10293),#2470);
#10293 = PRESENTATION_STYLE_ASSIGNMENT((#10294));
#10294 = SURFACE_STYLE_USAGE(.BOTH.,#10295);
#10295 = SURFACE_SIDE_STYLE('',(#10296));
#10296 = SURFACE_STYLE_FILL_AREA(#10297);
#10297 = FILL_AREA_STYLE('',(#10298));
#10298 = FILL_AREA_STYLE_COLOUR('',#10299);
#10299 = COLOUR_RGB('',0.859000020776,0.737999965183,0.495999988746);
#10300 = STYLED_ITEM('color',(#10301),#2503);
#10301 = PRESENTATION_STYLE_ASSIGNMENT((#10302));
#10302 = SURFACE_STYLE_USAGE(.BOTH.,#10303);
#10303 = SURFACE_SIDE_STYLE('',(#10304));
#10304 = SURFACE_STYLE_FILL_AREA(#10305);
#10305 = FILL_AREA_STYLE('',(#10306));
#10306 = FILL_AREA_STYLE_COLOUR('',#10249);
#10307 = STYLED_ITEM('color',(#10308),#2527);
#10308 = PRESENTATION_STYLE_ASSIGNMENT((#10309));
#10309 = SURFACE_STYLE_USAGE(.BOTH.,#10310);
#10310 = SURFACE_SIDE_STYLE('',(#10311));
#10311 = SURFACE_STYLE_FILL_AREA(#10312);
#10312 = FILL_AREA_STYLE('',(#10313));
#10313 = FILL_AREA_STYLE_COLOUR('',#10299);
#10314 = STYLED_ITEM('color',(#10315),#2594);
#10315 = PRESENTATION_STYLE_ASSIGNMENT((#10316));
#10316 = SURFACE_STYLE_USAGE(.BOTH.,#10317);
#10317 = SURFACE_SIDE_STYLE('',(#10318));
#10318 = SURFACE_STYLE_FILL_AREA(#10319);
#10319 = FILL_AREA_STYLE('',(#10320));
#10320 = FILL_AREA_STYLE_COLOUR('',#10249);
#10321 = STYLED_ITEM('color',(#10322),#2715);
#10322 = PRESENTATION_STYLE_ASSIGNMENT((#10323));
#10323 = SURFACE_STYLE_USAGE(.BOTH.,#10324);
#10324 = SURFACE_SIDE_STYLE('',(#10325));
#10325 = SURFACE_STYLE_FILL_AREA(#10326);
#10326 = FILL_AREA_STYLE('',(#10327));
#10327 = FILL_AREA_STYLE_COLOUR('',#10299);
#10328 = STYLED_ITEM('color',(#10329),#2782);
#10329 = PRESENTATION_STYLE_ASSIGNMENT((#10330));
#10330 = SURFACE_STYLE_USAGE(.BOTH.,#10331);
#10331 = SURFACE_SIDE_STYLE('',(#10332));
#10332 = SURFACE_STYLE_FILL_AREA(#10333);
#10333 = FILL_AREA_STYLE('',(#10334));
#10334 = FILL_AREA_STYLE_COLOUR('',#10249);
#10335 = STYLED_ITEM('color',(#10336),#2806);
#10336 = PRESENTATION_STYLE_ASSIGNMENT((#10337));
#10337 = SURFACE_STYLE_USAGE(.BOTH.,#10338);
#10338 = SURFACE_SIDE_STYLE('',(#10339));
#10339 = SURFACE_STYLE_FILL_AREA(#10340);
#10340 = FILL_AREA_STYLE('',(#10341));
#10341 = FILL_AREA_STYLE_COLOUR('',#10249);
#10342 = STYLED_ITEM('color',(#10343),#2837);
#10343 = PRESENTATION_STYLE_ASSIGNMENT((#10344));
#10344 = SURFACE_STYLE_USAGE(.BOTH.,#10345);
#10345 = SURFACE_SIDE_STYLE('',(#10346));
#10346 = SURFACE_STYLE_FILL_AREA(#10347);
#10347 = FILL_AREA_STYLE('',(#10348));
#10348 = FILL_AREA_STYLE_COLOUR('',#10299);
#10349 = STYLED_ITEM('color',(#10350),#2870);
#10350 = PRESENTATION_STYLE_ASSIGNMENT((#10351));
#10351 = SURFACE_STYLE_USAGE(.BOTH.,#10352);
#10352 = SURFACE_SIDE_STYLE('',(#10353));
#10353 = SURFACE_STYLE_FILL_AREA(#10354);
#10354 = FILL_AREA_STYLE('',(#10355));
#10355 = FILL_AREA_STYLE_COLOUR('',#10249);
#10356 = STYLED_ITEM('color',(#10357),#2926);
#10357 = PRESENTATION_STYLE_ASSIGNMENT((#10358));
#10358 = SURFACE_STYLE_USAGE(.BOTH.,#10359);
#10359 = SURFACE_SIDE_STYLE('',(#10360));
#10360 = SURFACE_STYLE_FILL_AREA(#10361);
#10361 = FILL_AREA_STYLE('',(#10362));
#10362 = FILL_AREA_STYLE_COLOUR('',#10299);
#10363 = STYLED_ITEM('color',(#10364),#2950);
#10364 = PRESENTATION_STYLE_ASSIGNMENT((#10365));
#10365 = SURFACE_STYLE_USAGE(.BOTH.,#10366);
#10366 = SURFACE_SIDE_STYLE('',(#10367));
#10367 = SURFACE_STYLE_FILL_AREA(#10368);
#10368 = FILL_AREA_STYLE('',(#10369));
#10369 = FILL_AREA_STYLE_COLOUR('',#10299);
#10370 = STYLED_ITEM('color',(#10371),#2974);
#10371 = PRESENTATION_STYLE_ASSIGNMENT((#10372));
#10372 = SURFACE_STYLE_USAGE(.BOTH.,#10373);
#10373 = SURFACE_SIDE_STYLE('',(#10374));
#10374 = SURFACE_STYLE_FILL_AREA(#10375);
#10375 = FILL_AREA_STYLE('',(#10376));
#10376 = FILL_AREA_STYLE_COLOUR('',#10299);
#10377 = STYLED_ITEM('color',(#10378),#2998);
#10378 = PRESENTATION_STYLE_ASSIGNMENT((#10379));
#10379 = SURFACE_STYLE_USAGE(.BOTH.,#10380);
#10380 = SURFACE_SIDE_STYLE('',(#10381));
#10381 = SURFACE_STYLE_FILL_AREA(#10382);
#10382 = FILL_AREA_STYLE('',(#10383));
#10383 = FILL_AREA_STYLE_COLOUR('',#10299);
#10384 = STYLED_ITEM('color',(#10385),#3031);
#10385 = PRESENTATION_STYLE_ASSIGNMENT((#10386));
#10386 = SURFACE_STYLE_USAGE(.BOTH.,#10387);
#10387 = SURFACE_SIDE_STYLE('',(#10388));
#10388 = SURFACE_STYLE_FILL_AREA(#10389);
#10389 = FILL_AREA_STYLE('',(#10390));
#10390 = FILL_AREA_STYLE_COLOUR('',#10299);
#10391 = STYLED_ITEM('color',(#10392),#3043);
#10392 = PRESENTATION_STYLE_ASSIGNMENT((#10393));
#10393 = SURFACE_STYLE_USAGE(.BOTH.,#10394);
#10394 = SURFACE_SIDE_STYLE('',(#10395));
#10395 = SURFACE_STYLE_FILL_AREA(#10396);
#10396 = FILL_AREA_STYLE('',(#10397));
#10397 = FILL_AREA_STYLE_COLOUR('',#10299);
#10398 = STYLED_ITEM('color',(#10399),#3106);
#10399 = PRESENTATION_STYLE_ASSIGNMENT((#10400));
#10400 = SURFACE_STYLE_USAGE(.BOTH.,#10401);
#10401 = SURFACE_SIDE_STYLE('',(#10402));
#10402 = SURFACE_STYLE_FILL_AREA(#10403);
#10403 = FILL_AREA_STYLE('',(#10404));
#10404 = FILL_AREA_STYLE_COLOUR('',#10299);
#10405 = STYLED_ITEM('color',(#10406),#3131);
#10406 = PRESENTATION_STYLE_ASSIGNMENT((#10407));
#10407 = SURFACE_STYLE_USAGE(.BOTH.,#10408);
#10408 = SURFACE_SIDE_STYLE('',(#10409));
#10409 = SURFACE_STYLE_FILL_AREA(#10410);
#10410 = FILL_AREA_STYLE('',(#10411));
#10411 = FILL_AREA_STYLE_COLOUR('',#10299);
#10412 = STYLED_ITEM('color',(#10413),#3148);
#10413 = PRESENTATION_STYLE_ASSIGNMENT((#10414));
#10414 = SURFACE_STYLE_USAGE(.BOTH.,#10415);
#10415 = SURFACE_SIDE_STYLE('',(#10416));
#10416 = SURFACE_STYLE_FILL_AREA(#10417);
#10417 = FILL_AREA_STYLE('',(#10418));
#10418 = FILL_AREA_STYLE_COLOUR('',#10299);
#10419 = STYLED_ITEM('color',(#10420),#3172);
#10420 = PRESENTATION_STYLE_ASSIGNMENT((#10421));
#10421 = SURFACE_STYLE_USAGE(.BOTH.,#10422);
#10422 = SURFACE_SIDE_STYLE('',(#10423));
#10423 = SURFACE_STYLE_FILL_AREA(#10424);
#10424 = FILL_AREA_STYLE('',(#10425));
#10425 = FILL_AREA_STYLE_COLOUR('',#10299);
#10426 = STYLED_ITEM('color',(#10427),#3190);
#10427 = PRESENTATION_STYLE_ASSIGNMENT((#10428));
#10428 = SURFACE_STYLE_USAGE(.BOTH.,#10429);
#10429 = SURFACE_SIDE_STYLE('',(#10430));
#10430 = SURFACE_STYLE_FILL_AREA(#10431);
#10431 = FILL_AREA_STYLE('',(#10432));
#10432 = FILL_AREA_STYLE_COLOUR('',#10299);
#10433 = STYLED_ITEM('color',(#10434),#3208);
#10434 = PRESENTATION_STYLE_ASSIGNMENT((#10435));
#10435 = SURFACE_STYLE_USAGE(.BOTH.,#10436);
#10436 = SURFACE_SIDE_STYLE('',(#10437));
#10437 = SURFACE_STYLE_FILL_AREA(#10438);
#10438 = FILL_AREA_STYLE('',(#10439));
#10439 = FILL_AREA_STYLE_COLOUR('',#10299);
#10440 = STYLED_ITEM('color',(#10441),#3226);
#10441 = PRESENTATION_STYLE_ASSIGNMENT((#10442));
#10442 = SURFACE_STYLE_USAGE(.BOTH.,#10443);
#10443 = SURFACE_SIDE_STYLE('',(#10444));
#10444 = SURFACE_STYLE_FILL_AREA(#10445);
#10445 = FILL_AREA_STYLE('',(#10446));
#10446 = FILL_AREA_STYLE_COLOUR('',#10299);
#10447 = STYLED_ITEM('color',(#10448),#3243);
#10448 = PRESENTATION_STYLE_ASSIGNMENT((#10449));
#10449 = SURFACE_STYLE_USAGE(.BOTH.,#10450);
#10450 = SURFACE_SIDE_STYLE('',(#10451));
#10451 = SURFACE_STYLE_FILL_AREA(#10452);
#10452 = FILL_AREA_STYLE('',(#10453));
#10453 = FILL_AREA_STYLE_COLOUR('',#10299);
#10454 = STYLED_ITEM('color',(#10455),#3260);
#10455 = PRESENTATION_STYLE_ASSIGNMENT((#10456));
#10456 = SURFACE_STYLE_USAGE(.BOTH.,#10457);
#10457 = SURFACE_SIDE_STYLE('',(#10458));
#10458 = SURFACE_STYLE_FILL_AREA(#10459);
#10459 = FILL_AREA_STYLE('',(#10460));
#10460 = FILL_AREA_STYLE_COLOUR('',#10299);
#10461 = STYLED_ITEM('color',(#10462),#3291);
#10462 = PRESENTATION_STYLE_ASSIGNMENT((#10463));
#10463 = SURFACE_STYLE_USAGE(.BOTH.,#10464);
#10464 = SURFACE_SIDE_STYLE('',(#10465));
#10465 = SURFACE_STYLE_FILL_AREA(#10466);
#10466 = FILL_AREA_STYLE('',(#10467));
#10467 = FILL_AREA_STYLE_COLOUR('',#10299);
#10468 = STYLED_ITEM('color',(#10469),#3316);
#10469 = PRESENTATION_STYLE_ASSIGNMENT((#10470));
#10470 = SURFACE_STYLE_USAGE(.BOTH.,#10471);
#10471 = SURFACE_SIDE_STYLE('',(#10472));
#10472 = SURFACE_STYLE_FILL_AREA(#10473);
#10473 = FILL_AREA_STYLE('',(#10474));
#10474 = FILL_AREA_STYLE_COLOUR('',#10299);
#10475 = STYLED_ITEM('color',(#10476),#3341);
#10476 = PRESENTATION_STYLE_ASSIGNMENT((#10477));
#10477 = SURFACE_STYLE_USAGE(.BOTH.,#10478);
#10478 = SURFACE_SIDE_STYLE('',(#10479));
#10479 = SURFACE_STYLE_FILL_AREA(#10480);
#10480 = FILL_AREA_STYLE('',(#10481));
#10481 = FILL_AREA_STYLE_COLOUR('',#10299);
#10482 = STYLED_ITEM('color',(#10483),#3365);
#10483 = PRESENTATION_STYLE_ASSIGNMENT((#10484));
#10484 = SURFACE_STYLE_USAGE(.BOTH.,#10485);
#10485 = SURFACE_SIDE_STYLE('',(#10486));
#10486 = SURFACE_STYLE_FILL_AREA(#10487);
#10487 = FILL_AREA_STYLE('',(#10488));
#10488 = FILL_AREA_STYLE_COLOUR('',#10299);
#10489 = STYLED_ITEM('color',(#10490),#3382);
#10490 = PRESENTATION_STYLE_ASSIGNMENT((#10491));
#10491 = SURFACE_STYLE_USAGE(.BOTH.,#10492);
#10492 = SURFACE_SIDE_STYLE('',(#10493));
#10493 = SURFACE_STYLE_FILL_AREA(#10494);
#10494 = FILL_AREA_STYLE('',(#10495));
#10495 = FILL_AREA_STYLE_COLOUR('',#10496);
#10496 = COLOUR_RGB('',0.340000006699,0.68000001254,0.444999988852);
#10497 = STYLED_ITEM('color',(#10498),#3413);
#10498 = PRESENTATION_STYLE_ASSIGNMENT((#10499));
#10499 = SURFACE_STYLE_USAGE(.BOTH.,#10500);
#10500 = SURFACE_SIDE_STYLE('',(#10501));
#10501 = SURFACE_STYLE_FILL_AREA(#10502);
#10502 = FILL_AREA_STYLE('',(#10503));
#10503 = FILL_AREA_STYLE_COLOUR('',#10496);
#10504 = STYLED_ITEM('color',(#10505),#3437);
#10505 = PRESENTATION_STYLE_ASSIGNMENT((#10506));
#10506 = SURFACE_STYLE_USAGE(.BOTH.,#10507);
#10507 = SURFACE_SIDE_STYLE('',(#10508));
#10508 = SURFACE_STYLE_FILL_AREA(#10509);
#10509 = FILL_AREA_STYLE('',(#10510));
#10510 = FILL_AREA_STYLE_COLOUR('',#10496);
#10511 = STYLED_ITEM('color',(#10512),#3454);
#10512 = PRESENTATION_STYLE_ASSIGNMENT((#10513));
#10513 = SURFACE_STYLE_USAGE(.BOTH.,#10514);
#10514 = SURFACE_SIDE_STYLE('',(#10515));
#10515 = SURFACE_STYLE_FILL_AREA(#10516);
#10516 = FILL_AREA_STYLE('',(#10517));
#10517 = FILL_AREA_STYLE_COLOUR('',#10299);
#10518 = STYLED_ITEM('color',(#10519),#3482);
#10519 = PRESENTATION_STYLE_ASSIGNMENT((#10520));
#10520 = SURFACE_STYLE_USAGE(.BOTH.,#10521);
#10521 = SURFACE_SIDE_STYLE('',(#10522));
#10522 = SURFACE_STYLE_FILL_AREA(#10523);
#10523 = FILL_AREA_STYLE('',(#10524));
#10524 = FILL_AREA_STYLE_COLOUR('',#10299);
#10525 = STYLED_ITEM('color',(#10526),#3507);
#10526 = PRESENTATION_STYLE_ASSIGNMENT((#10527));
#10527 = SURFACE_STYLE_USAGE(.BOTH.,#10528);
#10528 = SURFACE_SIDE_STYLE('',(#10529));
#10529 = SURFACE_STYLE_FILL_AREA(#10530);
#10530 = FILL_AREA_STYLE('',(#10531));
#10531 = FILL_AREA_STYLE_COLOUR('',#10299);
#10532 = STYLED_ITEM('color',(#10533),#3531);
#10533 = PRESENTATION_STYLE_ASSIGNMENT((#10534));
#10534 = SURFACE_STYLE_USAGE(.BOTH.,#10535);
#10535 = SURFACE_SIDE_STYLE('',(#10536));
#10536 = SURFACE_STYLE_FILL_AREA(#10537);
#10537 = FILL_AREA_STYLE('',(#10538));
#10538 = FILL_AREA_STYLE_COLOUR('',#10299);
#10539 = STYLED_ITEM('color',(#10540),#3556);
#10540 = PRESENTATION_STYLE_ASSIGNMENT((#10541));
#10541 = SURFACE_STYLE_USAGE(.BOTH.,#10542);
#10542 = SURFACE_SIDE_STYLE('',(#10543));
#10543 = SURFACE_STYLE_FILL_AREA(#10544);
#10544 = FILL_AREA_STYLE('',(#10545));
#10545 = FILL_AREA_STYLE_COLOUR('',#10299);
#10546 = STYLED_ITEM('color',(#10547),#3603);
#10547 = PRESENTATION_STYLE_ASSIGNMENT((#10548));
#10548 = SURFACE_STYLE_USAGE(.BOTH.,#10549);
#10549 = SURFACE_SIDE_STYLE('',(#10550));
#10550 = SURFACE_STYLE_FILL_AREA(#10551);
#10551 = FILL_AREA_STYLE('',(#10552));
#10552 = FILL_AREA_STYLE_COLOUR('',#10299);
#10553 = STYLED_ITEM('color',(#10554),#3620);
#10554 = PRESENTATION_STYLE_ASSIGNMENT((#10555));
#10555 = SURFACE_STYLE_USAGE(.BOTH.,#10556);
#10556 = SURFACE_SIDE_STYLE('',(#10557));
#10557 = SURFACE_STYLE_FILL_AREA(#10558);
#10558 = FILL_AREA_STYLE('',(#10559));
#10559 = FILL_AREA_STYLE_COLOUR('',#10299);
#10560 = STYLED_ITEM('color',(#10561),#3632);
#10561 = PRESENTATION_STYLE_ASSIGNMENT((#10562));
#10562 = SURFACE_STYLE_USAGE(.BOTH.,#10563);
#10563 = SURFACE_SIDE_STYLE('',(#10564));
#10564 = SURFACE_STYLE_FILL_AREA(#10565);
#10565 = FILL_AREA_STYLE('',(#10566));
#10566 = FILL_AREA_STYLE_COLOUR('',#10299);
#10567 = STYLED_ITEM('color',(#10568),#3654);
#10568 = PRESENTATION_STYLE_ASSIGNMENT((#10569));
#10569 = SURFACE_STYLE_USAGE(.BOTH.,#10570);
#10570 = SURFACE_SIDE_STYLE('',(#10571));
#10571 = SURFACE_STYLE_FILL_AREA(#10572);
#10572 = FILL_AREA_STYLE('',(#10573));
#10573 = FILL_AREA_STYLE_COLOUR('',#10299);
#10574 = STYLED_ITEM('color',(#10575),#3666);
#10575 = PRESENTATION_STYLE_ASSIGNMENT((#10576));
#10576 = SURFACE_STYLE_USAGE(.BOTH.,#10577);
#10577 = SURFACE_SIDE_STYLE('',(#10578));
#10578 = SURFACE_STYLE_FILL_AREA(#10579);
#10579 = FILL_AREA_STYLE('',(#10580));
#10580 = FILL_AREA_STYLE_COLOUR('',#10299);
#10581 = STYLED_ITEM('color',(#10582),#3684);
#10582 = PRESENTATION_STYLE_ASSIGNMENT((#10583));
#10583 = SURFACE_STYLE_USAGE(.BOTH.,#10584);
#10584 = SURFACE_SIDE_STYLE('',(#10585));
#10585 = SURFACE_STYLE_FILL_AREA(#10586);
#10586 = FILL_AREA_STYLE('',(#10587));
#10587 = FILL_AREA_STYLE_COLOUR('',#10299);
#10588 = STYLED_ITEM('color',(#10589),#3702);
#10589 = PRESENTATION_STYLE_ASSIGNMENT((#10590));
#10590 = SURFACE_STYLE_USAGE(.BOTH.,#10591);
#10591 = SURFACE_SIDE_STYLE('',(#10592));
#10592 = SURFACE_STYLE_FILL_AREA(#10593);
#10593 = FILL_AREA_STYLE('',(#10594));
#10594 = FILL_AREA_STYLE_COLOUR('',#10496);
#10595 = MECHANICAL_DESIGN_GEOMETRIC_PRESENTATION_REPRESENTATION('',(
    #10596,#10604,#10611,#10618,#10625,#10632,#10639,#10646,#10653,
    #10660,#10667,#10675,#10682,#10689,#10696,#10703,#10710,#10717,
    #10724,#10731,#10738,#10745,#10752,#10759,#10766,#10773,#10780,
    #10787),#5395);
#10596 = STYLED_ITEM('color',(#10597),#4543);
#10597 = PRESENTATION_STYLE_ASSIGNMENT((#10598));
#10598 = SURFACE_STYLE_USAGE(.BOTH.,#10599);
#10599 = SURFACE_SIDE_STYLE('',(#10600));
#10600 = SURFACE_STYLE_FILL_AREA(#10601);
#10601 = FILL_AREA_STYLE('',(#10602));
#10602 = FILL_AREA_STYLE_COLOUR('',#10603);
#10603 = COLOUR_RGB('',0.823999987314,0.819999987296,0.781000009244);
#10604 = STYLED_ITEM('color',(#10605),#4619);
#10605 = PRESENTATION_STYLE_ASSIGNMENT((#10606));
#10606 = SURFACE_STYLE_USAGE(.BOTH.,#10607);
#10607 = SURFACE_SIDE_STYLE('',(#10608));
#10608 = SURFACE_STYLE_FILL_AREA(#10609);
#10609 = FILL_AREA_STYLE('',(#10610));
#10610 = FILL_AREA_STYLE_COLOUR('',#10603);
#10611 = STYLED_ITEM('color',(#10612),#4650);
#10612 = PRESENTATION_STYLE_ASSIGNMENT((#10613));
#10613 = SURFACE_STYLE_USAGE(.BOTH.,#10614);
#10614 = SURFACE_SIDE_STYLE('',(#10615));
#10615 = SURFACE_STYLE_FILL_AREA(#10616);
#10616 = FILL_AREA_STYLE('',(#10617));
#10617 = FILL_AREA_STYLE_COLOUR('',#10603);
#10618 = STYLED_ITEM('color',(#10619),#4675);
#10619 = PRESENTATION_STYLE_ASSIGNMENT((#10620));
#10620 = SURFACE_STYLE_USAGE(.BOTH.,#10621);
#10621 = SURFACE_SIDE_STYLE('',(#10622));
#10622 = SURFACE_STYLE_FILL_AREA(#10623);
#10623 = FILL_AREA_STYLE('',(#10624));
#10624 = FILL_AREA_STYLE_COLOUR('',#10603);
#10625 = STYLED_ITEM('color',(#10626),#4700);
#10626 = PRESENTATION_STYLE_ASSIGNMENT((#10627));
#10627 = SURFACE_STYLE_USAGE(.BOTH.,#10628);
#10628 = SURFACE_SIDE_STYLE('',(#10629));
#10629 = SURFACE_STYLE_FILL_AREA(#10630);
#10630 = FILL_AREA_STYLE('',(#10631));
#10631 = FILL_AREA_STYLE_COLOUR('',#10603);
#10632 = STYLED_ITEM('color',(#10633),#4724);
#10633 = PRESENTATION_STYLE_ASSIGNMENT((#10634));
#10634 = SURFACE_STYLE_USAGE(.BOTH.,#10635);
#10635 = SURFACE_SIDE_STYLE('',(#10636));
#10636 = SURFACE_STYLE_FILL_AREA(#10637);
#10637 = FILL_AREA_STYLE('',(#10638));
#10638 = FILL_AREA_STYLE_COLOUR('',#10603);
#10639 = STYLED_ITEM('color',(#10640),#4748);
#10640 = PRESENTATION_STYLE_ASSIGNMENT((#10641));
#10641 = SURFACE_STYLE_USAGE(.BOTH.,#10642);
#10642 = SURFACE_SIDE_STYLE('',(#10643));
#10643 = SURFACE_STYLE_FILL_AREA(#10644);
#10644 = FILL_AREA_STYLE('',(#10645));
#10645 = FILL_AREA_STYLE_COLOUR('',#10603);
#10646 = STYLED_ITEM('color',(#10647),#4773);
#10647 = PRESENTATION_STYLE_ASSIGNMENT((#10648));
#10648 = SURFACE_STYLE_USAGE(.BOTH.,#10649);
#10649 = SURFACE_SIDE_STYLE('',(#10650));
#10650 = SURFACE_STYLE_FILL_AREA(#10651);
#10651 = FILL_AREA_STYLE('',(#10652));
#10652 = FILL_AREA_STYLE_COLOUR('',#10603);
#10653 = STYLED_ITEM('color',(#10654),#4798);
#10654 = PRESENTATION_STYLE_ASSIGNMENT((#10655));
#10655 = SURFACE_STYLE_USAGE(.BOTH.,#10656);
#10656 = SURFACE_SIDE_STYLE('',(#10657));
#10657 = SURFACE_STYLE_FILL_AREA(#10658);
#10658 = FILL_AREA_STYLE('',(#10659));
#10659 = FILL_AREA_STYLE_COLOUR('',#10603);
#10660 = STYLED_ITEM('color',(#10661),#4815);
#10661 = PRESENTATION_STYLE_ASSIGNMENT((#10662));
#10662 = SURFACE_STYLE_USAGE(.BOTH.,#10663);
#10663 = SURFACE_SIDE_STYLE('',(#10664));
#10664 = SURFACE_STYLE_FILL_AREA(#10665);
#10665 = FILL_AREA_STYLE('',(#10666));
#10666 = FILL_AREA_STYLE_COLOUR('',#10603);
#10667 = STYLED_ITEM('color',(#10668),#4901);
#10668 = PRESENTATION_STYLE_ASSIGNMENT((#10669));
#10669 = SURFACE_STYLE_USAGE(.BOTH.,#10670);
#10670 = SURFACE_SIDE_STYLE('',(#10671));
#10671 = SURFACE_STYLE_FILL_AREA(#10672);
#10672 = FILL_AREA_STYLE('',(#10673));
#10673 = FILL_AREA_STYLE_COLOUR('',#10674);
#10674 = COLOUR_RGB('',0.379000005575,0.270000008848,0.214999999939);
#10675 = STYLED_ITEM('color',(#10676),#4933);
#10676 = PRESENTATION_STYLE_ASSIGNMENT((#10677));
#10677 = SURFACE_STYLE_USAGE(.BOTH.,#10678);
#10678 = SURFACE_SIDE_STYLE('',(#10679));
#10679 = SURFACE_STYLE_FILL_AREA(#10680);
#10680 = FILL_AREA_STYLE('',(#10681));
#10681 = FILL_AREA_STYLE_COLOUR('',#10674);
#10682 = STYLED_ITEM('color',(#10683),#4957);
#10683 = PRESENTATION_STYLE_ASSIGNMENT((#10684));
#10684 = SURFACE_STYLE_USAGE(.BOTH.,#10685);
#10685 = SURFACE_SIDE_STYLE('',(#10686));
#10686 = SURFACE_STYLE_FILL_AREA(#10687);
#10687 = FILL_AREA_STYLE('',(#10688));
#10688 = FILL_AREA_STYLE_COLOUR('',#10674);
#10689 = STYLED_ITEM('color',(#10690),#4982);
#10690 = PRESENTATION_STYLE_ASSIGNMENT((#10691));
#10691 = SURFACE_STYLE_USAGE(.BOTH.,#10692);
#10692 = SURFACE_SIDE_STYLE('',(#10693));
#10693 = SURFACE_STYLE_FILL_AREA(#10694);
#10694 = FILL_AREA_STYLE('',(#10695));
#10695 = FILL_AREA_STYLE_COLOUR('',#10674);
#10696 = STYLED_ITEM('color',(#10697),#5006);
#10697 = PRESENTATION_STYLE_ASSIGNMENT((#10698));
#10698 = SURFACE_STYLE_USAGE(.BOTH.,#10699);
#10699 = SURFACE_SIDE_STYLE('',(#10700));
#10700 = SURFACE_STYLE_FILL_AREA(#10701);
#10701 = FILL_AREA_STYLE('',(#10702));
#10702 = FILL_AREA_STYLE_COLOUR('',#10674);
#10703 = STYLED_ITEM('color',(#10704),#5031);
#10704 = PRESENTATION_STYLE_ASSIGNMENT((#10705));
#10705 = SURFACE_STYLE_USAGE(.BOTH.,#10706);
#10706 = SURFACE_SIDE_STYLE('',(#10707));
#10707 = SURFACE_STYLE_FILL_AREA(#10708);
#10708 = FILL_AREA_STYLE('',(#10709));
#10709 = FILL_AREA_STYLE_COLOUR('',#10674);
#10710 = STYLED_ITEM('color',(#10711),#5055);
#10711 = PRESENTATION_STYLE_ASSIGNMENT((#10712));
#10712 = SURFACE_STYLE_USAGE(.BOTH.,#10713);
#10713 = SURFACE_SIDE_STYLE('',(#10714));
#10714 = SURFACE_STYLE_FILL_AREA(#10715);
#10715 = FILL_AREA_STYLE('',(#10716));
#10716 = FILL_AREA_STYLE_COLOUR('',#10674);
#10717 = STYLED_ITEM('color',(#10718),#5080);
#10718 = PRESENTATION_STYLE_ASSIGNMENT((#10719));
#10719 = SURFACE_STYLE_USAGE(.BOTH.,#10720);
#10720 = SURFACE_SIDE_STYLE('',(#10721));
#10721 = SURFACE_STYLE_FILL_AREA(#10722);
#10722 = FILL_AREA_STYLE('',(#10723));
#10723 = FILL_AREA_STYLE_COLOUR('',#10674);
#10724 = STYLED_ITEM('color',(#10725),#5097);
#10725 = PRESENTATION_STYLE_ASSIGNMENT((#10726));
#10726 = SURFACE_STYLE_USAGE(.BOTH.,#10727);
#10727 = SURFACE_SIDE_STYLE('',(#10728));
#10728 = SURFACE_STYLE_FILL_AREA(#10729);
#10729 = FILL_AREA_STYLE('',(#10730));
#10730 = FILL_AREA_STYLE_COLOUR('',#10603);
#10731 = STYLED_ITEM('color',(#10732),#5183);
#10732 = PRESENTATION_STYLE_ASSIGNMENT((#10733));
#10733 = SURFACE_STYLE_USAGE(.BOTH.,#10734);
#10734 = SURFACE_SIDE_STYLE('',(#10735));
#10735 = SURFACE_STYLE_FILL_AREA(#10736);
#10736 = FILL_AREA_STYLE('',(#10737));
#10737 = FILL_AREA_STYLE_COLOUR('',#10603);
#10738 = STYLED_ITEM('color',(#10739),#5214);
#10739 = PRESENTATION_STYLE_ASSIGNMENT((#10740));
#10740 = SURFACE_STYLE_USAGE(.BOTH.,#10741);
#10741 = SURFACE_SIDE_STYLE('',(#10742));
#10742 = SURFACE_STYLE_FILL_AREA(#10743);
#10743 = FILL_AREA_STYLE('',(#10744));
#10744 = FILL_AREA_STYLE_COLOUR('',#10603);
#10745 = STYLED_ITEM('color',(#10746),#5239);
#10746 = PRESENTATION_STYLE_ASSIGNMENT((#10747));
#10747 = SURFACE_STYLE_USAGE(.BOTH.,#10748);
#10748 = SURFACE_SIDE_STYLE('',(#10749));
#10749 = SURFACE_STYLE_FILL_AREA(#10750);
#10750 = FILL_AREA_STYLE('',(#10751));
#10751 = FILL_AREA_STYLE_COLOUR('',#10603);
#10752 = STYLED_ITEM('color',(#10753),#5264);
#10753 = PRESENTATION_STYLE_ASSIGNMENT((#10754));
#10754 = SURFACE_STYLE_USAGE(.BOTH.,#10755);
#10755 = SURFACE_SIDE_STYLE('',(#10756));
#10756 = SURFACE_STYLE_FILL_AREA(#10757);
#10757 = FILL_AREA_STYLE('',(#10758));
#10758 = FILL_AREA_STYLE_COLOUR('',#10603);
#10759 = STYLED_ITEM('color',(#10760),#5288);
#10760 = PRESENTATION_STYLE_ASSIGNMENT((#10761));
#10761 = SURFACE_STYLE_USAGE(.BOTH.,#10762);
#10762 = SURFACE_SIDE_STYLE('',(#10763));
#10763 = SURFACE_STYLE_FILL_AREA(#10764);
#10764 = FILL_AREA_STYLE('',(#10765));
#10765 = FILL_AREA_STYLE_COLOUR('',#10603);
#10766 = STYLED_ITEM('color',(#10767),#5312);
#10767 = PRESENTATION_STYLE_ASSIGNMENT((#10768));
#10768 = SURFACE_STYLE_USAGE(.BOTH.,#10769);
#10769 = SURFACE_SIDE_STYLE('',(#10770));
#10770 = SURFACE_STYLE_FILL_AREA(#10771);
#10771 = FILL_AREA_STYLE('',(#10772));
#10772 = FILL_AREA_STYLE_COLOUR('',#10603);
#10773 = STYLED_ITEM('color',(#10774),#5337);
#10774 = PRESENTATION_STYLE_ASSIGNMENT((#10775));
#10775 = SURFACE_STYLE_USAGE(.BOTH.,#10776);
#10776 = SURFACE_SIDE_STYLE('',(#10777));
#10777 = SURFACE_STYLE_FILL_AREA(#10778);
#10778 = FILL_AREA_STYLE('',(#10779));
#10779 = FILL_AREA_STYLE_COLOUR('',#10603);
#10780 = STYLED_ITEM('color',(#10781),#5362);
#10781 = PRESENTATION_STYLE_ASSIGNMENT((#10782));
#10782 = SURFACE_STYLE_USAGE(.BOTH.,#10783);
#10783 = SURFACE_SIDE_STYLE('',(#10784));
#10784 = SURFACE_STYLE_FILL_AREA(#10785);
#10785 = FILL_AREA_STYLE('',(#10786));
#10786 = FILL_AREA_STYLE_COLOUR('',#10603);
#10787 = STYLED_ITEM('color',(#10788),#5379);
#10788 = PRESENTATION_STYLE_ASSIGNMENT((#10789));
#10789 = SURFACE_STYLE_USAGE(.BOTH.,#10790);
#10790 = SURFACE_SIDE_STYLE('',(#10791));
#10791 = SURFACE_STYLE_FILL_AREA(#10792);
#10792 = FILL_AREA_STYLE('',(#10793));
#10793 = FILL_AREA_STYLE_COLOUR('',#10603);
#10794 = MECHANICAL_DESIGN_GEOMETRIC_PRESENTATION_REPRESENTATION('',(
    #10795,#10802,#10809,#10816,#10823,#10830,#10837,#10844,#10851,
    #10858,#10865,#10872,#10879,#10886,#10894,#10901,#10908,#10915,
    #10922,#10929,#10936,#10943,#10950,#10957,#10964,#10971),#4522);
#10795 = STYLED_ITEM('color',(#10796),#3734);
#10796 = PRESENTATION_STYLE_ASSIGNMENT((#10797));
#10797 = SURFACE_STYLE_USAGE(.BOTH.,#10798);
#10798 = SURFACE_SIDE_STYLE('',(#10799));
#10799 = SURFACE_STYLE_FILL_AREA(#10800);
#10800 = FILL_AREA_STYLE('',(#10801));
#10801 = FILL_AREA_STYLE_COLOUR('',#10603);
#10802 = STYLED_ITEM('color',(#10803),#3774);
#10803 = PRESENTATION_STYLE_ASSIGNMENT((#10804));
#10804 = SURFACE_STYLE_USAGE(.BOTH.,#10805);
#10805 = SURFACE_SIDE_STYLE('',(#10806));
#10806 = SURFACE_STYLE_FILL_AREA(#10807);
#10807 = FILL_AREA_STYLE('',(#10808));
#10808 = FILL_AREA_STYLE_COLOUR('',#10603);
#10809 = STYLED_ITEM('color',(#10810),#3857);
#10810 = PRESENTATION_STYLE_ASSIGNMENT((#10811));
#10811 = SURFACE_STYLE_USAGE(.BOTH.,#10812);
#10812 = SURFACE_SIDE_STYLE('',(#10813));
#10813 = SURFACE_STYLE_FILL_AREA(#10814);
#10814 = FILL_AREA_STYLE('',(#10815));
#10815 = FILL_AREA_STYLE_COLOUR('',#10603);
#10816 = STYLED_ITEM('color',(#10817),#3882);
#10817 = PRESENTATION_STYLE_ASSIGNMENT((#10818));
#10818 = SURFACE_STYLE_USAGE(.BOTH.,#10819);
#10819 = SURFACE_SIDE_STYLE('',(#10820));
#10820 = SURFACE_STYLE_FILL_AREA(#10821);
#10821 = FILL_AREA_STYLE('',(#10822));
#10822 = FILL_AREA_STYLE_COLOUR('',#10603);
#10823 = STYLED_ITEM('color',(#10824),#3907);
#10824 = PRESENTATION_STYLE_ASSIGNMENT((#10825));
#10825 = SURFACE_STYLE_USAGE(.BOTH.,#10826);
#10826 = SURFACE_SIDE_STYLE('',(#10827));
#10827 = SURFACE_STYLE_FILL_AREA(#10828);
#10828 = FILL_AREA_STYLE('',(#10829));
#10829 = FILL_AREA_STYLE_COLOUR('',#10603);
#10830 = STYLED_ITEM('color',(#10831),#3974);
#10831 = PRESENTATION_STYLE_ASSIGNMENT((#10832));
#10832 = SURFACE_STYLE_USAGE(.BOTH.,#10833);
#10833 = SURFACE_SIDE_STYLE('',(#10834));
#10834 = SURFACE_STYLE_FILL_AREA(#10835);
#10835 = FILL_AREA_STYLE('',(#10836));
#10836 = FILL_AREA_STYLE_COLOUR('',#10603);
#10837 = STYLED_ITEM('color',(#10838),#3991);
#10838 = PRESENTATION_STYLE_ASSIGNMENT((#10839));
#10839 = SURFACE_STYLE_USAGE(.BOTH.,#10840);
#10840 = SURFACE_SIDE_STYLE('',(#10841));
#10841 = SURFACE_STYLE_FILL_AREA(#10842);
#10842 = FILL_AREA_STYLE('',(#10843));
#10843 = FILL_AREA_STYLE_COLOUR('',#10603);
#10844 = STYLED_ITEM('color',(#10845),#4008);
#10845 = PRESENTATION_STYLE_ASSIGNMENT((#10846));
#10846 = SURFACE_STYLE_USAGE(.BOTH.,#10847);
#10847 = SURFACE_SIDE_STYLE('',(#10848));
#10848 = SURFACE_STYLE_FILL_AREA(#10849);
#10849 = FILL_AREA_STYLE('',(#10850));
#10850 = FILL_AREA_STYLE_COLOUR('',#10249);
#10851 = STYLED_ITEM('color',(#10852),#4057);
#10852 = PRESENTATION_STYLE_ASSIGNMENT((#10853));
#10853 = SURFACE_STYLE_USAGE(.BOTH.,#10854);
#10854 = SURFACE_SIDE_STYLE('',(#10855));
#10855 = SURFACE_STYLE_FILL_AREA(#10856);
#10856 = FILL_AREA_STYLE('',(#10857));
#10857 = FILL_AREA_STYLE_COLOUR('',#10603);
#10858 = STYLED_ITEM('color',(#10859),#4074);
#10859 = PRESENTATION_STYLE_ASSIGNMENT((#10860));
#10860 = SURFACE_STYLE_USAGE(.BOTH.,#10861);
#10861 = SURFACE_SIDE_STYLE('',(#10862));
#10862 = SURFACE_STYLE_FILL_AREA(#10863);
#10863 = FILL_AREA_STYLE('',(#10864));
#10864 = FILL_AREA_STYLE_COLOUR('',#10603);
#10865 = STYLED_ITEM('color',(#10866),#4091);
#10866 = PRESENTATION_STYLE_ASSIGNMENT((#10867));
#10867 = SURFACE_STYLE_USAGE(.BOTH.,#10868);
#10868 = SURFACE_SIDE_STYLE('',(#10869));
#10869 = SURFACE_STYLE_FILL_AREA(#10870);
#10870 = FILL_AREA_STYLE('',(#10871));
#10871 = FILL_AREA_STYLE_COLOUR('',#10249);
#10872 = STYLED_ITEM('color',(#10873),#4140);
#10873 = PRESENTATION_STYLE_ASSIGNMENT((#10874));
#10874 = SURFACE_STYLE_USAGE(.BOTH.,#10875);
#10875 = SURFACE_SIDE_STYLE('',(#10876));
#10876 = SURFACE_STYLE_FILL_AREA(#10877);
#10877 = FILL_AREA_STYLE('',(#10878));
#10878 = FILL_AREA_STYLE_COLOUR('',#10249);
#10879 = STYLED_ITEM('color',(#10880),#4157);
#10880 = PRESENTATION_STYLE_ASSIGNMENT((#10881));
#10881 = SURFACE_STYLE_USAGE(.BOTH.,#10882);
#10882 = SURFACE_SIDE_STYLE('',(#10883));
#10883 = SURFACE_STYLE_FILL_AREA(#10884);
#10884 = FILL_AREA_STYLE('',(#10885));
#10885 = FILL_AREA_STYLE_COLOUR('',#10603);
#10886 = STYLED_ITEM('color',(#10887),#4226);
#10887 = PRESENTATION_STYLE_ASSIGNMENT((#10888));
#10888 = SURFACE_STYLE_USAGE(.BOTH.,#10889);
#10889 = SURFACE_SIDE_STYLE('',(#10890));
#10890 = SURFACE_STYLE_FILL_AREA(#10891);
#10891 = FILL_AREA_STYLE('',(#10892));
#10892 = FILL_AREA_STYLE_COLOUR('',#10893);
#10893 = COLOUR_RGB('',8.200000279077E-02,8.600000121357E-02,
  9.399999706163E-02);
#10894 = STYLED_ITEM('color',(#10895),#4257);
#10895 = PRESENTATION_STYLE_ASSIGNMENT((#10896));
#10896 = SURFACE_STYLE_USAGE(.BOTH.,#10897);
#10897 = SURFACE_SIDE_STYLE('',(#10898));
#10898 = SURFACE_STYLE_FILL_AREA(#10899);
#10899 = FILL_AREA_STYLE('',(#10900));
#10900 = FILL_AREA_STYLE_COLOUR('',#10893);
#10901 = STYLED_ITEM('color',(#10902),#4281);
#10902 = PRESENTATION_STYLE_ASSIGNMENT((#10903));
#10903 = SURFACE_STYLE_USAGE(.BOTH.,#10904);
#10904 = SURFACE_SIDE_STYLE('',(#10905));
#10905 = SURFACE_STYLE_FILL_AREA(#10906);
#10906 = FILL_AREA_STYLE('',(#10907));
#10907 = FILL_AREA_STYLE_COLOUR('',#10603);
#10908 = STYLED_ITEM('color',(#10909),#4350);
#10909 = PRESENTATION_STYLE_ASSIGNMENT((#10910));
#10910 = SURFACE_STYLE_USAGE(.BOTH.,#10911);
#10911 = SURFACE_SIDE_STYLE('',(#10912));
#10912 = SURFACE_STYLE_FILL_AREA(#10913);
#10913 = FILL_AREA_STYLE('',(#10914));
#10914 = FILL_AREA_STYLE_COLOUR('',#10893);
#10915 = STYLED_ITEM('color',(#10916),#4374);
#10916 = PRESENTATION_STYLE_ASSIGNMENT((#10917));
#10917 = SURFACE_STYLE_USAGE(.BOTH.,#10918);
#10918 = SURFACE_SIDE_STYLE('',(#10919));
#10919 = SURFACE_STYLE_FILL_AREA(#10920);
#10920 = FILL_AREA_STYLE('',(#10921));
#10921 = FILL_AREA_STYLE_COLOUR('',#10603);
#10922 = STYLED_ITEM('color',(#10923),#4391);
#10923 = PRESENTATION_STYLE_ASSIGNMENT((#10924));
#10924 = SURFACE_STYLE_USAGE(.BOTH.,#10925);
#10925 = SURFACE_SIDE_STYLE('',(#10926));
#10926 = SURFACE_STYLE_FILL_AREA(#10927);
#10927 = FILL_AREA_STYLE('',(#10928));
#10928 = FILL_AREA_STYLE_COLOUR('',#10603);
#10929 = STYLED_ITEM('color',(#10930),#4408);
#10930 = PRESENTATION_STYLE_ASSIGNMENT((#10931));
#10931 = SURFACE_STYLE_USAGE(.BOTH.,#10932);
#10932 = SURFACE_SIDE_STYLE('',(#10933));
#10933 = SURFACE_STYLE_FILL_AREA(#10934);
#10934 = FILL_AREA_STYLE('',(#10935));
#10935 = FILL_AREA_STYLE_COLOUR('',#10603);
#10936 = STYLED_ITEM('color',(#10937),#4425);
#10937 = PRESENTATION_STYLE_ASSIGNMENT((#10938));
#10938 = SURFACE_STYLE_USAGE(.BOTH.,#10939);
#10939 = SURFACE_SIDE_STYLE('',(#10940));
#10940 = SURFACE_STYLE_FILL_AREA(#10941);
#10941 = FILL_AREA_STYLE('',(#10942));
#10942 = FILL_AREA_STYLE_COLOUR('',#10603);
#10943 = STYLED_ITEM('color',(#10944),#4442);
#10944 = PRESENTATION_STYLE_ASSIGNMENT((#10945));
#10945 = SURFACE_STYLE_USAGE(.BOTH.,#10946);
#10946 = SURFACE_SIDE_STYLE('',(#10947));
#10947 = SURFACE_STYLE_FILL_AREA(#10948);
#10948 = FILL_AREA_STYLE('',(#10949));
#10949 = FILL_AREA_STYLE_COLOUR('',#10603);
#10950 = STYLED_ITEM('color',(#10951),#4459);
#10951 = PRESENTATION_STYLE_ASSIGNMENT((#10952));
#10952 = SURFACE_STYLE_USAGE(.BOTH.,#10953);
#10953 = SURFACE_SIDE_STYLE('',(#10954));
#10954 = SURFACE_STYLE_FILL_AREA(#10955);
#10955 = FILL_AREA_STYLE('',(#10956));
#10956 = FILL_AREA_STYLE_COLOUR('',#10603);
#10957 = STYLED_ITEM('color',(#10958),#4476);
#10958 = PRESENTATION_STYLE_ASSIGNMENT((#10959));
#10959 = SURFACE_STYLE_USAGE(.BOTH.,#10960);
#10960 = SURFACE_SIDE_STYLE('',(#10961));
#10961 = SURFACE_STYLE_FILL_AREA(#10962);
#10962 = FILL_AREA_STYLE('',(#10963));
#10963 = FILL_AREA_STYLE_COLOUR('',#10603);
#10964 = STYLED_ITEM('color',(#10965),#4493);
#10965 = PRESENTATION_STYLE_ASSIGNMENT((#10966));
#10966 = SURFACE_STYLE_USAGE(.BOTH.,#10967);
#10967 = SURFACE_SIDE_STYLE('',(#10968));
#10968 = SURFACE_STYLE_FILL_AREA(#10969);
#10969 = FILL_AREA_STYLE('',(#10970));
#10970 = FILL_AREA_STYLE_COLOUR('',#10893);
#10971 = STYLED_ITEM('color',(#10972),#4510);
#10972 = PRESENTATION_STYLE_ASSIGNMENT((#10973));
#10973 = SURFACE_STYLE_USAGE(.BOTH.,#10974);
#10974 = SURFACE_SIDE_STYLE('',(#10975));
#10975 = SURFACE_STYLE_FILL_AREA(#10976);
#10976 = FILL_AREA_STYLE('',(#10977));
#10977 = FILL_AREA_STYLE_COLOUR('',#10893);
#10978 = MECHANICAL_DESIGN_GEOMETRIC_PRESENTATION_REPRESENTATION('',(
    #10979,#10989,#10998,#11007,#11016,#11025,#11034,#11043,#11052,
    #11061,#11070,#11079,#11088,#11097,#11106,#11115,#11124,#11133,
    #11142,#11151,#11160,#11169,#11178,#11187,#11196,#11205,#11214,
    #11223,#11232,#11241,#11250,#11259,#11268,#11277,#11286,#11295,
    #11304,#11313,#11322,#11331,#11340,#11349,#11358,#11367,#11376,
    #11385,#11394,#11403,#11412,#11421,#11430,#11439,#11448,#11457,
    #11466,#11475,#11484,#11493,#11502,#11511,#11520,#11529,#11538,
    #11547,#11556,#11565,#11574,#11583,#11592,#11601,#11610,#11619,
    #11628,#11637,#11646,#11655,#11664,#11673,#11682,#11691,#11700,
    #11709,#11718,#11727,#11736,#11745,#11754,#11763,#11772,#11781,
    #11790,#11799,#11808,#11817,#11826,#11835,#11844,#11853,#11862,
    #11871,#11880,#11889,#11898,#11907,#11916,#11925,#11934,#11943,
    #11952,#11961,#11970,#11979,#11988,#11997,#12006,#12015,#12024,
    #12033,#12042,#12051,#12060,#12069,#12078,#12087,#12096,#12105,
    #12114,#12123,#12132,#12141,#12150,#12159,#12168,#12177,#12186,
    #12195,#12204,#12213,#12222,#12231,#12240,#12249,#12258,#12267,
    #12276,#12285,#12294),#10047);
#10979 = STYLED_ITEM('color',(#10980),#5581);
#10980 = PRESENTATION_STYLE_ASSIGNMENT((#10981,#10987));
#10981 = SURFACE_STYLE_USAGE(.BOTH.,#10982);
#10982 = SURFACE_SIDE_STYLE('',(#10983));
#10983 = SURFACE_STYLE_FILL_AREA(#10984);
#10984 = FILL_AREA_STYLE('',(#10985));
#10985 = FILL_AREA_STYLE_COLOUR('',#10986);
#10986 = COLOUR_RGB('',0.147999998088,0.145000001626,0.145000001626);
#10987 = CURVE_STYLE('',#10988,POSITIVE_LENGTH_MEASURE(0.1),#10986);
#10988 = DRAUGHTING_PRE_DEFINED_CURVE_FONT('continuous');
#10989 = STYLED_ITEM('color',(#10990),#5619);
#10990 = PRESENTATION_STYLE_ASSIGNMENT((#10991,#10996));
#10991 = SURFACE_STYLE_USAGE(.BOTH.,#10992);
#10992 = SURFACE_SIDE_STYLE('',(#10993));
#10993 = SURFACE_STYLE_FILL_AREA(#10994);
#10994 = FILL_AREA_STYLE('',(#10995));
#10995 = FILL_AREA_STYLE_COLOUR('',#10986);
#10996 = CURVE_STYLE('',#10997,POSITIVE_LENGTH_MEASURE(0.1),#10986);
#10997 = DRAUGHTING_PRE_DEFINED_CURVE_FONT('continuous');
#10998 = STYLED_ITEM('color',(#10999),#5682);
#10999 = PRESENTATION_STYLE_ASSIGNMENT((#11000,#11005));
#11000 = SURFACE_STYLE_USAGE(.BOTH.,#11001);
#11001 = SURFACE_SIDE_STYLE('',(#11002));
#11002 = SURFACE_STYLE_FILL_AREA(#11003);
#11003 = FILL_AREA_STYLE('',(#11004));
#11004 = FILL_AREA_STYLE_COLOUR('',#10986);
#11005 = CURVE_STYLE('',#11006,POSITIVE_LENGTH_MEASURE(0.1),#10986);
#11006 = DRAUGHTING_PRE_DEFINED_CURVE_FONT('continuous');
#11007 = STYLED_ITEM('color',(#11008),#5705);
#11008 = PRESENTATION_STYLE_ASSIGNMENT((#11009,#11014));
#11009 = SURFACE_STYLE_USAGE(.BOTH.,#11010);
#11010 = SURFACE_SIDE_STYLE('',(#11011));
#11011 = SURFACE_STYLE_FILL_AREA(#11012);
#11012 = FILL_AREA_STYLE('',(#11013));
#11013 = FILL_AREA_STYLE_COLOUR('',#10986);
#11014 = CURVE_STYLE('',#11015,POSITIVE_LENGTH_MEASURE(0.1),#10986);
#11015 = DRAUGHTING_PRE_DEFINED_CURVE_FONT('continuous');
#11016 = STYLED_ITEM('color',(#11017),#5734);
#11017 = PRESENTATION_STYLE_ASSIGNMENT((#11018,#11023));
#11018 = SURFACE_STYLE_USAGE(.BOTH.,#11019);
#11019 = SURFACE_SIDE_STYLE('',(#11020));
#11020 = SURFACE_STYLE_FILL_AREA(#11021);
#11021 = FILL_AREA_STYLE('',(#11022));
#11022 = FILL_AREA_STYLE_COLOUR('',#10986);
#11023 = CURVE_STYLE('',#11024,POSITIVE_LENGTH_MEASURE(0.1),#10986);
#11024 = DRAUGHTING_PRE_DEFINED_CURVE_FONT('continuous');
#11025 = STYLED_ITEM('color',(#11026),#5757);
#11026 = PRESENTATION_STYLE_ASSIGNMENT((#11027,#11032));
#11027 = SURFACE_STYLE_USAGE(.BOTH.,#11028);
#11028 = SURFACE_SIDE_STYLE('',(#11029));
#11029 = SURFACE_STYLE_FILL_AREA(#11030);
#11030 = FILL_AREA_STYLE('',(#11031));
#11031 = FILL_AREA_STYLE_COLOUR('',#10986);
#11032 = CURVE_STYLE('',#11033,POSITIVE_LENGTH_MEASURE(0.1),#10986);
#11033 = DRAUGHTING_PRE_DEFINED_CURVE_FONT('continuous');
#11034 = STYLED_ITEM('color',(#11035),#5844);
#11035 = PRESENTATION_STYLE_ASSIGNMENT((#11036,#11041));
#11036 = SURFACE_STYLE_USAGE(.BOTH.,#11037);
#11037 = SURFACE_SIDE_STYLE('',(#11038));
#11038 = SURFACE_STYLE_FILL_AREA(#11039);
#11039 = FILL_AREA_STYLE('',(#11040));
#11040 = FILL_AREA_STYLE_COLOUR('',#10986);
#11041 = CURVE_STYLE('',#11042,POSITIVE_LENGTH_MEASURE(0.1),#10986);
#11042 = DRAUGHTING_PRE_DEFINED_CURVE_FONT('continuous');
#11043 = STYLED_ITEM('color',(#11044),#5931);
#11044 = PRESENTATION_STYLE_ASSIGNMENT((#11045,#11050));
#11045 = SURFACE_STYLE_USAGE(.BOTH.,#11046);
#11046 = SURFACE_SIDE_STYLE('',(#11047));
#11047 = SURFACE_STYLE_FILL_AREA(#11048);
#11048 = FILL_AREA_STYLE('',(#11049));
#11049 = FILL_AREA_STYLE_COLOUR('',#10986);
#11050 = CURVE_STYLE('',#11051,POSITIVE_LENGTH_MEASURE(0.1),#10986);
#11051 = DRAUGHTING_PRE_DEFINED_CURVE_FONT('continuous');
#11052 = STYLED_ITEM('color',(#11053),#5954);
#11053 = PRESENTATION_STYLE_ASSIGNMENT((#11054,#11059));
#11054 = SURFACE_STYLE_USAGE(.BOTH.,#11055);
#11055 = SURFACE_SIDE_STYLE('',(#11056));
#11056 = SURFACE_STYLE_FILL_AREA(#11057);
#11057 = FILL_AREA_STYLE('',(#11058));
#11058 = FILL_AREA_STYLE_COLOUR('',#10986);
#11059 = CURVE_STYLE('',#11060,POSITIVE_LENGTH_MEASURE(0.1),#10986);
#11060 = DRAUGHTING_PRE_DEFINED_CURVE_FONT('continuous');
#11061 = STYLED_ITEM('color',(#11062),#5977);
#11062 = PRESENTATION_STYLE_ASSIGNMENT((#11063,#11068));
#11063 = SURFACE_STYLE_USAGE(.BOTH.,#11064);
#11064 = SURFACE_SIDE_STYLE('',(#11065));
#11065 = SURFACE_STYLE_FILL_AREA(#11066);
#11066 = FILL_AREA_STYLE('',(#11067));
#11067 = FILL_AREA_STYLE_COLOUR('',#10986);
#11068 = CURVE_STYLE('',#11069,POSITIVE_LENGTH_MEASURE(0.1),#10986);
#11069 = DRAUGHTING_PRE_DEFINED_CURVE_FONT('continuous');
#11070 = STYLED_ITEM('color',(#11071),#5994);
#11071 = PRESENTATION_STYLE_ASSIGNMENT((#11072,#11077));
#11072 = SURFACE_STYLE_USAGE(.BOTH.,#11073);
#11073 = SURFACE_SIDE_STYLE('',(#11074));
#11074 = SURFACE_STYLE_FILL_AREA(#11075);
#11075 = FILL_AREA_STYLE('',(#11076));
#11076 = FILL_AREA_STYLE_COLOUR('',#10986);
#11077 = CURVE_STYLE('',#11078,POSITIVE_LENGTH_MEASURE(0.1),#10986);
#11078 = DRAUGHTING_PRE_DEFINED_CURVE_FONT('continuous');
#11079 = STYLED_ITEM('color',(#11080),#6017);
#11080 = PRESENTATION_STYLE_ASSIGNMENT((#11081,#11086));
#11081 = SURFACE_STYLE_USAGE(.BOTH.,#11082);
#11082 = SURFACE_SIDE_STYLE('',(#11083));
#11083 = SURFACE_STYLE_FILL_AREA(#11084);
#11084 = FILL_AREA_STYLE('',(#11085));
#11085 = FILL_AREA_STYLE_COLOUR('',#10986);
#11086 = CURVE_STYLE('',#11087,POSITIVE_LENGTH_MEASURE(0.1),#10986);
#11087 = DRAUGHTING_PRE_DEFINED_CURVE_FONT('continuous');
#11088 = STYLED_ITEM('color',(#11089),#6105);
#11089 = PRESENTATION_STYLE_ASSIGNMENT((#11090,#11095));
#11090 = SURFACE_STYLE_USAGE(.BOTH.,#11091);
#11091 = SURFACE_SIDE_STYLE('',(#11092));
#11092 = SURFACE_STYLE_FILL_AREA(#11093);
#11093 = FILL_AREA_STYLE('',(#11094));
#11094 = FILL_AREA_STYLE_COLOUR('',#10986);
#11095 = CURVE_STYLE('',#11096,POSITIVE_LENGTH_MEASURE(0.1),#10986);
#11096 = DRAUGHTING_PRE_DEFINED_CURVE_FONT('continuous');
#11097 = STYLED_ITEM('color',(#11098),#6121);
#11098 = PRESENTATION_STYLE_ASSIGNMENT((#11099,#11104));
#11099 = SURFACE_STYLE_USAGE(.BOTH.,#11100);
#11100 = SURFACE_SIDE_STYLE('',(#11101));
#11101 = SURFACE_STYLE_FILL_AREA(#11102);
#11102 = FILL_AREA_STYLE('',(#11103));
#11103 = FILL_AREA_STYLE_COLOUR('',#10986);
#11104 = CURVE_STYLE('',#11105,POSITIVE_LENGTH_MEASURE(0.1),#10986);
#11105 = DRAUGHTING_PRE_DEFINED_CURVE_FONT('continuous');
#11106 = STYLED_ITEM('color',(#11107),#6151);
#11107 = PRESENTATION_STYLE_ASSIGNMENT((#11108,#11113));
#11108 = SURFACE_STYLE_USAGE(.BOTH.,#11109);
#11109 = SURFACE_SIDE_STYLE('',(#11110));
#11110 = SURFACE_STYLE_FILL_AREA(#11111);
#11111 = FILL_AREA_STYLE('',(#11112));
#11112 = FILL_AREA_STYLE_COLOUR('',#10603);
#11113 = CURVE_STYLE('',#11114,POSITIVE_LENGTH_MEASURE(0.1),#10603);
#11114 = DRAUGHTING_PRE_DEFINED_CURVE_FONT('continuous');
#11115 = STYLED_ITEM('color',(#11116),#6182);
#11116 = PRESENTATION_STYLE_ASSIGNMENT((#11117,#11122));
#11117 = SURFACE_STYLE_USAGE(.BOTH.,#11118);
#11118 = SURFACE_SIDE_STYLE('',(#11119));
#11119 = SURFACE_STYLE_FILL_AREA(#11120);
#11120 = FILL_AREA_STYLE('',(#11121));
#11121 = FILL_AREA_STYLE_COLOUR('',#10986);
#11122 = CURVE_STYLE('',#11123,POSITIVE_LENGTH_MEASURE(0.1),#10986);
#11123 = DRAUGHTING_PRE_DEFINED_CURVE_FONT('continuous');
#11124 = STYLED_ITEM('color',(#11125),#6213);
#11125 = PRESENTATION_STYLE_ASSIGNMENT((#11126,#11131));
#11126 = SURFACE_STYLE_USAGE(.BOTH.,#11127);
#11127 = SURFACE_SIDE_STYLE('',(#11128));
#11128 = SURFACE_STYLE_FILL_AREA(#11129);
#11129 = FILL_AREA_STYLE('',(#11130));
#11130 = FILL_AREA_STYLE_COLOUR('',#10603);
#11131 = CURVE_STYLE('',#11132,POSITIVE_LENGTH_MEASURE(0.1),#10603);
#11132 = DRAUGHTING_PRE_DEFINED_CURVE_FONT('continuous');
#11133 = STYLED_ITEM('color',(#11134),#6244);
#11134 = PRESENTATION_STYLE_ASSIGNMENT((#11135,#11140));
#11135 = SURFACE_STYLE_USAGE(.BOTH.,#11136);
#11136 = SURFACE_SIDE_STYLE('',(#11137));
#11137 = SURFACE_STYLE_FILL_AREA(#11138);
#11138 = FILL_AREA_STYLE('',(#11139));
#11139 = FILL_AREA_STYLE_COLOUR('',#10986);
#11140 = CURVE_STYLE('',#11141,POSITIVE_LENGTH_MEASURE(0.1),#10986);
#11141 = DRAUGHTING_PRE_DEFINED_CURVE_FONT('continuous');
#11142 = STYLED_ITEM('color',(#11143),#6275);
#11143 = PRESENTATION_STYLE_ASSIGNMENT((#11144,#11149));
#11144 = SURFACE_STYLE_USAGE(.BOTH.,#11145);
#11145 = SURFACE_SIDE_STYLE('',(#11146));
#11146 = SURFACE_STYLE_FILL_AREA(#11147);
#11147 = FILL_AREA_STYLE('',(#11148));
#11148 = FILL_AREA_STYLE_COLOUR('',#10603);
#11149 = CURVE_STYLE('',#11150,POSITIVE_LENGTH_MEASURE(0.1),#10603);
#11150 = DRAUGHTING_PRE_DEFINED_CURVE_FONT('continuous');
#11151 = STYLED_ITEM('color',(#11152),#6306);
#11152 = PRESENTATION_STYLE_ASSIGNMENT((#11153,#11158));
#11153 = SURFACE_STYLE_USAGE(.BOTH.,#11154);
#11154 = SURFACE_SIDE_STYLE('',(#11155));
#11155 = SURFACE_STYLE_FILL_AREA(#11156);
#11156 = FILL_AREA_STYLE('',(#11157));
#11157 = FILL_AREA_STYLE_COLOUR('',#10986);
#11158 = CURVE_STYLE('',#11159,POSITIVE_LENGTH_MEASURE(0.1),#10986);
#11159 = DRAUGHTING_PRE_DEFINED_CURVE_FONT('continuous');
#11160 = STYLED_ITEM('color',(#11161),#6337);
#11161 = PRESENTATION_STYLE_ASSIGNMENT((#11162,#11167));
#11162 = SURFACE_STYLE_USAGE(.BOTH.,#11163);
#11163 = SURFACE_SIDE_STYLE('',(#11164));
#11164 = SURFACE_STYLE_FILL_AREA(#11165);
#11165 = FILL_AREA_STYLE('',(#11166));
#11166 = FILL_AREA_STYLE_COLOUR('',#10603);
#11167 = CURVE_STYLE('',#11168,POSITIVE_LENGTH_MEASURE(0.1),#10603);
#11168 = DRAUGHTING_PRE_DEFINED_CURVE_FONT('continuous');
#11169 = STYLED_ITEM('color',(#11170),#6368);
#11170 = PRESENTATION_STYLE_ASSIGNMENT((#11171,#11176));
#11171 = SURFACE_STYLE_USAGE(.BOTH.,#11172);
#11172 = SURFACE_SIDE_STYLE('',(#11173));
#11173 = SURFACE_STYLE_FILL_AREA(#11174);
#11174 = FILL_AREA_STYLE('',(#11175));
#11175 = FILL_AREA_STYLE_COLOUR('',#10986);
#11176 = CURVE_STYLE('',#11177,POSITIVE_LENGTH_MEASURE(0.1),#10986);
#11177 = DRAUGHTING_PRE_DEFINED_CURVE_FONT('continuous');
#11178 = STYLED_ITEM('color',(#11179),#6385);
#11179 = PRESENTATION_STYLE_ASSIGNMENT((#11180,#11185));
#11180 = SURFACE_STYLE_USAGE(.BOTH.,#11181);
#11181 = SURFACE_SIDE_STYLE('',(#11182));
#11182 = SURFACE_STYLE_FILL_AREA(#11183);
#11183 = FILL_AREA_STYLE('',(#11184));
#11184 = FILL_AREA_STYLE_COLOUR('',#10986);
#11185 = CURVE_STYLE('',#11186,POSITIVE_LENGTH_MEASURE(0.1),#10986);
#11186 = DRAUGHTING_PRE_DEFINED_CURVE_FONT('continuous');
#11187 = STYLED_ITEM('color',(#11188),#6402);
#11188 = PRESENTATION_STYLE_ASSIGNMENT((#11189,#11194));
#11189 = SURFACE_STYLE_USAGE(.BOTH.,#11190);
#11190 = SURFACE_SIDE_STYLE('',(#11191));
#11191 = SURFACE_STYLE_FILL_AREA(#11192);
#11192 = FILL_AREA_STYLE('',(#11193));
#11193 = FILL_AREA_STYLE_COLOUR('',#10603);
#11194 = CURVE_STYLE('',#11195,POSITIVE_LENGTH_MEASURE(0.1),#10603);
#11195 = DRAUGHTING_PRE_DEFINED_CURVE_FONT('continuous');
#11196 = STYLED_ITEM('color',(#11197),#6433);
#11197 = PRESENTATION_STYLE_ASSIGNMENT((#11198,#11203));
#11198 = SURFACE_STYLE_USAGE(.BOTH.,#11199);
#11199 = SURFACE_SIDE_STYLE('',(#11200));
#11200 = SURFACE_STYLE_FILL_AREA(#11201);
#11201 = FILL_AREA_STYLE('',(#11202));
#11202 = FILL_AREA_STYLE_COLOUR('',#10986);
#11203 = CURVE_STYLE('',#11204,POSITIVE_LENGTH_MEASURE(0.1),#10986);
#11204 = DRAUGHTING_PRE_DEFINED_CURVE_FONT('continuous');
#11205 = STYLED_ITEM('color',(#11206),#6464);
#11206 = PRESENTATION_STYLE_ASSIGNMENT((#11207,#11212));
#11207 = SURFACE_STYLE_USAGE(.BOTH.,#11208);
#11208 = SURFACE_SIDE_STYLE('',(#11209));
#11209 = SURFACE_STYLE_FILL_AREA(#11210);
#11210 = FILL_AREA_STYLE('',(#11211));
#11211 = FILL_AREA_STYLE_COLOUR('',#10603);
#11212 = CURVE_STYLE('',#11213,POSITIVE_LENGTH_MEASURE(0.1),#10603);
#11213 = DRAUGHTING_PRE_DEFINED_CURVE_FONT('continuous');
#11214 = STYLED_ITEM('color',(#11215),#6495);
#11215 = PRESENTATION_STYLE_ASSIGNMENT((#11216,#11221));
#11216 = SURFACE_STYLE_USAGE(.BOTH.,#11217);
#11217 = SURFACE_SIDE_STYLE('',(#11218));
#11218 = SURFACE_STYLE_FILL_AREA(#11219);
#11219 = FILL_AREA_STYLE('',(#11220));
#11220 = FILL_AREA_STYLE_COLOUR('',#10986);
#11221 = CURVE_STYLE('',#11222,POSITIVE_LENGTH_MEASURE(0.1),#10986);
#11222 = DRAUGHTING_PRE_DEFINED_CURVE_FONT('continuous');
#11223 = STYLED_ITEM('color',(#11224),#6526);
#11224 = PRESENTATION_STYLE_ASSIGNMENT((#11225,#11230));
#11225 = SURFACE_STYLE_USAGE(.BOTH.,#11226);
#11226 = SURFACE_SIDE_STYLE('',(#11227));
#11227 = SURFACE_STYLE_FILL_AREA(#11228);
#11228 = FILL_AREA_STYLE('',(#11229));
#11229 = FILL_AREA_STYLE_COLOUR('',#10603);
#11230 = CURVE_STYLE('',#11231,POSITIVE_LENGTH_MEASURE(0.1),#10603);
#11231 = DRAUGHTING_PRE_DEFINED_CURVE_FONT('continuous');
#11232 = STYLED_ITEM('color',(#11233),#6557);
#11233 = PRESENTATION_STYLE_ASSIGNMENT((#11234,#11239));
#11234 = SURFACE_STYLE_USAGE(.BOTH.,#11235);
#11235 = SURFACE_SIDE_STYLE('',(#11236));
#11236 = SURFACE_STYLE_FILL_AREA(#11237);
#11237 = FILL_AREA_STYLE('',(#11238));
#11238 = FILL_AREA_STYLE_COLOUR('',#10986);
#11239 = CURVE_STYLE('',#11240,POSITIVE_LENGTH_MEASURE(0.1),#10986);
#11240 = DRAUGHTING_PRE_DEFINED_CURVE_FONT('continuous');
#11241 = STYLED_ITEM('color',(#11242),#6588);
#11242 = PRESENTATION_STYLE_ASSIGNMENT((#11243,#11248));
#11243 = SURFACE_STYLE_USAGE(.BOTH.,#11244);
#11244 = SURFACE_SIDE_STYLE('',(#11245));
#11245 = SURFACE_STYLE_FILL_AREA(#11246);
#11246 = FILL_AREA_STYLE('',(#11247));
#11247 = FILL_AREA_STYLE_COLOUR('',#10603);
#11248 = CURVE_STYLE('',#11249,POSITIVE_LENGTH_MEASURE(0.1),#10603);
#11249 = DRAUGHTING_PRE_DEFINED_CURVE_FONT('continuous');
#11250 = STYLED_ITEM('color',(#11251),#6619);
#11251 = PRESENTATION_STYLE_ASSIGNMENT((#11252,#11257));
#11252 = SURFACE_STYLE_USAGE(.BOTH.,#11253);
#11253 = SURFACE_SIDE_STYLE('',(#11254));
#11254 = SURFACE_STYLE_FILL_AREA(#11255);
#11255 = FILL_AREA_STYLE('',(#11256));
#11256 = FILL_AREA_STYLE_COLOUR('',#10986);
#11257 = CURVE_STYLE('',#11258,POSITIVE_LENGTH_MEASURE(0.1),#10986);
#11258 = DRAUGHTING_PRE_DEFINED_CURVE_FONT('continuous');
#11259 = STYLED_ITEM('color',(#11260),#6649);
#11260 = PRESENTATION_STYLE_ASSIGNMENT((#11261,#11266));
#11261 = SURFACE_STYLE_USAGE(.BOTH.,#11262);
#11262 = SURFACE_SIDE_STYLE('',(#11263));
#11263 = SURFACE_STYLE_FILL_AREA(#11264);
#11264 = FILL_AREA_STYLE('',(#11265));
#11265 = FILL_AREA_STYLE_COLOUR('',#10986);
#11266 = CURVE_STYLE('',#11267,POSITIVE_LENGTH_MEASURE(0.1),#10986);
#11267 = DRAUGHTING_PRE_DEFINED_CURVE_FONT('continuous');
#11268 = STYLED_ITEM('color',(#11269),#6672);
#11269 = PRESENTATION_STYLE_ASSIGNMENT((#11270,#11275));
#11270 = SURFACE_STYLE_USAGE(.BOTH.,#11271);
#11271 = SURFACE_SIDE_STYLE('',(#11272));
#11272 = SURFACE_STYLE_FILL_AREA(#11273);
#11273 = FILL_AREA_STYLE('',(#11274));
#11274 = FILL_AREA_STYLE_COLOUR('',#10986);
#11275 = CURVE_STYLE('',#11276,POSITIVE_LENGTH_MEASURE(0.1),#10986);
#11276 = DRAUGHTING_PRE_DEFINED_CURVE_FONT('continuous');
#11277 = STYLED_ITEM('color',(#11278),#6695);
#11278 = PRESENTATION_STYLE_ASSIGNMENT((#11279,#11284));
#11279 = SURFACE_STYLE_USAGE(.BOTH.,#11280);
#11280 = SURFACE_SIDE_STYLE('',(#11281));
#11281 = SURFACE_STYLE_FILL_AREA(#11282);
#11282 = FILL_AREA_STYLE('',(#11283));
#11283 = FILL_AREA_STYLE_COLOUR('',#10986);
#11284 = CURVE_STYLE('',#11285,POSITIVE_LENGTH_MEASURE(0.1),#10986);
#11285 = DRAUGHTING_PRE_DEFINED_CURVE_FONT('continuous');
#11286 = STYLED_ITEM('color',(#11287),#6712);
#11287 = PRESENTATION_STYLE_ASSIGNMENT((#11288,#11293));
#11288 = SURFACE_STYLE_USAGE(.BOTH.,#11289);
#11289 = SURFACE_SIDE_STYLE('',(#11290));
#11290 = SURFACE_STYLE_FILL_AREA(#11291);
#11291 = FILL_AREA_STYLE('',(#11292));
#11292 = FILL_AREA_STYLE_COLOUR('',#10603);
#11293 = CURVE_STYLE('',#11294,POSITIVE_LENGTH_MEASURE(0.1),#10603);
#11294 = DRAUGHTING_PRE_DEFINED_CURVE_FONT('continuous');
#11295 = STYLED_ITEM('color',(#11296),#6757);
#11296 = PRESENTATION_STYLE_ASSIGNMENT((#11297,#11302));
#11297 = SURFACE_STYLE_USAGE(.BOTH.,#11298);
#11298 = SURFACE_SIDE_STYLE('',(#11299));
#11299 = SURFACE_STYLE_FILL_AREA(#11300);
#11300 = FILL_AREA_STYLE('',(#11301));
#11301 = FILL_AREA_STYLE_COLOUR('',#10986);
#11302 = CURVE_STYLE('',#11303,POSITIVE_LENGTH_MEASURE(0.1),#10986);
#11303 = DRAUGHTING_PRE_DEFINED_CURVE_FONT('continuous');
#11304 = STYLED_ITEM('color',(#11305),#6843);
#11305 = PRESENTATION_STYLE_ASSIGNMENT((#11306,#11311));
#11306 = SURFACE_STYLE_USAGE(.BOTH.,#11307);
#11307 = SURFACE_SIDE_STYLE('',(#11308));
#11308 = SURFACE_STYLE_FILL_AREA(#11309);
#11309 = FILL_AREA_STYLE('',(#11310));
#11310 = FILL_AREA_STYLE_COLOUR('',#10986);
#11311 = CURVE_STYLE('',#11312,POSITIVE_LENGTH_MEASURE(0.1),#10986);
#11312 = DRAUGHTING_PRE_DEFINED_CURVE_FONT('continuous');
#11313 = STYLED_ITEM('color',(#11314),#6866);
#11314 = PRESENTATION_STYLE_ASSIGNMENT((#11315,#11320));
#11315 = SURFACE_STYLE_USAGE(.BOTH.,#11316);
#11316 = SURFACE_SIDE_STYLE('',(#11317));
#11317 = SURFACE_STYLE_FILL_AREA(#11318);
#11318 = FILL_AREA_STYLE('',(#11319));
#11319 = FILL_AREA_STYLE_COLOUR('',#10986);
#11320 = CURVE_STYLE('',#11321,POSITIVE_LENGTH_MEASURE(0.1),#10986);
#11321 = DRAUGHTING_PRE_DEFINED_CURVE_FONT('continuous');
#11322 = STYLED_ITEM('color',(#11323),#6889);
#11323 = PRESENTATION_STYLE_ASSIGNMENT((#11324,#11329));
#11324 = SURFACE_STYLE_USAGE(.BOTH.,#11325);
#11325 = SURFACE_SIDE_STYLE('',(#11326));
#11326 = SURFACE_STYLE_FILL_AREA(#11327);
#11327 = FILL_AREA_STYLE('',(#11328));
#11328 = FILL_AREA_STYLE_COLOUR('',#10986);
#11329 = CURVE_STYLE('',#11330,POSITIVE_LENGTH_MEASURE(0.1),#10986);
#11330 = DRAUGHTING_PRE_DEFINED_CURVE_FONT('continuous');
#11331 = STYLED_ITEM('color',(#11332),#6912);
#11332 = PRESENTATION_STYLE_ASSIGNMENT((#11333,#11338));
#11333 = SURFACE_STYLE_USAGE(.BOTH.,#11334);
#11334 = SURFACE_SIDE_STYLE('',(#11335));
#11335 = SURFACE_STYLE_FILL_AREA(#11336);
#11336 = FILL_AREA_STYLE('',(#11337));
#11337 = FILL_AREA_STYLE_COLOUR('',#10986);
#11338 = CURVE_STYLE('',#11339,POSITIVE_LENGTH_MEASURE(0.1),#10986);
#11339 = DRAUGHTING_PRE_DEFINED_CURVE_FONT('continuous');
#11340 = STYLED_ITEM('color',(#11341),#6999);
#11341 = PRESENTATION_STYLE_ASSIGNMENT((#11342,#11347));
#11342 = SURFACE_STYLE_USAGE(.BOTH.,#11343);
#11343 = SURFACE_SIDE_STYLE('',(#11344));
#11344 = SURFACE_STYLE_FILL_AREA(#11345);
#11345 = FILL_AREA_STYLE('',(#11346));
#11346 = FILL_AREA_STYLE_COLOUR('',#10603);
#11347 = CURVE_STYLE('',#11348,POSITIVE_LENGTH_MEASURE(0.1),#10603);
#11348 = DRAUGHTING_PRE_DEFINED_CURVE_FONT('continuous');
#11349 = STYLED_ITEM('color',(#11350),#7037);
#11350 = PRESENTATION_STYLE_ASSIGNMENT((#11351,#11356));
#11351 = SURFACE_STYLE_USAGE(.BOTH.,#11352);
#11352 = SURFACE_SIDE_STYLE('',(#11353));
#11353 = SURFACE_STYLE_FILL_AREA(#11354);
#11354 = FILL_AREA_STYLE('',(#11355));
#11355 = FILL_AREA_STYLE_COLOUR('',#10986);
#11356 = CURVE_STYLE('',#11357,POSITIVE_LENGTH_MEASURE(0.1),#10986);
#11357 = DRAUGHTING_PRE_DEFINED_CURVE_FONT('continuous');
#11358 = STYLED_ITEM('color',(#11359),#7086);
#11359 = PRESENTATION_STYLE_ASSIGNMENT((#11360,#11365));
#11360 = SURFACE_STYLE_USAGE(.BOTH.,#11361);
#11361 = SURFACE_SIDE_STYLE('',(#11362));
#11362 = SURFACE_STYLE_FILL_AREA(#11363);
#11363 = FILL_AREA_STYLE('',(#11364));
#11364 = FILL_AREA_STYLE_COLOUR('',#10603);
#11365 = CURVE_STYLE('',#11366,POSITIVE_LENGTH_MEASURE(0.1),#10603);
#11366 = DRAUGHTING_PRE_DEFINED_CURVE_FONT('continuous');
#11367 = STYLED_ITEM('color',(#11368),#7178);
#11368 = PRESENTATION_STYLE_ASSIGNMENT((#11369,#11374));
#11369 = SURFACE_STYLE_USAGE(.BOTH.,#11370);
#11370 = SURFACE_SIDE_STYLE('',(#11371));
#11371 = SURFACE_STYLE_FILL_AREA(#11372);
#11372 = FILL_AREA_STYLE('',(#11373));
#11373 = FILL_AREA_STYLE_COLOUR('',#10603);
#11374 = CURVE_STYLE('',#11375,POSITIVE_LENGTH_MEASURE(0.1),#10603);
#11375 = DRAUGHTING_PRE_DEFINED_CURVE_FONT('continuous');
#11376 = STYLED_ITEM('color',(#11377),#7203);
#11377 = PRESENTATION_STYLE_ASSIGNMENT((#11378,#11383));
#11378 = SURFACE_STYLE_USAGE(.BOTH.,#11379);
#11379 = SURFACE_SIDE_STYLE('',(#11380));
#11380 = SURFACE_STYLE_FILL_AREA(#11381);
#11381 = FILL_AREA_STYLE('',(#11382));
#11382 = FILL_AREA_STYLE_COLOUR('',#10603);
#11383 = CURVE_STYLE('',#11384,POSITIVE_LENGTH_MEASURE(0.1),#10603);
#11384 = DRAUGHTING_PRE_DEFINED_CURVE_FONT('continuous');
#11385 = STYLED_ITEM('color',(#11386),#7287);
#11386 = PRESENTATION_STYLE_ASSIGNMENT((#11387,#11392));
#11387 = SURFACE_STYLE_USAGE(.BOTH.,#11388);
#11388 = SURFACE_SIDE_STYLE('',(#11389));
#11389 = SURFACE_STYLE_FILL_AREA(#11390);
#11390 = FILL_AREA_STYLE('',(#11391));
#11391 = FILL_AREA_STYLE_COLOUR('',#10986);
#11392 = CURVE_STYLE('',#11393,POSITIVE_LENGTH_MEASURE(0.1),#10986);
#11393 = DRAUGHTING_PRE_DEFINED_CURVE_FONT('continuous');
#11394 = STYLED_ITEM('color',(#11395),#7309);
#11395 = PRESENTATION_STYLE_ASSIGNMENT((#11396,#11401));
#11396 = SURFACE_STYLE_USAGE(.BOTH.,#11397);
#11397 = SURFACE_SIDE_STYLE('',(#11398));
#11398 = SURFACE_STYLE_FILL_AREA(#11399);
#11399 = FILL_AREA_STYLE('',(#11400));
#11400 = FILL_AREA_STYLE_COLOUR('',#10603);
#11401 = CURVE_STYLE('',#11402,POSITIVE_LENGTH_MEASURE(0.1),#10603);
#11402 = DRAUGHTING_PRE_DEFINED_CURVE_FONT('continuous');
#11403 = STYLED_ITEM('color',(#11404),#7401);
#11404 = PRESENTATION_STYLE_ASSIGNMENT((#11405,#11410));
#11405 = SURFACE_STYLE_USAGE(.BOTH.,#11406);
#11406 = SURFACE_SIDE_STYLE('',(#11407));
#11407 = SURFACE_STYLE_FILL_AREA(#11408);
#11408 = FILL_AREA_STYLE('',(#11409));
#11409 = FILL_AREA_STYLE_COLOUR('',#10603);
#11410 = CURVE_STYLE('',#11411,POSITIVE_LENGTH_MEASURE(0.1),#10603);
#11411 = DRAUGHTING_PRE_DEFINED_CURVE_FONT('continuous');
#11412 = STYLED_ITEM('color',(#11413),#7426);
#11413 = PRESENTATION_STYLE_ASSIGNMENT((#11414,#11419));
#11414 = SURFACE_STYLE_USAGE(.BOTH.,#11415);
#11415 = SURFACE_SIDE_STYLE('',(#11416));
#11416 = SURFACE_STYLE_FILL_AREA(#11417);
#11417 = FILL_AREA_STYLE('',(#11418));
#11418 = FILL_AREA_STYLE_COLOUR('',#10603);
#11419 = CURVE_STYLE('',#11420,POSITIVE_LENGTH_MEASURE(0.1),#10603);
#11420 = DRAUGHTING_PRE_DEFINED_CURVE_FONT('continuous');
#11421 = STYLED_ITEM('color',(#11422),#7510);
#11422 = PRESENTATION_STYLE_ASSIGNMENT((#11423,#11428));
#11423 = SURFACE_STYLE_USAGE(.BOTH.,#11424);
#11424 = SURFACE_SIDE_STYLE('',(#11425));
#11425 = SURFACE_STYLE_FILL_AREA(#11426);
#11426 = FILL_AREA_STYLE('',(#11427));
#11427 = FILL_AREA_STYLE_COLOUR('',#10986);
#11428 = CURVE_STYLE('',#11429,POSITIVE_LENGTH_MEASURE(0.1),#10986);
#11429 = DRAUGHTING_PRE_DEFINED_CURVE_FONT('continuous');
#11430 = STYLED_ITEM('color',(#11431),#7532);
#11431 = PRESENTATION_STYLE_ASSIGNMENT((#11432,#11437));
#11432 = SURFACE_STYLE_USAGE(.BOTH.,#11433);
#11433 = SURFACE_SIDE_STYLE('',(#11434));
#11434 = SURFACE_STYLE_FILL_AREA(#11435);
#11435 = FILL_AREA_STYLE('',(#11436));
#11436 = FILL_AREA_STYLE_COLOUR('',#10603);
#11437 = CURVE_STYLE('',#11438,POSITIVE_LENGTH_MEASURE(0.1),#10603);
#11438 = DRAUGHTING_PRE_DEFINED_CURVE_FONT('continuous');
#11439 = STYLED_ITEM('color',(#11440),#7624);
#11440 = PRESENTATION_STYLE_ASSIGNMENT((#11441,#11446));
#11441 = SURFACE_STYLE_USAGE(.BOTH.,#11442);
#11442 = SURFACE_SIDE_STYLE('',(#11443));
#11443 = SURFACE_STYLE_FILL_AREA(#11444);
#11444 = FILL_AREA_STYLE('',(#11445));
#11445 = FILL_AREA_STYLE_COLOUR('',#10603);
#11446 = CURVE_STYLE('',#11447,POSITIVE_LENGTH_MEASURE(0.1),#10603);
#11447 = DRAUGHTING_PRE_DEFINED_CURVE_FONT('continuous');
#11448 = STYLED_ITEM('color',(#11449),#7649);
#11449 = PRESENTATION_STYLE_ASSIGNMENT((#11450,#11455));
#11450 = SURFACE_STYLE_USAGE(.BOTH.,#11451);
#11451 = SURFACE_SIDE_STYLE('',(#11452));
#11452 = SURFACE_STYLE_FILL_AREA(#11453);
#11453 = FILL_AREA_STYLE('',(#11454));
#11454 = FILL_AREA_STYLE_COLOUR('',#10603);
#11455 = CURVE_STYLE('',#11456,POSITIVE_LENGTH_MEASURE(0.1),#10603);
#11456 = DRAUGHTING_PRE_DEFINED_CURVE_FONT('continuous');
#11457 = STYLED_ITEM('color',(#11458),#7733);
#11458 = PRESENTATION_STYLE_ASSIGNMENT((#11459,#11464));
#11459 = SURFACE_STYLE_USAGE(.BOTH.,#11460);
#11460 = SURFACE_SIDE_STYLE('',(#11461));
#11461 = SURFACE_STYLE_FILL_AREA(#11462);
#11462 = FILL_AREA_STYLE('',(#11463));
#11463 = FILL_AREA_STYLE_COLOUR('',#10986);
#11464 = CURVE_STYLE('',#11465,POSITIVE_LENGTH_MEASURE(0.1),#10986);
#11465 = DRAUGHTING_PRE_DEFINED_CURVE_FONT('continuous');
#11466 = STYLED_ITEM('color',(#11467),#7750);
#11467 = PRESENTATION_STYLE_ASSIGNMENT((#11468,#11473));
#11468 = SURFACE_STYLE_USAGE(.BOTH.,#11469);
#11469 = SURFACE_SIDE_STYLE('',(#11470));
#11470 = SURFACE_STYLE_FILL_AREA(#11471);
#11471 = FILL_AREA_STYLE('',(#11472));
#11472 = FILL_AREA_STYLE_COLOUR('',#10603);
#11473 = CURVE_STYLE('',#11474,POSITIVE_LENGTH_MEASURE(0.1),#10603);
#11474 = DRAUGHTING_PRE_DEFINED_CURVE_FONT('continuous');
#11475 = STYLED_ITEM('color',(#11476),#7835);
#11476 = PRESENTATION_STYLE_ASSIGNMENT((#11477,#11482));
#11477 = SURFACE_STYLE_USAGE(.BOTH.,#11478);
#11478 = SURFACE_SIDE_STYLE('',(#11479));
#11479 = SURFACE_STYLE_FILL_AREA(#11480);
#11480 = FILL_AREA_STYLE('',(#11481));
#11481 = FILL_AREA_STYLE_COLOUR('',#10603);
#11482 = CURVE_STYLE('',#11483,POSITIVE_LENGTH_MEASURE(0.1),#10603);
#11483 = DRAUGHTING_PRE_DEFINED_CURVE_FONT('continuous');
#11484 = STYLED_ITEM('color',(#11485),#7860);
#11485 = PRESENTATION_STYLE_ASSIGNMENT((#11486,#11491));
#11486 = SURFACE_STYLE_USAGE(.BOTH.,#11487);
#11487 = SURFACE_SIDE_STYLE('',(#11488));
#11488 = SURFACE_STYLE_FILL_AREA(#11489);
#11489 = FILL_AREA_STYLE('',(#11490));
#11490 = FILL_AREA_STYLE_COLOUR('',#10603);
#11491 = CURVE_STYLE('',#11492,POSITIVE_LENGTH_MEASURE(0.1),#10603);
#11492 = DRAUGHTING_PRE_DEFINED_CURVE_FONT('continuous');
#11493 = STYLED_ITEM('color',(#11494),#7937);
#11494 = PRESENTATION_STYLE_ASSIGNMENT((#11495,#11500));
#11495 = SURFACE_STYLE_USAGE(.BOTH.,#11496);
#11496 = SURFACE_SIDE_STYLE('',(#11497));
#11497 = SURFACE_STYLE_FILL_AREA(#11498);
#11498 = FILL_AREA_STYLE('',(#11499));
#11499 = FILL_AREA_STYLE_COLOUR('',#10603);
#11500 = CURVE_STYLE('',#11501,POSITIVE_LENGTH_MEASURE(0.1),#10603);
#11501 = DRAUGHTING_PRE_DEFINED_CURVE_FONT('continuous');
#11502 = STYLED_ITEM('color',(#11503),#8022);
#11503 = PRESENTATION_STYLE_ASSIGNMENT((#11504,#11509));
#11504 = SURFACE_STYLE_USAGE(.BOTH.,#11505);
#11505 = SURFACE_SIDE_STYLE('',(#11506));
#11506 = SURFACE_STYLE_FILL_AREA(#11507);
#11507 = FILL_AREA_STYLE('',(#11508));
#11508 = FILL_AREA_STYLE_COLOUR('',#10603);
#11509 = CURVE_STYLE('',#11510,POSITIVE_LENGTH_MEASURE(0.1),#10603);
#11510 = DRAUGHTING_PRE_DEFINED_CURVE_FONT('continuous');
#11511 = STYLED_ITEM('color',(#11512),#8047);
#11512 = PRESENTATION_STYLE_ASSIGNMENT((#11513,#11518));
#11513 = SURFACE_STYLE_USAGE(.BOTH.,#11514);
#11514 = SURFACE_SIDE_STYLE('',(#11515));
#11515 = SURFACE_STYLE_FILL_AREA(#11516);
#11516 = FILL_AREA_STYLE('',(#11517));
#11517 = FILL_AREA_STYLE_COLOUR('',#10603);
#11518 = CURVE_STYLE('',#11519,POSITIVE_LENGTH_MEASURE(0.1),#10603);
#11519 = DRAUGHTING_PRE_DEFINED_CURVE_FONT('continuous');
#11520 = STYLED_ITEM('color',(#11521),#8124);
#11521 = PRESENTATION_STYLE_ASSIGNMENT((#11522,#11527));
#11522 = SURFACE_STYLE_USAGE(.BOTH.,#11523);
#11523 = SURFACE_SIDE_STYLE('',(#11524));
#11524 = SURFACE_STYLE_FILL_AREA(#11525);
#11525 = FILL_AREA_STYLE('',(#11526));
#11526 = FILL_AREA_STYLE_COLOUR('',#10986);
#11527 = CURVE_STYLE('',#11528,POSITIVE_LENGTH_MEASURE(0.1),#10986);
#11528 = DRAUGHTING_PRE_DEFINED_CURVE_FONT('continuous');
#11529 = STYLED_ITEM('color',(#11530),#8141);
#11530 = PRESENTATION_STYLE_ASSIGNMENT((#11531,#11536));
#11531 = SURFACE_STYLE_USAGE(.BOTH.,#11532);
#11532 = SURFACE_SIDE_STYLE('',(#11533));
#11533 = SURFACE_STYLE_FILL_AREA(#11534);
#11534 = FILL_AREA_STYLE('',(#11535));
#11535 = FILL_AREA_STYLE_COLOUR('',#10603);
#11536 = CURVE_STYLE('',#11537,POSITIVE_LENGTH_MEASURE(0.1),#10603);
#11537 = DRAUGHTING_PRE_DEFINED_CURVE_FONT('continuous');
#11538 = STYLED_ITEM('color',(#11539),#8233);
#11539 = PRESENTATION_STYLE_ASSIGNMENT((#11540,#11545));
#11540 = SURFACE_STYLE_USAGE(.BOTH.,#11541);
#11541 = SURFACE_SIDE_STYLE('',(#11542));
#11542 = SURFACE_STYLE_FILL_AREA(#11543);
#11543 = FILL_AREA_STYLE('',(#11544));
#11544 = FILL_AREA_STYLE_COLOUR('',#10603);
#11545 = CURVE_STYLE('',#11546,POSITIVE_LENGTH_MEASURE(0.1),#10603);
#11546 = DRAUGHTING_PRE_DEFINED_CURVE_FONT('continuous');
#11547 = STYLED_ITEM('color',(#11548),#8258);
#11548 = PRESENTATION_STYLE_ASSIGNMENT((#11549,#11554));
#11549 = SURFACE_STYLE_USAGE(.BOTH.,#11550);
#11550 = SURFACE_SIDE_STYLE('',(#11551));
#11551 = SURFACE_STYLE_FILL_AREA(#11552);
#11552 = FILL_AREA_STYLE('',(#11553));
#11553 = FILL_AREA_STYLE_COLOUR('',#10603);
#11554 = CURVE_STYLE('',#11555,POSITIVE_LENGTH_MEASURE(0.1),#10603);
#11555 = DRAUGHTING_PRE_DEFINED_CURVE_FONT('continuous');
#11556 = STYLED_ITEM('color',(#11557),#8342);
#11557 = PRESENTATION_STYLE_ASSIGNMENT((#11558,#11563));
#11558 = SURFACE_STYLE_USAGE(.BOTH.,#11559);
#11559 = SURFACE_SIDE_STYLE('',(#11560));
#11560 = SURFACE_STYLE_FILL_AREA(#11561);
#11561 = FILL_AREA_STYLE('',(#11562));
#11562 = FILL_AREA_STYLE_COLOUR('',#10986);
#11563 = CURVE_STYLE('',#11564,POSITIVE_LENGTH_MEASURE(0.1),#10986);
#11564 = DRAUGHTING_PRE_DEFINED_CURVE_FONT('continuous');
#11565 = STYLED_ITEM('color',(#11566),#8364);
#11566 = PRESENTATION_STYLE_ASSIGNMENT((#11567,#11572));
#11567 = SURFACE_STYLE_USAGE(.BOTH.,#11568);
#11568 = SURFACE_SIDE_STYLE('',(#11569));
#11569 = SURFACE_STYLE_FILL_AREA(#11570);
#11570 = FILL_AREA_STYLE('',(#11571));
#11571 = FILL_AREA_STYLE_COLOUR('',#10603);
#11572 = CURVE_STYLE('',#11573,POSITIVE_LENGTH_MEASURE(0.1),#10603);
#11573 = DRAUGHTING_PRE_DEFINED_CURVE_FONT('continuous');
#11574 = STYLED_ITEM('color',(#11575),#8456);
#11575 = PRESENTATION_STYLE_ASSIGNMENT((#11576,#11581));
#11576 = SURFACE_STYLE_USAGE(.BOTH.,#11577);
#11577 = SURFACE_SIDE_STYLE('',(#11578));
#11578 = SURFACE_STYLE_FILL_AREA(#11579);
#11579 = FILL_AREA_STYLE('',(#11580));
#11580 = FILL_AREA_STYLE_COLOUR('',#10603);
#11581 = CURVE_STYLE('',#11582,POSITIVE_LENGTH_MEASURE(0.1),#10603);
#11582 = DRAUGHTING_PRE_DEFINED_CURVE_FONT('continuous');
#11583 = STYLED_ITEM('color',(#11584),#8481);
#11584 = PRESENTATION_STYLE_ASSIGNMENT((#11585,#11590));
#11585 = SURFACE_STYLE_USAGE(.BOTH.,#11586);
#11586 = SURFACE_SIDE_STYLE('',(#11587));
#11587 = SURFACE_STYLE_FILL_AREA(#11588);
#11588 = FILL_AREA_STYLE('',(#11589));
#11589 = FILL_AREA_STYLE_COLOUR('',#10603);
#11590 = CURVE_STYLE('',#11591,POSITIVE_LENGTH_MEASURE(0.1),#10603);
#11591 = DRAUGHTING_PRE_DEFINED_CURVE_FONT('continuous');
#11592 = STYLED_ITEM('color',(#11593),#8565);
#11593 = PRESENTATION_STYLE_ASSIGNMENT((#11594,#11599));
#11594 = SURFACE_STYLE_USAGE(.BOTH.,#11595);
#11595 = SURFACE_SIDE_STYLE('',(#11596));
#11596 = SURFACE_STYLE_FILL_AREA(#11597);
#11597 = FILL_AREA_STYLE('',(#11598));
#11598 = FILL_AREA_STYLE_COLOUR('',#10986);
#11599 = CURVE_STYLE('',#11600,POSITIVE_LENGTH_MEASURE(0.1),#10986);
#11600 = DRAUGHTING_PRE_DEFINED_CURVE_FONT('continuous');
#11601 = STYLED_ITEM('color',(#11602),#8587);
#11602 = PRESENTATION_STYLE_ASSIGNMENT((#11603,#11608));
#11603 = SURFACE_STYLE_USAGE(.BOTH.,#11604);
#11604 = SURFACE_SIDE_STYLE('',(#11605));
#11605 = SURFACE_STYLE_FILL_AREA(#11606);
#11606 = FILL_AREA_STYLE('',(#11607));
#11607 = FILL_AREA_STYLE_COLOUR('',#10603);
#11608 = CURVE_STYLE('',#11609,POSITIVE_LENGTH_MEASURE(0.1),#10603);
#11609 = DRAUGHTING_PRE_DEFINED_CURVE_FONT('continuous');
#11610 = STYLED_ITEM('color',(#11611),#8679);
#11611 = PRESENTATION_STYLE_ASSIGNMENT((#11612,#11617));
#11612 = SURFACE_STYLE_USAGE(.BOTH.,#11613);
#11613 = SURFACE_SIDE_STYLE('',(#11614));
#11614 = SURFACE_STYLE_FILL_AREA(#11615);
#11615 = FILL_AREA_STYLE('',(#11616));
#11616 = FILL_AREA_STYLE_COLOUR('',#10603);
#11617 = CURVE_STYLE('',#11618,POSITIVE_LENGTH_MEASURE(0.1),#10603);
#11618 = DRAUGHTING_PRE_DEFINED_CURVE_FONT('continuous');
#11619 = STYLED_ITEM('color',(#11620),#8704);
#11620 = PRESENTATION_STYLE_ASSIGNMENT((#11621,#11626));
#11621 = SURFACE_STYLE_USAGE(.BOTH.,#11622);
#11622 = SURFACE_SIDE_STYLE('',(#11623));
#11623 = SURFACE_STYLE_FILL_AREA(#11624);
#11624 = FILL_AREA_STYLE('',(#11625));
#11625 = FILL_AREA_STYLE_COLOUR('',#10603);
#11626 = CURVE_STYLE('',#11627,POSITIVE_LENGTH_MEASURE(0.1),#10603);
#11627 = DRAUGHTING_PRE_DEFINED_CURVE_FONT('continuous');
#11628 = STYLED_ITEM('color',(#11629),#8788);
#11629 = PRESENTATION_STYLE_ASSIGNMENT((#11630,#11635));
#11630 = SURFACE_STYLE_USAGE(.BOTH.,#11631);
#11631 = SURFACE_SIDE_STYLE('',(#11632));
#11632 = SURFACE_STYLE_FILL_AREA(#11633);
#11633 = FILL_AREA_STYLE('',(#11634));
#11634 = FILL_AREA_STYLE_COLOUR('',#10603);
#11635 = CURVE_STYLE('',#11636,POSITIVE_LENGTH_MEASURE(0.1),#10603);
#11636 = DRAUGHTING_PRE_DEFINED_CURVE_FONT('continuous');
#11637 = STYLED_ITEM('color',(#11638),#8805);
#11638 = PRESENTATION_STYLE_ASSIGNMENT((#11639,#11644));
#11639 = SURFACE_STYLE_USAGE(.BOTH.,#11640);
#11640 = SURFACE_SIDE_STYLE('',(#11641));
#11641 = SURFACE_STYLE_FILL_AREA(#11642);
#11642 = FILL_AREA_STYLE('',(#11643));
#11643 = FILL_AREA_STYLE_COLOUR('',#10603);
#11644 = CURVE_STYLE('',#11645,POSITIVE_LENGTH_MEASURE(0.1),#10603);
#11645 = DRAUGHTING_PRE_DEFINED_CURVE_FONT('continuous');
#11646 = STYLED_ITEM('color',(#11647),#8824);
#11647 = PRESENTATION_STYLE_ASSIGNMENT((#11648,#11653));
#11648 = SURFACE_STYLE_USAGE(.BOTH.,#11649);
#11649 = SURFACE_SIDE_STYLE('',(#11650));
#11650 = SURFACE_STYLE_FILL_AREA(#11651);
#11651 = FILL_AREA_STYLE('',(#11652));
#11652 = FILL_AREA_STYLE_COLOUR('',#10603);
#11653 = CURVE_STYLE('',#11654,POSITIVE_LENGTH_MEASURE(0.1),#10603);
#11654 = DRAUGHTING_PRE_DEFINED_CURVE_FONT('continuous');
#11655 = STYLED_ITEM('color',(#11656),#8843);
#11656 = PRESENTATION_STYLE_ASSIGNMENT((#11657,#11662));
#11657 = SURFACE_STYLE_USAGE(.BOTH.,#11658);
#11658 = SURFACE_SIDE_STYLE('',(#11659));
#11659 = SURFACE_STYLE_FILL_AREA(#11660);
#11660 = FILL_AREA_STYLE('',(#11661));
#11661 = FILL_AREA_STYLE_COLOUR('',#10603);
#11662 = CURVE_STYLE('',#11663,POSITIVE_LENGTH_MEASURE(0.1),#10603);
#11663 = DRAUGHTING_PRE_DEFINED_CURVE_FONT('continuous');
#11664 = STYLED_ITEM('color',(#11665),#8862);
#11665 = PRESENTATION_STYLE_ASSIGNMENT((#11666,#11671));
#11666 = SURFACE_STYLE_USAGE(.BOTH.,#11667);
#11667 = SURFACE_SIDE_STYLE('',(#11668));
#11668 = SURFACE_STYLE_FILL_AREA(#11669);
#11669 = FILL_AREA_STYLE('',(#11670));
#11670 = FILL_AREA_STYLE_COLOUR('',#10986);
#11671 = CURVE_STYLE('',#11672,POSITIVE_LENGTH_MEASURE(0.1),#10986);
#11672 = DRAUGHTING_PRE_DEFINED_CURVE_FONT('continuous');
#11673 = STYLED_ITEM('color',(#11674),#8908);
#11674 = PRESENTATION_STYLE_ASSIGNMENT((#11675,#11680));
#11675 = SURFACE_STYLE_USAGE(.BOTH.,#11676);
#11676 = SURFACE_SIDE_STYLE('',(#11677));
#11677 = SURFACE_STYLE_FILL_AREA(#11678);
#11678 = FILL_AREA_STYLE('',(#11679));
#11679 = FILL_AREA_STYLE_COLOUR('',#10986);
#11680 = CURVE_STYLE('',#11681,POSITIVE_LENGTH_MEASURE(0.1),#10986);
#11681 = DRAUGHTING_PRE_DEFINED_CURVE_FONT('continuous');
#11682 = STYLED_ITEM('color',(#11683),#8924);
#11683 = PRESENTATION_STYLE_ASSIGNMENT((#11684,#11689));
#11684 = SURFACE_STYLE_USAGE(.BOTH.,#11685);
#11685 = SURFACE_SIDE_STYLE('',(#11686));
#11686 = SURFACE_STYLE_FILL_AREA(#11687);
#11687 = FILL_AREA_STYLE('',(#11688));
#11688 = FILL_AREA_STYLE_COLOUR('',#10603);
#11689 = CURVE_STYLE('',#11690,POSITIVE_LENGTH_MEASURE(0.1),#10603);
#11690 = DRAUGHTING_PRE_DEFINED_CURVE_FONT('continuous');
#11691 = STYLED_ITEM('color',(#11692),#8943);
#11692 = PRESENTATION_STYLE_ASSIGNMENT((#11693,#11698));
#11693 = SURFACE_STYLE_USAGE(.BOTH.,#11694);
#11694 = SURFACE_SIDE_STYLE('',(#11695));
#11695 = SURFACE_STYLE_FILL_AREA(#11696);
#11696 = FILL_AREA_STYLE('',(#11697));
#11697 = FILL_AREA_STYLE_COLOUR('',#10603);
#11698 = CURVE_STYLE('',#11699,POSITIVE_LENGTH_MEASURE(0.1),#10603);
#11699 = DRAUGHTING_PRE_DEFINED_CURVE_FONT('continuous');
#11700 = STYLED_ITEM('color',(#11701),#8962);
#11701 = PRESENTATION_STYLE_ASSIGNMENT((#11702,#11707));
#11702 = SURFACE_STYLE_USAGE(.BOTH.,#11703);
#11703 = SURFACE_SIDE_STYLE('',(#11704));
#11704 = SURFACE_STYLE_FILL_AREA(#11705);
#11705 = FILL_AREA_STYLE('',(#11706));
#11706 = FILL_AREA_STYLE_COLOUR('',#10603);
#11707 = CURVE_STYLE('',#11708,POSITIVE_LENGTH_MEASURE(0.1),#10603);
#11708 = DRAUGHTING_PRE_DEFINED_CURVE_FONT('continuous');
#11709 = STYLED_ITEM('color',(#11710),#8981);
#11710 = PRESENTATION_STYLE_ASSIGNMENT((#11711,#11716));
#11711 = SURFACE_STYLE_USAGE(.BOTH.,#11712);
#11712 = SURFACE_SIDE_STYLE('',(#11713));
#11713 = SURFACE_STYLE_FILL_AREA(#11714);
#11714 = FILL_AREA_STYLE('',(#11715));
#11715 = FILL_AREA_STYLE_COLOUR('',#10986);
#11716 = CURVE_STYLE('',#11717,POSITIVE_LENGTH_MEASURE(0.1),#10986);
#11717 = DRAUGHTING_PRE_DEFINED_CURVE_FONT('continuous');
#11718 = STYLED_ITEM('color',(#11719),#8997);
#11719 = PRESENTATION_STYLE_ASSIGNMENT((#11720,#11725));
#11720 = SURFACE_STYLE_USAGE(.BOTH.,#11721);
#11721 = SURFACE_SIDE_STYLE('',(#11722));
#11722 = SURFACE_STYLE_FILL_AREA(#11723);
#11723 = FILL_AREA_STYLE('',(#11724));
#11724 = FILL_AREA_STYLE_COLOUR('',#10603);
#11725 = CURVE_STYLE('',#11726,POSITIVE_LENGTH_MEASURE(0.1),#10603);
#11726 = DRAUGHTING_PRE_DEFINED_CURVE_FONT('continuous');
#11727 = STYLED_ITEM('color',(#11728),#9014);
#11728 = PRESENTATION_STYLE_ASSIGNMENT((#11729,#11734));
#11729 = SURFACE_STYLE_USAGE(.BOTH.,#11730);
#11730 = SURFACE_SIDE_STYLE('',(#11731));
#11731 = SURFACE_STYLE_FILL_AREA(#11732);
#11732 = FILL_AREA_STYLE('',(#11733));
#11733 = FILL_AREA_STYLE_COLOUR('',#10986);
#11734 = CURVE_STYLE('',#11735,POSITIVE_LENGTH_MEASURE(0.1),#10986);
#11735 = DRAUGHTING_PRE_DEFINED_CURVE_FONT('continuous');
#11736 = STYLED_ITEM('color',(#11737),#9026);
#11737 = PRESENTATION_STYLE_ASSIGNMENT((#11738,#11743));
#11738 = SURFACE_STYLE_USAGE(.BOTH.,#11739);
#11739 = SURFACE_SIDE_STYLE('',(#11740));
#11740 = SURFACE_STYLE_FILL_AREA(#11741);
#11741 = FILL_AREA_STYLE('',(#11742));
#11742 = FILL_AREA_STYLE_COLOUR('',#10603);
#11743 = CURVE_STYLE('',#11744,POSITIVE_LENGTH_MEASURE(0.1),#10603);
#11744 = DRAUGHTING_PRE_DEFINED_CURVE_FONT('continuous');
#11745 = STYLED_ITEM('color',(#11746),#9043);
#11746 = PRESENTATION_STYLE_ASSIGNMENT((#11747,#11752));
#11747 = SURFACE_STYLE_USAGE(.BOTH.,#11748);
#11748 = SURFACE_SIDE_STYLE('',(#11749));
#11749 = SURFACE_STYLE_FILL_AREA(#11750);
#11750 = FILL_AREA_STYLE('',(#11751));
#11751 = FILL_AREA_STYLE_COLOUR('',#10603);
#11752 = CURVE_STYLE('',#11753,POSITIVE_LENGTH_MEASURE(0.1),#10603);
#11753 = DRAUGHTING_PRE_DEFINED_CURVE_FONT('continuous');
#11754 = STYLED_ITEM('color',(#11755),#9060);
#11755 = PRESENTATION_STYLE_ASSIGNMENT((#11756,#11761));
#11756 = SURFACE_STYLE_USAGE(.BOTH.,#11757);
#11757 = SURFACE_SIDE_STYLE('',(#11758));
#11758 = SURFACE_STYLE_FILL_AREA(#11759);
#11759 = FILL_AREA_STYLE('',(#11760));
#11760 = FILL_AREA_STYLE_COLOUR('',#10603);
#11761 = CURVE_STYLE('',#11762,POSITIVE_LENGTH_MEASURE(0.1),#10603);
#11762 = DRAUGHTING_PRE_DEFINED_CURVE_FONT('continuous');
#11763 = STYLED_ITEM('color',(#11764),#9077);
#11764 = PRESENTATION_STYLE_ASSIGNMENT((#11765,#11770));
#11765 = SURFACE_STYLE_USAGE(.BOTH.,#11766);
#11766 = SURFACE_SIDE_STYLE('',(#11767));
#11767 = SURFACE_STYLE_FILL_AREA(#11768);
#11768 = FILL_AREA_STYLE('',(#11769));
#11769 = FILL_AREA_STYLE_COLOUR('',#10603);
#11770 = CURVE_STYLE('',#11771,POSITIVE_LENGTH_MEASURE(0.1),#10603);
#11771 = DRAUGHTING_PRE_DEFINED_CURVE_FONT('continuous');
#11772 = STYLED_ITEM('color',(#11773),#9094);
#11773 = PRESENTATION_STYLE_ASSIGNMENT((#11774,#11779));
#11774 = SURFACE_STYLE_USAGE(.BOTH.,#11775);
#11775 = SURFACE_SIDE_STYLE('',(#11776));
#11776 = SURFACE_STYLE_FILL_AREA(#11777);
#11777 = FILL_AREA_STYLE('',(#11778));
#11778 = FILL_AREA_STYLE_COLOUR('',#10603);
#11779 = CURVE_STYLE('',#11780,POSITIVE_LENGTH_MEASURE(0.1),#10603);
#11780 = DRAUGHTING_PRE_DEFINED_CURVE_FONT('continuous');
#11781 = STYLED_ITEM('color',(#11782),#9111);
#11782 = PRESENTATION_STYLE_ASSIGNMENT((#11783,#11788));
#11783 = SURFACE_STYLE_USAGE(.BOTH.,#11784);
#11784 = SURFACE_SIDE_STYLE('',(#11785));
#11785 = SURFACE_STYLE_FILL_AREA(#11786);
#11786 = FILL_AREA_STYLE('',(#11787));
#11787 = FILL_AREA_STYLE_COLOUR('',#10603);
#11788 = CURVE_STYLE('',#11789,POSITIVE_LENGTH_MEASURE(0.1),#10603);
#11789 = DRAUGHTING_PRE_DEFINED_CURVE_FONT('continuous');
#11790 = STYLED_ITEM('color',(#11791),#9128);
#11791 = PRESENTATION_STYLE_ASSIGNMENT((#11792,#11797));
#11792 = SURFACE_STYLE_USAGE(.BOTH.,#11793);
#11793 = SURFACE_SIDE_STYLE('',(#11794));
#11794 = SURFACE_STYLE_FILL_AREA(#11795);
#11795 = FILL_AREA_STYLE('',(#11796));
#11796 = FILL_AREA_STYLE_COLOUR('',#10603);
#11797 = CURVE_STYLE('',#11798,POSITIVE_LENGTH_MEASURE(0.1),#10603);
#11798 = DRAUGHTING_PRE_DEFINED_CURVE_FONT('continuous');
#11799 = STYLED_ITEM('color',(#11800),#9145);
#11800 = PRESENTATION_STYLE_ASSIGNMENT((#11801,#11806));
#11801 = SURFACE_STYLE_USAGE(.BOTH.,#11802);
#11802 = SURFACE_SIDE_STYLE('',(#11803));
#11803 = SURFACE_STYLE_FILL_AREA(#11804);
#11804 = FILL_AREA_STYLE('',(#11805));
#11805 = FILL_AREA_STYLE_COLOUR('',#10603);
#11806 = CURVE_STYLE('',#11807,POSITIVE_LENGTH_MEASURE(0.1),#10603);
#11807 = DRAUGHTING_PRE_DEFINED_CURVE_FONT('continuous');
#11808 = STYLED_ITEM('color',(#11809),#9157);
#11809 = PRESENTATION_STYLE_ASSIGNMENT((#11810,#11815));
#11810 = SURFACE_STYLE_USAGE(.BOTH.,#11811);
#11811 = SURFACE_SIDE_STYLE('',(#11812));
#11812 = SURFACE_STYLE_FILL_AREA(#11813);
#11813 = FILL_AREA_STYLE('',(#11814));
#11814 = FILL_AREA_STYLE_COLOUR('',#10603);
#11815 = CURVE_STYLE('',#11816,POSITIVE_LENGTH_MEASURE(0.1),#10603);
#11816 = DRAUGHTING_PRE_DEFINED_CURVE_FONT('continuous');
#11817 = STYLED_ITEM('color',(#11818),#9174);
#11818 = PRESENTATION_STYLE_ASSIGNMENT((#11819,#11824));
#11819 = SURFACE_STYLE_USAGE(.BOTH.,#11820);
#11820 = SURFACE_SIDE_STYLE('',(#11821));
#11821 = SURFACE_STYLE_FILL_AREA(#11822);
#11822 = FILL_AREA_STYLE('',(#11823));
#11823 = FILL_AREA_STYLE_COLOUR('',#10603);
#11824 = CURVE_STYLE('',#11825,POSITIVE_LENGTH_MEASURE(0.1),#10603);
#11825 = DRAUGHTING_PRE_DEFINED_CURVE_FONT('continuous');
#11826 = STYLED_ITEM('color',(#11827),#9191);
#11827 = PRESENTATION_STYLE_ASSIGNMENT((#11828,#11833));
#11828 = SURFACE_STYLE_USAGE(.BOTH.,#11829);
#11829 = SURFACE_SIDE_STYLE('',(#11830));
#11830 = SURFACE_STYLE_FILL_AREA(#11831);
#11831 = FILL_AREA_STYLE('',(#11832));
#11832 = FILL_AREA_STYLE_COLOUR('',#10603);
#11833 = CURVE_STYLE('',#11834,POSITIVE_LENGTH_MEASURE(0.1),#10603);
#11834 = DRAUGHTING_PRE_DEFINED_CURVE_FONT('continuous');
#11835 = STYLED_ITEM('color',(#11836),#9208);
#11836 = PRESENTATION_STYLE_ASSIGNMENT((#11837,#11842));
#11837 = SURFACE_STYLE_USAGE(.BOTH.,#11838);
#11838 = SURFACE_SIDE_STYLE('',(#11839));
#11839 = SURFACE_STYLE_FILL_AREA(#11840);
#11840 = FILL_AREA_STYLE('',(#11841));
#11841 = FILL_AREA_STYLE_COLOUR('',#10603);
#11842 = CURVE_STYLE('',#11843,POSITIVE_LENGTH_MEASURE(0.1),#10603);
#11843 = DRAUGHTING_PRE_DEFINED_CURVE_FONT('continuous');
#11844 = STYLED_ITEM('color',(#11845),#9225);
#11845 = PRESENTATION_STYLE_ASSIGNMENT((#11846,#11851));
#11846 = SURFACE_STYLE_USAGE(.BOTH.,#11847);
#11847 = SURFACE_SIDE_STYLE('',(#11848));
#11848 = SURFACE_STYLE_FILL_AREA(#11849);
#11849 = FILL_AREA_STYLE('',(#11850));
#11850 = FILL_AREA_STYLE_COLOUR('',#10603);
#11851 = CURVE_STYLE('',#11852,POSITIVE_LENGTH_MEASURE(0.1),#10603);
#11852 = DRAUGHTING_PRE_DEFINED_CURVE_FONT('continuous');
#11853 = STYLED_ITEM('color',(#11854),#9242);
#11854 = PRESENTATION_STYLE_ASSIGNMENT((#11855,#11860));
#11855 = SURFACE_STYLE_USAGE(.BOTH.,#11856);
#11856 = SURFACE_SIDE_STYLE('',(#11857));
#11857 = SURFACE_STYLE_FILL_AREA(#11858);
#11858 = FILL_AREA_STYLE('',(#11859));
#11859 = FILL_AREA_STYLE_COLOUR('',#10603);
#11860 = CURVE_STYLE('',#11861,POSITIVE_LENGTH_MEASURE(0.1),#10603);
#11861 = DRAUGHTING_PRE_DEFINED_CURVE_FONT('continuous');
#11862 = STYLED_ITEM('color',(#11863),#9259);
#11863 = PRESENTATION_STYLE_ASSIGNMENT((#11864,#11869));
#11864 = SURFACE_STYLE_USAGE(.BOTH.,#11865);
#11865 = SURFACE_SIDE_STYLE('',(#11866));
#11866 = SURFACE_STYLE_FILL_AREA(#11867);
#11867 = FILL_AREA_STYLE('',(#11868));
#11868 = FILL_AREA_STYLE_COLOUR('',#10603);
#11869 = CURVE_STYLE('',#11870,POSITIVE_LENGTH_MEASURE(0.1),#10603);
#11870 = DRAUGHTING_PRE_DEFINED_CURVE_FONT('continuous');
#11871 = STYLED_ITEM('color',(#11872),#9276);
#11872 = PRESENTATION_STYLE_ASSIGNMENT((#11873,#11878));
#11873 = SURFACE_STYLE_USAGE(.BOTH.,#11874);
#11874 = SURFACE_SIDE_STYLE('',(#11875));
#11875 = SURFACE_STYLE_FILL_AREA(#11876);
#11876 = FILL_AREA_STYLE('',(#11877));
#11877 = FILL_AREA_STYLE_COLOUR('',#10603);
#11878 = CURVE_STYLE('',#11879,POSITIVE_LENGTH_MEASURE(0.1),#10603);
#11879 = DRAUGHTING_PRE_DEFINED_CURVE_FONT('continuous');
#11880 = STYLED_ITEM('color',(#11881),#9288);
#11881 = PRESENTATION_STYLE_ASSIGNMENT((#11882,#11887));
#11882 = SURFACE_STYLE_USAGE(.BOTH.,#11883);
#11883 = SURFACE_SIDE_STYLE('',(#11884));
#11884 = SURFACE_STYLE_FILL_AREA(#11885);
#11885 = FILL_AREA_STYLE('',(#11886));
#11886 = FILL_AREA_STYLE_COLOUR('',#10603);
#11887 = CURVE_STYLE('',#11888,POSITIVE_LENGTH_MEASURE(0.1),#10603);
#11888 = DRAUGHTING_PRE_DEFINED_CURVE_FONT('continuous');
#11889 = STYLED_ITEM('color',(#11890),#9305);
#11890 = PRESENTATION_STYLE_ASSIGNMENT((#11891,#11896));
#11891 = SURFACE_STYLE_USAGE(.BOTH.,#11892);
#11892 = SURFACE_SIDE_STYLE('',(#11893));
#11893 = SURFACE_STYLE_FILL_AREA(#11894);
#11894 = FILL_AREA_STYLE('',(#11895));
#11895 = FILL_AREA_STYLE_COLOUR('',#10603);
#11896 = CURVE_STYLE('',#11897,POSITIVE_LENGTH_MEASURE(0.1),#10603);
#11897 = DRAUGHTING_PRE_DEFINED_CURVE_FONT('continuous');
#11898 = STYLED_ITEM('color',(#11899),#9322);
#11899 = PRESENTATION_STYLE_ASSIGNMENT((#11900,#11905));
#11900 = SURFACE_STYLE_USAGE(.BOTH.,#11901);
#11901 = SURFACE_SIDE_STYLE('',(#11902));
#11902 = SURFACE_STYLE_FILL_AREA(#11903);
#11903 = FILL_AREA_STYLE('',(#11904));
#11904 = FILL_AREA_STYLE_COLOUR('',#10603);
#11905 = CURVE_STYLE('',#11906,POSITIVE_LENGTH_MEASURE(0.1),#10603);
#11906 = DRAUGHTING_PRE_DEFINED_CURVE_FONT('continuous');
#11907 = STYLED_ITEM('color',(#11908),#9339);
#11908 = PRESENTATION_STYLE_ASSIGNMENT((#11909,#11914));
#11909 = SURFACE_STYLE_USAGE(.BOTH.,#11910);
#11910 = SURFACE_SIDE_STYLE('',(#11911));
#11911 = SURFACE_STYLE_FILL_AREA(#11912);
#11912 = FILL_AREA_STYLE('',(#11913));
#11913 = FILL_AREA_STYLE_COLOUR('',#10603);
#11914 = CURVE_STYLE('',#11915,POSITIVE_LENGTH_MEASURE(0.1),#10603);
#11915 = DRAUGHTING_PRE_DEFINED_CURVE_FONT('continuous');
#11916 = STYLED_ITEM('color',(#11917),#9356);
#11917 = PRESENTATION_STYLE_ASSIGNMENT((#11918,#11923));
#11918 = SURFACE_STYLE_USAGE(.BOTH.,#11919);
#11919 = SURFACE_SIDE_STYLE('',(#11920));
#11920 = SURFACE_STYLE_FILL_AREA(#11921);
#11921 = FILL_AREA_STYLE('',(#11922));
#11922 = FILL_AREA_STYLE_COLOUR('',#10603);
#11923 = CURVE_STYLE('',#11924,POSITIVE_LENGTH_MEASURE(0.1),#10603);
#11924 = DRAUGHTING_PRE_DEFINED_CURVE_FONT('continuous');
#11925 = STYLED_ITEM('color',(#11926),#9373);
#11926 = PRESENTATION_STYLE_ASSIGNMENT((#11927,#11932));
#11927 = SURFACE_STYLE_USAGE(.BOTH.,#11928);
#11928 = SURFACE_SIDE_STYLE('',(#11929));
#11929 = SURFACE_STYLE_FILL_AREA(#11930);
#11930 = FILL_AREA_STYLE('',(#11931));
#11931 = FILL_AREA_STYLE_COLOUR('',#10603);
#11932 = CURVE_STYLE('',#11933,POSITIVE_LENGTH_MEASURE(0.1),#10603);
#11933 = DRAUGHTING_PRE_DEFINED_CURVE_FONT('continuous');
#11934 = STYLED_ITEM('color',(#11935),#9390);
#11935 = PRESENTATION_STYLE_ASSIGNMENT((#11936,#11941));
#11936 = SURFACE_STYLE_USAGE(.BOTH.,#11937);
#11937 = SURFACE_SIDE_STYLE('',(#11938));
#11938 = SURFACE_STYLE_FILL_AREA(#11939);
#11939 = FILL_AREA_STYLE('',(#11940));
#11940 = FILL_AREA_STYLE_COLOUR('',#10603);
#11941 = CURVE_STYLE('',#11942,POSITIVE_LENGTH_MEASURE(0.1),#10603);
#11942 = DRAUGHTING_PRE_DEFINED_CURVE_FONT('continuous');
#11943 = STYLED_ITEM('color',(#11944),#9407);
#11944 = PRESENTATION_STYLE_ASSIGNMENT((#11945,#11950));
#11945 = SURFACE_STYLE_USAGE(.BOTH.,#11946);
#11946 = SURFACE_SIDE_STYLE('',(#11947));
#11947 = SURFACE_STYLE_FILL_AREA(#11948);
#11948 = FILL_AREA_STYLE('',(#11949));
#11949 = FILL_AREA_STYLE_COLOUR('',#10603);
#11950 = CURVE_STYLE('',#11951,POSITIVE_LENGTH_MEASURE(0.1),#10603);
#11951 = DRAUGHTING_PRE_DEFINED_CURVE_FONT('continuous');
#11952 = STYLED_ITEM('color',(#11953),#9419);
#11953 = PRESENTATION_STYLE_ASSIGNMENT((#11954,#11959));
#11954 = SURFACE_STYLE_USAGE(.BOTH.,#11955);
#11955 = SURFACE_SIDE_STYLE('',(#11956));
#11956 = SURFACE_STYLE_FILL_AREA(#11957);
#11957 = FILL_AREA_STYLE('',(#11958));
#11958 = FILL_AREA_STYLE_COLOUR('',#10603);
#11959 = CURVE_STYLE('',#11960,POSITIVE_LENGTH_MEASURE(0.1),#10603);
#11960 = DRAUGHTING_PRE_DEFINED_CURVE_FONT('continuous');
#11961 = STYLED_ITEM('color',(#11962),#9436);
#11962 = PRESENTATION_STYLE_ASSIGNMENT((#11963,#11968));
#11963 = SURFACE_STYLE_USAGE(.BOTH.,#11964);
#11964 = SURFACE_SIDE_STYLE('',(#11965));
#11965 = SURFACE_STYLE_FILL_AREA(#11966);
#11966 = FILL_AREA_STYLE('',(#11967));
#11967 = FILL_AREA_STYLE_COLOUR('',#10603);
#11968 = CURVE_STYLE('',#11969,POSITIVE_LENGTH_MEASURE(0.1),#10603);
#11969 = DRAUGHTING_PRE_DEFINED_CURVE_FONT('continuous');
#11970 = STYLED_ITEM('color',(#11971),#9453);
#11971 = PRESENTATION_STYLE_ASSIGNMENT((#11972,#11977));
#11972 = SURFACE_STYLE_USAGE(.BOTH.,#11973);
#11973 = SURFACE_SIDE_STYLE('',(#11974));
#11974 = SURFACE_STYLE_FILL_AREA(#11975);
#11975 = FILL_AREA_STYLE('',(#11976));
#11976 = FILL_AREA_STYLE_COLOUR('',#10603);
#11977 = CURVE_STYLE('',#11978,POSITIVE_LENGTH_MEASURE(0.1),#10603);
#11978 = DRAUGHTING_PRE_DEFINED_CURVE_FONT('continuous');
#11979 = STYLED_ITEM('color',(#11980),#9470);
#11980 = PRESENTATION_STYLE_ASSIGNMENT((#11981,#11986));
#11981 = SURFACE_STYLE_USAGE(.BOTH.,#11982);
#11982 = SURFACE_SIDE_STYLE('',(#11983));
#11983 = SURFACE_STYLE_FILL_AREA(#11984);
#11984 = FILL_AREA_STYLE('',(#11985));
#11985 = FILL_AREA_STYLE_COLOUR('',#10603);
#11986 = CURVE_STYLE('',#11987,POSITIVE_LENGTH_MEASURE(0.1),#10603);
#11987 = DRAUGHTING_PRE_DEFINED_CURVE_FONT('continuous');
#11988 = STYLED_ITEM('color',(#11989),#9487);
#11989 = PRESENTATION_STYLE_ASSIGNMENT((#11990,#11995));
#11990 = SURFACE_STYLE_USAGE(.BOTH.,#11991);
#11991 = SURFACE_SIDE_STYLE('',(#11992));
#11992 = SURFACE_STYLE_FILL_AREA(#11993);
#11993 = FILL_AREA_STYLE('',(#11994));
#11994 = FILL_AREA_STYLE_COLOUR('',#10603);
#11995 = CURVE_STYLE('',#11996,POSITIVE_LENGTH_MEASURE(0.1),#10603);
#11996 = DRAUGHTING_PRE_DEFINED_CURVE_FONT('continuous');
#11997 = STYLED_ITEM('color',(#11998),#9504);
#11998 = PRESENTATION_STYLE_ASSIGNMENT((#11999,#12004));
#11999 = SURFACE_STYLE_USAGE(.BOTH.,#12000);
#12000 = SURFACE_SIDE_STYLE('',(#12001));
#12001 = SURFACE_STYLE_FILL_AREA(#12002);
#12002 = FILL_AREA_STYLE('',(#12003));
#12003 = FILL_AREA_STYLE_COLOUR('',#10603);
#12004 = CURVE_STYLE('',#12005,POSITIVE_LENGTH_MEASURE(0.1),#10603);
#12005 = DRAUGHTING_PRE_DEFINED_CURVE_FONT('continuous');
#12006 = STYLED_ITEM('color',(#12007),#9521);
#12007 = PRESENTATION_STYLE_ASSIGNMENT((#12008,#12013));
#12008 = SURFACE_STYLE_USAGE(.BOTH.,#12009);
#12009 = SURFACE_SIDE_STYLE('',(#12010));
#12010 = SURFACE_STYLE_FILL_AREA(#12011);
#12011 = FILL_AREA_STYLE('',(#12012));
#12012 = FILL_AREA_STYLE_COLOUR('',#10603);
#12013 = CURVE_STYLE('',#12014,POSITIVE_LENGTH_MEASURE(0.1),#10603);
#12014 = DRAUGHTING_PRE_DEFINED_CURVE_FONT('continuous');
#12015 = STYLED_ITEM('color',(#12016),#9533);
#12016 = PRESENTATION_STYLE_ASSIGNMENT((#12017,#12022));
#12017 = SURFACE_STYLE_USAGE(.BOTH.,#12018);
#12018 = SURFACE_SIDE_STYLE('',(#12019));
#12019 = SURFACE_STYLE_FILL_AREA(#12020);
#12020 = FILL_AREA_STYLE('',(#12021));
#12021 = FILL_AREA_STYLE_COLOUR('',#10603);
#12022 = CURVE_STYLE('',#12023,POSITIVE_LENGTH_MEASURE(0.1),#10603);
#12023 = DRAUGHTING_PRE_DEFINED_CURVE_FONT('continuous');
#12024 = STYLED_ITEM('color',(#12025),#9550);
#12025 = PRESENTATION_STYLE_ASSIGNMENT((#12026,#12031));
#12026 = SURFACE_STYLE_USAGE(.BOTH.,#12027);
#12027 = SURFACE_SIDE_STYLE('',(#12028));
#12028 = SURFACE_STYLE_FILL_AREA(#12029);
#12029 = FILL_AREA_STYLE('',(#12030));
#12030 = FILL_AREA_STYLE_COLOUR('',#10603);
#12031 = CURVE_STYLE('',#12032,POSITIVE_LENGTH_MEASURE(0.1),#10603);
#12032 = DRAUGHTING_PRE_DEFINED_CURVE_FONT('continuous');
#12033 = STYLED_ITEM('color',(#12034),#9567);
#12034 = PRESENTATION_STYLE_ASSIGNMENT((#12035,#12040));
#12035 = SURFACE_STYLE_USAGE(.BOTH.,#12036);
#12036 = SURFACE_SIDE_STYLE('',(#12037));
#12037 = SURFACE_STYLE_FILL_AREA(#12038);
#12038 = FILL_AREA_STYLE('',(#12039));
#12039 = FILL_AREA_STYLE_COLOUR('',#10603);
#12040 = CURVE_STYLE('',#12041,POSITIVE_LENGTH_MEASURE(0.1),#10603);
#12041 = DRAUGHTING_PRE_DEFINED_CURVE_FONT('continuous');
#12042 = STYLED_ITEM('color',(#12043),#9584);
#12043 = PRESENTATION_STYLE_ASSIGNMENT((#12044,#12049));
#12044 = SURFACE_STYLE_USAGE(.BOTH.,#12045);
#12045 = SURFACE_SIDE_STYLE('',(#12046));
#12046 = SURFACE_STYLE_FILL_AREA(#12047);
#12047 = FILL_AREA_STYLE('',(#12048));
#12048 = FILL_AREA_STYLE_COLOUR('',#10603);
#12049 = CURVE_STYLE('',#12050,POSITIVE_LENGTH_MEASURE(0.1),#10603);
#12050 = DRAUGHTING_PRE_DEFINED_CURVE_FONT('continuous');
#12051 = STYLED_ITEM('color',(#12052),#9601);
#12052 = PRESENTATION_STYLE_ASSIGNMENT((#12053,#12058));
#12053 = SURFACE_STYLE_USAGE(.BOTH.,#12054);
#12054 = SURFACE_SIDE_STYLE('',(#12055));
#12055 = SURFACE_STYLE_FILL_AREA(#12056);
#12056 = FILL_AREA_STYLE('',(#12057));
#12057 = FILL_AREA_STYLE_COLOUR('',#10603);
#12058 = CURVE_STYLE('',#12059,POSITIVE_LENGTH_MEASURE(0.1),#10603);
#12059 = DRAUGHTING_PRE_DEFINED_CURVE_FONT('continuous');
#12060 = STYLED_ITEM('color',(#12061),#9618);
#12061 = PRESENTATION_STYLE_ASSIGNMENT((#12062,#12067));
#12062 = SURFACE_STYLE_USAGE(.BOTH.,#12063);
#12063 = SURFACE_SIDE_STYLE('',(#12064));
#12064 = SURFACE_STYLE_FILL_AREA(#12065);
#12065 = FILL_AREA_STYLE('',(#12066));
#12066 = FILL_AREA_STYLE_COLOUR('',#10603);
#12067 = CURVE_STYLE('',#12068,POSITIVE_LENGTH_MEASURE(0.1),#10603);
#12068 = DRAUGHTING_PRE_DEFINED_CURVE_FONT('continuous');
#12069 = STYLED_ITEM('color',(#12070),#9635);
#12070 = PRESENTATION_STYLE_ASSIGNMENT((#12071,#12076));
#12071 = SURFACE_STYLE_USAGE(.BOTH.,#12072);
#12072 = SURFACE_SIDE_STYLE('',(#12073));
#12073 = SURFACE_STYLE_FILL_AREA(#12074);
#12074 = FILL_AREA_STYLE('',(#12075));
#12075 = FILL_AREA_STYLE_COLOUR('',#10603);
#12076 = CURVE_STYLE('',#12077,POSITIVE_LENGTH_MEASURE(0.1),#10603);
#12077 = DRAUGHTING_PRE_DEFINED_CURVE_FONT('continuous');
#12078 = STYLED_ITEM('color',(#12079),#9647);
#12079 = PRESENTATION_STYLE_ASSIGNMENT((#12080,#12085));
#12080 = SURFACE_STYLE_USAGE(.BOTH.,#12081);
#12081 = SURFACE_SIDE_STYLE('',(#12082));
#12082 = SURFACE_STYLE_FILL_AREA(#12083);
#12083 = FILL_AREA_STYLE('',(#12084));
#12084 = FILL_AREA_STYLE_COLOUR('',#10603);
#12085 = CURVE_STYLE('',#12086,POSITIVE_LENGTH_MEASURE(0.1),#10603);
#12086 = DRAUGHTING_PRE_DEFINED_CURVE_FONT('continuous');
#12087 = STYLED_ITEM('color',(#12088),#9664);
#12088 = PRESENTATION_STYLE_ASSIGNMENT((#12089,#12094));
#12089 = SURFACE_STYLE_USAGE(.BOTH.,#12090);
#12090 = SURFACE_SIDE_STYLE('',(#12091));
#12091 = SURFACE_STYLE_FILL_AREA(#12092);
#12092 = FILL_AREA_STYLE('',(#12093));
#12093 = FILL_AREA_STYLE_COLOUR('',#10603);
#12094 = CURVE_STYLE('',#12095,POSITIVE_LENGTH_MEASURE(0.1),#10603);
#12095 = DRAUGHTING_PRE_DEFINED_CURVE_FONT('continuous');
#12096 = STYLED_ITEM('color',(#12097),#9681);
#12097 = PRESENTATION_STYLE_ASSIGNMENT((#12098,#12103));
#12098 = SURFACE_STYLE_USAGE(.BOTH.,#12099);
#12099 = SURFACE_SIDE_STYLE('',(#12100));
#12100 = SURFACE_STYLE_FILL_AREA(#12101);
#12101 = FILL_AREA_STYLE('',(#12102));
#12102 = FILL_AREA_STYLE_COLOUR('',#10603);
#12103 = CURVE_STYLE('',#12104,POSITIVE_LENGTH_MEASURE(0.1),#10603);
#12104 = DRAUGHTING_PRE_DEFINED_CURVE_FONT('continuous');
#12105 = STYLED_ITEM('color',(#12106),#9698);
#12106 = PRESENTATION_STYLE_ASSIGNMENT((#12107,#12112));
#12107 = SURFACE_STYLE_USAGE(.BOTH.,#12108);
#12108 = SURFACE_SIDE_STYLE('',(#12109));
#12109 = SURFACE_STYLE_FILL_AREA(#12110);
#12110 = FILL_AREA_STYLE('',(#12111));
#12111 = FILL_AREA_STYLE_COLOUR('',#10603);
#12112 = CURVE_STYLE('',#12113,POSITIVE_LENGTH_MEASURE(0.1),#10603);
#12113 = DRAUGHTING_PRE_DEFINED_CURVE_FONT('continuous');
#12114 = STYLED_ITEM('color',(#12115),#9715);
#12115 = PRESENTATION_STYLE_ASSIGNMENT((#12116,#12121));
#12116 = SURFACE_STYLE_USAGE(.BOTH.,#12117);
#12117 = SURFACE_SIDE_STYLE('',(#12118));
#12118 = SURFACE_STYLE_FILL_AREA(#12119);
#12119 = FILL_AREA_STYLE('',(#12120));
#12120 = FILL_AREA_STYLE_COLOUR('',#10603);
#12121 = CURVE_STYLE('',#12122,POSITIVE_LENGTH_MEASURE(0.1),#10603);
#12122 = DRAUGHTING_PRE_DEFINED_CURVE_FONT('continuous');
#12123 = STYLED_ITEM('color',(#12124),#9732);
#12124 = PRESENTATION_STYLE_ASSIGNMENT((#12125,#12130));
#12125 = SURFACE_STYLE_USAGE(.BOTH.,#12126);
#12126 = SURFACE_SIDE_STYLE('',(#12127));
#12127 = SURFACE_STYLE_FILL_AREA(#12128);
#12128 = FILL_AREA_STYLE('',(#12129));
#12129 = FILL_AREA_STYLE_COLOUR('',#10603);
#12130 = CURVE_STYLE('',#12131,POSITIVE_LENGTH_MEASURE(0.1),#10603);
#12131 = DRAUGHTING_PRE_DEFINED_CURVE_FONT('continuous');
#12132 = STYLED_ITEM('color',(#12133),#9749);
#12133 = PRESENTATION_STYLE_ASSIGNMENT((#12134,#12139));
#12134 = SURFACE_STYLE_USAGE(.BOTH.,#12135);
#12135 = SURFACE_SIDE_STYLE('',(#12136));
#12136 = SURFACE_STYLE_FILL_AREA(#12137);
#12137 = FILL_AREA_STYLE('',(#12138));
#12138 = FILL_AREA_STYLE_COLOUR('',#10603);
#12139 = CURVE_STYLE('',#12140,POSITIVE_LENGTH_MEASURE(0.1),#10603);
#12140 = DRAUGHTING_PRE_DEFINED_CURVE_FONT('continuous');
#12141 = STYLED_ITEM('color',(#12142),#9766);
#12142 = PRESENTATION_STYLE_ASSIGNMENT((#12143,#12148));
#12143 = SURFACE_STYLE_USAGE(.BOTH.,#12144);
#12144 = SURFACE_SIDE_STYLE('',(#12145));
#12145 = SURFACE_STYLE_FILL_AREA(#12146);
#12146 = FILL_AREA_STYLE('',(#12147));
#12147 = FILL_AREA_STYLE_COLOUR('',#10603);
#12148 = CURVE_STYLE('',#12149,POSITIVE_LENGTH_MEASURE(0.1),#10603);
#12149 = DRAUGHTING_PRE_DEFINED_CURVE_FONT('continuous');
#12150 = STYLED_ITEM('color',(#12151),#9778);
#12151 = PRESENTATION_STYLE_ASSIGNMENT((#12152,#12157));
#12152 = SURFACE_STYLE_USAGE(.BOTH.,#12153);
#12153 = SURFACE_SIDE_STYLE('',(#12154));
#12154 = SURFACE_STYLE_FILL_AREA(#12155);
#12155 = FILL_AREA_STYLE('',(#12156));
#12156 = FILL_AREA_STYLE_COLOUR('',#10603);
#12157 = CURVE_STYLE('',#12158,POSITIVE_LENGTH_MEASURE(0.1),#10603);
#12158 = DRAUGHTING_PRE_DEFINED_CURVE_FONT('continuous');
#12159 = STYLED_ITEM('color',(#12160),#9795);
#12160 = PRESENTATION_STYLE_ASSIGNMENT((#12161,#12166));
#12161 = SURFACE_STYLE_USAGE(.BOTH.,#12162);
#12162 = SURFACE_SIDE_STYLE('',(#12163));
#12163 = SURFACE_STYLE_FILL_AREA(#12164);
#12164 = FILL_AREA_STYLE('',(#12165));
#12165 = FILL_AREA_STYLE_COLOUR('',#10603);
#12166 = CURVE_STYLE('',#12167,POSITIVE_LENGTH_MEASURE(0.1),#10603);
#12167 = DRAUGHTING_PRE_DEFINED_CURVE_FONT('continuous');
#12168 = STYLED_ITEM('color',(#12169),#9812);
#12169 = PRESENTATION_STYLE_ASSIGNMENT((#12170,#12175));
#12170 = SURFACE_STYLE_USAGE(.BOTH.,#12171);
#12171 = SURFACE_SIDE_STYLE('',(#12172));
#12172 = SURFACE_STYLE_FILL_AREA(#12173);
#12173 = FILL_AREA_STYLE('',(#12174));
#12174 = FILL_AREA_STYLE_COLOUR('',#10603);
#12175 = CURVE_STYLE('',#12176,POSITIVE_LENGTH_MEASURE(0.1),#10603);
#12176 = DRAUGHTING_PRE_DEFINED_CURVE_FONT('continuous');
#12177 = STYLED_ITEM('color',(#12178),#9829);
#12178 = PRESENTATION_STYLE_ASSIGNMENT((#12179,#12184));
#12179 = SURFACE_STYLE_USAGE(.BOTH.,#12180);
#12180 = SURFACE_SIDE_STYLE('',(#12181));
#12181 = SURFACE_STYLE_FILL_AREA(#12182);
#12182 = FILL_AREA_STYLE('',(#12183));
#12183 = FILL_AREA_STYLE_COLOUR('',#10603);
#12184 = CURVE_STYLE('',#12185,POSITIVE_LENGTH_MEASURE(0.1),#10603);
#12185 = DRAUGHTING_PRE_DEFINED_CURVE_FONT('continuous');
#12186 = STYLED_ITEM('color',(#12187),#9846);
#12187 = PRESENTATION_STYLE_ASSIGNMENT((#12188,#12193));
#12188 = SURFACE_STYLE_USAGE(.BOTH.,#12189);
#12189 = SURFACE_SIDE_STYLE('',(#12190));
#12190 = SURFACE_STYLE_FILL_AREA(#12191);
#12191 = FILL_AREA_STYLE('',(#12192));
#12192 = FILL_AREA_STYLE_COLOUR('',#10603);
#12193 = CURVE_STYLE('',#12194,POSITIVE_LENGTH_MEASURE(0.1),#10603);
#12194 = DRAUGHTING_PRE_DEFINED_CURVE_FONT('continuous');
#12195 = STYLED_ITEM('color',(#12196),#9863);
#12196 = PRESENTATION_STYLE_ASSIGNMENT((#12197,#12202));
#12197 = SURFACE_STYLE_USAGE(.BOTH.,#12198);
#12198 = SURFACE_SIDE_STYLE('',(#12199));
#12199 = SURFACE_STYLE_FILL_AREA(#12200);
#12200 = FILL_AREA_STYLE('',(#12201));
#12201 = FILL_AREA_STYLE_COLOUR('',#10603);
#12202 = CURVE_STYLE('',#12203,POSITIVE_LENGTH_MEASURE(0.1),#10603);
#12203 = DRAUGHTING_PRE_DEFINED_CURVE_FONT('continuous');
#12204 = STYLED_ITEM('color',(#12205),#9880);
#12205 = PRESENTATION_STYLE_ASSIGNMENT((#12206,#12211));
#12206 = SURFACE_STYLE_USAGE(.BOTH.,#12207);
#12207 = SURFACE_SIDE_STYLE('',(#12208));
#12208 = SURFACE_STYLE_FILL_AREA(#12209);
#12209 = FILL_AREA_STYLE('',(#12210));
#12210 = FILL_AREA_STYLE_COLOUR('',#10603);
#12211 = CURVE_STYLE('',#12212,POSITIVE_LENGTH_MEASURE(0.1),#10603);
#12212 = DRAUGHTING_PRE_DEFINED_CURVE_FONT('continuous');
#12213 = STYLED_ITEM('color',(#12214),#9897);
#12214 = PRESENTATION_STYLE_ASSIGNMENT((#12215,#12220));
#12215 = SURFACE_STYLE_USAGE(.BOTH.,#12216);
#12216 = SURFACE_SIDE_STYLE('',(#12217));
#12217 = SURFACE_STYLE_FILL_AREA(#12218);
#12218 = FILL_AREA_STYLE('',(#12219));
#12219 = FILL_AREA_STYLE_COLOUR('',#10603);
#12220 = CURVE_STYLE('',#12221,POSITIVE_LENGTH_MEASURE(0.1),#10603);
#12221 = DRAUGHTING_PRE_DEFINED_CURVE_FONT('continuous');
#12222 = STYLED_ITEM('color',(#12223),#9909);
#12223 = PRESENTATION_STYLE_ASSIGNMENT((#12224,#12229));
#12224 = SURFACE_STYLE_USAGE(.BOTH.,#12225);
#12225 = SURFACE_SIDE_STYLE('',(#12226));
#12226 = SURFACE_STYLE_FILL_AREA(#12227);
#12227 = FILL_AREA_STYLE('',(#12228));
#12228 = FILL_AREA_STYLE_COLOUR('',#10603);
#12229 = CURVE_STYLE('',#12230,POSITIVE_LENGTH_MEASURE(0.1),#10603);
#12230 = DRAUGHTING_PRE_DEFINED_CURVE_FONT('continuous');
#12231 = STYLED_ITEM('color',(#12232),#9926);
#12232 = PRESENTATION_STYLE_ASSIGNMENT((#12233,#12238));
#12233 = SURFACE_STYLE_USAGE(.BOTH.,#12234);
#12234 = SURFACE_SIDE_STYLE('',(#12235));
#12235 = SURFACE_STYLE_FILL_AREA(#12236);
#12236 = FILL_AREA_STYLE('',(#12237));
#12237 = FILL_AREA_STYLE_COLOUR('',#10603);
#12238 = CURVE_STYLE('',#12239,POSITIVE_LENGTH_MEASURE(0.1),#10603);
#12239 = DRAUGHTING_PRE_DEFINED_CURVE_FONT('continuous');
#12240 = STYLED_ITEM('color',(#12241),#9943);
#12241 = PRESENTATION_STYLE_ASSIGNMENT((#12242,#12247));
#12242 = SURFACE_STYLE_USAGE(.BOTH.,#12243);
#12243 = SURFACE_SIDE_STYLE('',(#12244));
#12244 = SURFACE_STYLE_FILL_AREA(#12245);
#12245 = FILL_AREA_STYLE('',(#12246));
#12246 = FILL_AREA_STYLE_COLOUR('',#10603);
#12247 = CURVE_STYLE('',#12248,POSITIVE_LENGTH_MEASURE(0.1),#10603);
#12248 = DRAUGHTING_PRE_DEFINED_CURVE_FONT('continuous');
#12249 = STYLED_ITEM('color',(#12250),#9960);
#12250 = PRESENTATION_STYLE_ASSIGNMENT((#12251,#12256));
#12251 = SURFACE_STYLE_USAGE(.BOTH.,#12252);
#12252 = SURFACE_SIDE_STYLE('',(#12253));
#12253 = SURFACE_STYLE_FILL_AREA(#12254);
#12254 = FILL_AREA_STYLE('',(#12255));
#12255 = FILL_AREA_STYLE_COLOUR('',#10603);
#12256 = CURVE_STYLE('',#12257,POSITIVE_LENGTH_MEASURE(0.1),#10603);
#12257 = DRAUGHTING_PRE_DEFINED_CURVE_FONT('continuous');
#12258 = STYLED_ITEM('color',(#12259),#9977);
#12259 = PRESENTATION_STYLE_ASSIGNMENT((#12260,#12265));
#12260 = SURFACE_STYLE_USAGE(.BOTH.,#12261);
#12261 = SURFACE_SIDE_STYLE('',(#12262));
#12262 = SURFACE_STYLE_FILL_AREA(#12263);
#12263 = FILL_AREA_STYLE('',(#12264));
#12264 = FILL_AREA_STYLE_COLOUR('',#10603);
#12265 = CURVE_STYLE('',#12266,POSITIVE_LENGTH_MEASURE(0.1),#10603);
#12266 = DRAUGHTING_PRE_DEFINED_CURVE_FONT('continuous');
#12267 = STYLED_ITEM('color',(#12268),#9994);
#12268 = PRESENTATION_STYLE_ASSIGNMENT((#12269,#12274));
#12269 = SURFACE_STYLE_USAGE(.BOTH.,#12270);
#12270 = SURFACE_SIDE_STYLE('',(#12271));
#12271 = SURFACE_STYLE_FILL_AREA(#12272);
#12272 = FILL_AREA_STYLE('',(#12273));
#12273 = FILL_AREA_STYLE_COLOUR('',#10603);
#12274 = CURVE_STYLE('',#12275,POSITIVE_LENGTH_MEASURE(0.1),#10603);
#12275 = DRAUGHTING_PRE_DEFINED_CURVE_FONT('continuous');
#12276 = STYLED_ITEM('color',(#12277),#10011);
#12277 = PRESENTATION_STYLE_ASSIGNMENT((#12278,#12283));
#12278 = SURFACE_STYLE_USAGE(.BOTH.,#12279);
#12279 = SURFACE_SIDE_STYLE('',(#12280));
#12280 = SURFACE_STYLE_FILL_AREA(#12281);
#12281 = FILL_AREA_STYLE('',(#12282));
#12282 = FILL_AREA_STYLE_COLOUR('',#10603);
#12283 = CURVE_STYLE('',#12284,POSITIVE_LENGTH_MEASURE(0.1),#10603);
#12284 = DRAUGHTING_PRE_DEFINED_CURVE_FONT('continuous');
#12285 = STYLED_ITEM('color',(#12286),#10028);
#12286 = PRESENTATION_STYLE_ASSIGNMENT((#12287,#12292));
#12287 = SURFACE_STYLE_USAGE(.BOTH.,#12288);
#12288 = SURFACE_SIDE_STYLE('',(#12289));
#12289 = SURFACE_STYLE_FILL_AREA(#12290);
#12290 = FILL_AREA_STYLE('',(#12291));
#12291 = FILL_AREA_STYLE_COLOUR('',#10603);
#12292 = CURVE_STYLE('',#12293,POSITIVE_LENGTH_MEASURE(0.1),#10603);
#12293 = DRAUGHTING_PRE_DEFINED_CURVE_FONT('continuous');
#12294 = STYLED_ITEM('color',(#12295),#10040);
#12295 = PRESENTATION_STYLE_ASSIGNMENT((#12296,#12302));
#12296 = SURFACE_STYLE_USAGE(.BOTH.,#12297);
#12297 = SURFACE_SIDE_STYLE('',(#12298));
#12298 = SURFACE_STYLE_FILL_AREA(#12299);
#12299 = FILL_AREA_STYLE('',(#12300));
#12300 = FILL_AREA_STYLE_COLOUR('',#12301);
#12301 = COLOUR_RGB('',0.690999998585,0.664000007176,0.597999987832);
#12302 = CURVE_STYLE('',#12303,POSITIVE_LENGTH_MEASURE(0.1),#12301);
#12303 = DRAUGHTING_PRE_DEFINED_CURVE_FONT('continuous');
#12304 = MECHANICAL_DESIGN_GEOMETRIC_PRESENTATION_REPRESENTATION('',(
    #12305,#12314,#12323,#12332,#12341,#12350,#12359,#12368,#12377,
    #12386,#12395,#12404,#12413,#12422,#12431,#12440,#12449,#12458,
    #12467,#12476,#12485,#12494,#12503,#12512,#12521,#12530,#12539,
    #12548,#12557,#12566,#12575,#12584,#12593,#12602,#12611,#12620,
    #12629,#12638,#12647,#12656,#12665,#12674,#12683,#12692,#12701,
    #12710,#12719,#12728,#12737,#12746,#12755,#12764,#12773,#12782,
    #12791,#12800,#12809,#12818,#12827,#12836,#12845,#12854,#12863,
    #12872,#12881,#12890,#12899,#12908,#12917),#2171);
#12305 = STYLED_ITEM('color',(#12306),#191);
#12306 = PRESENTATION_STYLE_ASSIGNMENT((#12307,#12312));
#12307 = SURFACE_STYLE_USAGE(.BOTH.,#12308);
#12308 = SURFACE_SIDE_STYLE('',(#12309));
#12309 = SURFACE_STYLE_FILL_AREA(#12310);
#12310 = FILL_AREA_STYLE('',(#12311));
#12311 = FILL_AREA_STYLE_COLOUR('',#10986);
#12312 = CURVE_STYLE('',#12313,POSITIVE_LENGTH_MEASURE(0.1),#10986);
#12313 = DRAUGHTING_PRE_DEFINED_CURVE_FONT('continuous');
#12314 = STYLED_ITEM('color',(#12315),#229);
#12315 = PRESENTATION_STYLE_ASSIGNMENT((#12316,#12321));
#12316 = SURFACE_STYLE_USAGE(.BOTH.,#12317);
#12317 = SURFACE_SIDE_STYLE('',(#12318));
#12318 = SURFACE_STYLE_FILL_AREA(#12319);
#12319 = FILL_AREA_STYLE('',(#12320));
#12320 = FILL_AREA_STYLE_COLOUR('',#10986);
#12321 = CURVE_STYLE('',#12322,POSITIVE_LENGTH_MEASURE(0.1),#10986);
#12322 = DRAUGHTING_PRE_DEFINED_CURVE_FONT('continuous');
#12323 = STYLED_ITEM('color',(#12324),#292);
#12324 = PRESENTATION_STYLE_ASSIGNMENT((#12325,#12330));
#12325 = SURFACE_STYLE_USAGE(.BOTH.,#12326);
#12326 = SURFACE_SIDE_STYLE('',(#12327));
#12327 = SURFACE_STYLE_FILL_AREA(#12328);
#12328 = FILL_AREA_STYLE('',(#12329));
#12329 = FILL_AREA_STYLE_COLOUR('',#10986);
#12330 = CURVE_STYLE('',#12331,POSITIVE_LENGTH_MEASURE(0.1),#10986);
#12331 = DRAUGHTING_PRE_DEFINED_CURVE_FONT('continuous');
#12332 = STYLED_ITEM('color',(#12333),#315);
#12333 = PRESENTATION_STYLE_ASSIGNMENT((#12334,#12339));
#12334 = SURFACE_STYLE_USAGE(.BOTH.,#12335);
#12335 = SURFACE_SIDE_STYLE('',(#12336));
#12336 = SURFACE_STYLE_FILL_AREA(#12337);
#12337 = FILL_AREA_STYLE('',(#12338));
#12338 = FILL_AREA_STYLE_COLOUR('',#10986);
#12339 = CURVE_STYLE('',#12340,POSITIVE_LENGTH_MEASURE(0.1),#10986);
#12340 = DRAUGHTING_PRE_DEFINED_CURVE_FONT('continuous');
#12341 = STYLED_ITEM('color',(#12342),#344);
#12342 = PRESENTATION_STYLE_ASSIGNMENT((#12343,#12348));
#12343 = SURFACE_STYLE_USAGE(.BOTH.,#12344);
#12344 = SURFACE_SIDE_STYLE('',(#12345));
#12345 = SURFACE_STYLE_FILL_AREA(#12346);
#12346 = FILL_AREA_STYLE('',(#12347));
#12347 = FILL_AREA_STYLE_COLOUR('',#10986);
#12348 = CURVE_STYLE('',#12349,POSITIVE_LENGTH_MEASURE(0.1),#10986);
#12349 = DRAUGHTING_PRE_DEFINED_CURVE_FONT('continuous');
#12350 = STYLED_ITEM('color',(#12351),#367);
#12351 = PRESENTATION_STYLE_ASSIGNMENT((#12352,#12357));
#12352 = SURFACE_STYLE_USAGE(.BOTH.,#12353);
#12353 = SURFACE_SIDE_STYLE('',(#12354));
#12354 = SURFACE_STYLE_FILL_AREA(#12355);
#12355 = FILL_AREA_STYLE('',(#12356));
#12356 = FILL_AREA_STYLE_COLOUR('',#10986);
#12357 = CURVE_STYLE('',#12358,POSITIVE_LENGTH_MEASURE(0.1),#10986);
#12358 = DRAUGHTING_PRE_DEFINED_CURVE_FONT('continuous');
#12359 = STYLED_ITEM('color',(#12360),#422);
#12360 = PRESENTATION_STYLE_ASSIGNMENT((#12361,#12366));
#12361 = SURFACE_STYLE_USAGE(.BOTH.,#12362);
#12362 = SURFACE_SIDE_STYLE('',(#12363));
#12363 = SURFACE_STYLE_FILL_AREA(#12364);
#12364 = FILL_AREA_STYLE('',(#12365));
#12365 = FILL_AREA_STYLE_COLOUR('',#10986);
#12366 = CURVE_STYLE('',#12367,POSITIVE_LENGTH_MEASURE(0.1),#10986);
#12367 = DRAUGHTING_PRE_DEFINED_CURVE_FONT('continuous');
#12368 = STYLED_ITEM('color',(#12369),#461);
#12369 = PRESENTATION_STYLE_ASSIGNMENT((#12370,#12375));
#12370 = SURFACE_STYLE_USAGE(.BOTH.,#12371);
#12371 = SURFACE_SIDE_STYLE('',(#12372));
#12372 = SURFACE_STYLE_FILL_AREA(#12373);
#12373 = FILL_AREA_STYLE('',(#12374));
#12374 = FILL_AREA_STYLE_COLOUR('',#10986);
#12375 = CURVE_STYLE('',#12376,POSITIVE_LENGTH_MEASURE(0.1),#10986);
#12376 = DRAUGHTING_PRE_DEFINED_CURVE_FONT('continuous');
#12377 = STYLED_ITEM('color',(#12378),#484);
#12378 = PRESENTATION_STYLE_ASSIGNMENT((#12379,#12384));
#12379 = SURFACE_STYLE_USAGE(.BOTH.,#12380);
#12380 = SURFACE_SIDE_STYLE('',(#12381));
#12381 = SURFACE_STYLE_FILL_AREA(#12382);
#12382 = FILL_AREA_STYLE('',(#12383));
#12383 = FILL_AREA_STYLE_COLOUR('',#10986);
#12384 = CURVE_STYLE('',#12385,POSITIVE_LENGTH_MEASURE(0.1),#10986);
#12385 = DRAUGHTING_PRE_DEFINED_CURVE_FONT('continuous');
#12386 = STYLED_ITEM('color',(#12387),#507);
#12387 = PRESENTATION_STYLE_ASSIGNMENT((#12388,#12393));
#12388 = SURFACE_STYLE_USAGE(.BOTH.,#12389);
#12389 = SURFACE_SIDE_STYLE('',(#12390));
#12390 = SURFACE_STYLE_FILL_AREA(#12391);
#12391 = FILL_AREA_STYLE('',(#12392));
#12392 = FILL_AREA_STYLE_COLOUR('',#10986);
#12393 = CURVE_STYLE('',#12394,POSITIVE_LENGTH_MEASURE(0.1),#10986);
#12394 = DRAUGHTING_PRE_DEFINED_CURVE_FONT('continuous');
#12395 = STYLED_ITEM('color',(#12396),#524);
#12396 = PRESENTATION_STYLE_ASSIGNMENT((#12397,#12402));
#12397 = SURFACE_STYLE_USAGE(.BOTH.,#12398);
#12398 = SURFACE_SIDE_STYLE('',(#12399));
#12399 = SURFACE_STYLE_FILL_AREA(#12400);
#12400 = FILL_AREA_STYLE('',(#12401));
#12401 = FILL_AREA_STYLE_COLOUR('',#10986);
#12402 = CURVE_STYLE('',#12403,POSITIVE_LENGTH_MEASURE(0.1),#10986);
#12403 = DRAUGHTING_PRE_DEFINED_CURVE_FONT('continuous');
#12404 = STYLED_ITEM('color',(#12405),#547);
#12405 = PRESENTATION_STYLE_ASSIGNMENT((#12406,#12411));
#12406 = SURFACE_STYLE_USAGE(.BOTH.,#12407);
#12407 = SURFACE_SIDE_STYLE('',(#12408));
#12408 = SURFACE_STYLE_FILL_AREA(#12409);
#12409 = FILL_AREA_STYLE('',(#12410));
#12410 = FILL_AREA_STYLE_COLOUR('',#10986);
#12411 = CURVE_STYLE('',#12412,POSITIVE_LENGTH_MEASURE(0.1),#10986);
#12412 = DRAUGHTING_PRE_DEFINED_CURVE_FONT('continuous');
#12413 = STYLED_ITEM('color',(#12414),#635);
#12414 = PRESENTATION_STYLE_ASSIGNMENT((#12415,#12420));
#12415 = SURFACE_STYLE_USAGE(.BOTH.,#12416);
#12416 = SURFACE_SIDE_STYLE('',(#12417));
#12417 = SURFACE_STYLE_FILL_AREA(#12418);
#12418 = FILL_AREA_STYLE('',(#12419));
#12419 = FILL_AREA_STYLE_COLOUR('',#10986);
#12420 = CURVE_STYLE('',#12421,POSITIVE_LENGTH_MEASURE(0.1),#10986);
#12421 = DRAUGHTING_PRE_DEFINED_CURVE_FONT('continuous');
#12422 = STYLED_ITEM('color',(#12423),#651);
#12423 = PRESENTATION_STYLE_ASSIGNMENT((#12424,#12429));
#12424 = SURFACE_STYLE_USAGE(.BOTH.,#12425);
#12425 = SURFACE_SIDE_STYLE('',(#12426));
#12426 = SURFACE_STYLE_FILL_AREA(#12427);
#12427 = FILL_AREA_STYLE('',(#12428));
#12428 = FILL_AREA_STYLE_COLOUR('',#10986);
#12429 = CURVE_STYLE('',#12430,POSITIVE_LENGTH_MEASURE(0.1),#10986);
#12430 = DRAUGHTING_PRE_DEFINED_CURVE_FONT('continuous');
#12431 = STYLED_ITEM('color',(#12432),#681);
#12432 = PRESENTATION_STYLE_ASSIGNMENT((#12433,#12438));
#12433 = SURFACE_STYLE_USAGE(.BOTH.,#12434);
#12434 = SURFACE_SIDE_STYLE('',(#12435));
#12435 = SURFACE_STYLE_FILL_AREA(#12436);
#12436 = FILL_AREA_STYLE('',(#12437));
#12437 = FILL_AREA_STYLE_COLOUR('',#10603);
#12438 = CURVE_STYLE('',#12439,POSITIVE_LENGTH_MEASURE(0.1),#10603);
#12439 = DRAUGHTING_PRE_DEFINED_CURVE_FONT('continuous');
#12440 = STYLED_ITEM('color',(#12441),#714);
#12441 = PRESENTATION_STYLE_ASSIGNMENT((#12442,#12447));
#12442 = SURFACE_STYLE_USAGE(.BOTH.,#12443);
#12443 = SURFACE_SIDE_STYLE('',(#12444));
#12444 = SURFACE_STYLE_FILL_AREA(#12445);
#12445 = FILL_AREA_STYLE('',(#12446));
#12446 = FILL_AREA_STYLE_COLOUR('',#10986);
#12447 = CURVE_STYLE('',#12448,POSITIVE_LENGTH_MEASURE(0.1),#10986);
#12448 = DRAUGHTING_PRE_DEFINED_CURVE_FONT('continuous');
#12449 = STYLED_ITEM('color',(#12450),#745);
#12450 = PRESENTATION_STYLE_ASSIGNMENT((#12451,#12456));
#12451 = SURFACE_STYLE_USAGE(.BOTH.,#12452);
#12452 = SURFACE_SIDE_STYLE('',(#12453));
#12453 = SURFACE_STYLE_FILL_AREA(#12454);
#12454 = FILL_AREA_STYLE('',(#12455));
#12455 = FILL_AREA_STYLE_COLOUR('',#10603);
#12456 = CURVE_STYLE('',#12457,POSITIVE_LENGTH_MEASURE(0.1),#10603);
#12457 = DRAUGHTING_PRE_DEFINED_CURVE_FONT('continuous');
#12458 = STYLED_ITEM('color',(#12459),#778);
#12459 = PRESENTATION_STYLE_ASSIGNMENT((#12460,#12465));
#12460 = SURFACE_STYLE_USAGE(.BOTH.,#12461);
#12461 = SURFACE_SIDE_STYLE('',(#12462));
#12462 = SURFACE_STYLE_FILL_AREA(#12463);
#12463 = FILL_AREA_STYLE('',(#12464));
#12464 = FILL_AREA_STYLE_COLOUR('',#10986);
#12465 = CURVE_STYLE('',#12466,POSITIVE_LENGTH_MEASURE(0.1),#10986);
#12466 = DRAUGHTING_PRE_DEFINED_CURVE_FONT('continuous');
#12467 = STYLED_ITEM('color',(#12468),#795);
#12468 = PRESENTATION_STYLE_ASSIGNMENT((#12469,#12474));
#12469 = SURFACE_STYLE_USAGE(.BOTH.,#12470);
#12470 = SURFACE_SIDE_STYLE('',(#12471));
#12471 = SURFACE_STYLE_FILL_AREA(#12472);
#12472 = FILL_AREA_STYLE('',(#12473));
#12473 = FILL_AREA_STYLE_COLOUR('',#10986);
#12474 = CURVE_STYLE('',#12475,POSITIVE_LENGTH_MEASURE(0.1),#10986);
#12475 = DRAUGHTING_PRE_DEFINED_CURVE_FONT('continuous');
#12476 = STYLED_ITEM('color',(#12477),#812);
#12477 = PRESENTATION_STYLE_ASSIGNMENT((#12478,#12483));
#12478 = SURFACE_STYLE_USAGE(.BOTH.,#12479);
#12479 = SURFACE_SIDE_STYLE('',(#12480));
#12480 = SURFACE_STYLE_FILL_AREA(#12481);
#12481 = FILL_AREA_STYLE('',(#12482));
#12482 = FILL_AREA_STYLE_COLOUR('',#10603);
#12483 = CURVE_STYLE('',#12484,POSITIVE_LENGTH_MEASURE(0.1),#10603);
#12484 = DRAUGHTING_PRE_DEFINED_CURVE_FONT('continuous');
#12485 = STYLED_ITEM('color',(#12486),#845);
#12486 = PRESENTATION_STYLE_ASSIGNMENT((#12487,#12492));
#12487 = SURFACE_STYLE_USAGE(.BOTH.,#12488);
#12488 = SURFACE_SIDE_STYLE('',(#12489));
#12489 = SURFACE_STYLE_FILL_AREA(#12490);
#12490 = FILL_AREA_STYLE('',(#12491));
#12491 = FILL_AREA_STYLE_COLOUR('',#10986);
#12492 = CURVE_STYLE('',#12493,POSITIVE_LENGTH_MEASURE(0.1),#10986);
#12493 = DRAUGHTING_PRE_DEFINED_CURVE_FONT('continuous');
#12494 = STYLED_ITEM('color',(#12495),#875);
#12495 = PRESENTATION_STYLE_ASSIGNMENT((#12496,#12501));
#12496 = SURFACE_STYLE_USAGE(.BOTH.,#12497);
#12497 = SURFACE_SIDE_STYLE('',(#12498));
#12498 = SURFACE_STYLE_FILL_AREA(#12499);
#12499 = FILL_AREA_STYLE('',(#12500));
#12500 = FILL_AREA_STYLE_COLOUR('',#10986);
#12501 = CURVE_STYLE('',#12502,POSITIVE_LENGTH_MEASURE(0.1),#10986);
#12502 = DRAUGHTING_PRE_DEFINED_CURVE_FONT('continuous');
#12503 = STYLED_ITEM('color',(#12504),#898);
#12504 = PRESENTATION_STYLE_ASSIGNMENT((#12505,#12510));
#12505 = SURFACE_STYLE_USAGE(.BOTH.,#12506);
#12506 = SURFACE_SIDE_STYLE('',(#12507));
#12507 = SURFACE_STYLE_FILL_AREA(#12508);
#12508 = FILL_AREA_STYLE('',(#12509));
#12509 = FILL_AREA_STYLE_COLOUR('',#10986);
#12510 = CURVE_STYLE('',#12511,POSITIVE_LENGTH_MEASURE(0.1),#10986);
#12511 = DRAUGHTING_PRE_DEFINED_CURVE_FONT('continuous');
#12512 = STYLED_ITEM('color',(#12513),#921);
#12513 = PRESENTATION_STYLE_ASSIGNMENT((#12514,#12519));
#12514 = SURFACE_STYLE_USAGE(.BOTH.,#12515);
#12515 = SURFACE_SIDE_STYLE('',(#12516));
#12516 = SURFACE_STYLE_FILL_AREA(#12517);
#12517 = FILL_AREA_STYLE('',(#12518));
#12518 = FILL_AREA_STYLE_COLOUR('',#10986);
#12519 = CURVE_STYLE('',#12520,POSITIVE_LENGTH_MEASURE(0.1),#10986);
#12520 = DRAUGHTING_PRE_DEFINED_CURVE_FONT('continuous');
#12521 = STYLED_ITEM('color',(#12522),#938);
#12522 = PRESENTATION_STYLE_ASSIGNMENT((#12523,#12528));
#12523 = SURFACE_STYLE_USAGE(.BOTH.,#12524);
#12524 = SURFACE_SIDE_STYLE('',(#12525));
#12525 = SURFACE_STYLE_FILL_AREA(#12526);
#12526 = FILL_AREA_STYLE('',(#12527));
#12527 = FILL_AREA_STYLE_COLOUR('',#10603);
#12528 = CURVE_STYLE('',#12529,POSITIVE_LENGTH_MEASURE(0.1),#10603);
#12529 = DRAUGHTING_PRE_DEFINED_CURVE_FONT('continuous');
#12530 = STYLED_ITEM('color',(#12531),#967);
#12531 = PRESENTATION_STYLE_ASSIGNMENT((#12532,#12537));
#12532 = SURFACE_STYLE_USAGE(.BOTH.,#12533);
#12533 = SURFACE_SIDE_STYLE('',(#12534));
#12534 = SURFACE_STYLE_FILL_AREA(#12535);
#12535 = FILL_AREA_STYLE('',(#12536));
#12536 = FILL_AREA_STYLE_COLOUR('',#10986);
#12537 = CURVE_STYLE('',#12538,POSITIVE_LENGTH_MEASURE(0.1),#10986);
#12538 = DRAUGHTING_PRE_DEFINED_CURVE_FONT('continuous');
#12539 = STYLED_ITEM('color',(#12540),#1021);
#12540 = PRESENTATION_STYLE_ASSIGNMENT((#12541,#12546));
#12541 = SURFACE_STYLE_USAGE(.BOTH.,#12542);
#12542 = SURFACE_SIDE_STYLE('',(#12543));
#12543 = SURFACE_STYLE_FILL_AREA(#12544);
#12544 = FILL_AREA_STYLE('',(#12545));
#12545 = FILL_AREA_STYLE_COLOUR('',#10986);
#12546 = CURVE_STYLE('',#12547,POSITIVE_LENGTH_MEASURE(0.1),#10986);
#12547 = DRAUGHTING_PRE_DEFINED_CURVE_FONT('continuous');
#12548 = STYLED_ITEM('color',(#12549),#1044);
#12549 = PRESENTATION_STYLE_ASSIGNMENT((#12550,#12555));
#12550 = SURFACE_STYLE_USAGE(.BOTH.,#12551);
#12551 = SURFACE_SIDE_STYLE('',(#12552));
#12552 = SURFACE_STYLE_FILL_AREA(#12553);
#12553 = FILL_AREA_STYLE('',(#12554));
#12554 = FILL_AREA_STYLE_COLOUR('',#10986);
#12555 = CURVE_STYLE('',#12556,POSITIVE_LENGTH_MEASURE(0.1),#10986);
#12556 = DRAUGHTING_PRE_DEFINED_CURVE_FONT('continuous');
#12557 = STYLED_ITEM('color',(#12558),#1067);
#12558 = PRESENTATION_STYLE_ASSIGNMENT((#12559,#12564));
#12559 = SURFACE_STYLE_USAGE(.BOTH.,#12560);
#12560 = SURFACE_SIDE_STYLE('',(#12561));
#12561 = SURFACE_STYLE_FILL_AREA(#12562);
#12562 = FILL_AREA_STYLE('',(#12563));
#12563 = FILL_AREA_STYLE_COLOUR('',#10986);
#12564 = CURVE_STYLE('',#12565,POSITIVE_LENGTH_MEASURE(0.1),#10986);
#12565 = DRAUGHTING_PRE_DEFINED_CURVE_FONT('continuous');
#12566 = STYLED_ITEM('color',(#12567),#1090);
#12567 = PRESENTATION_STYLE_ASSIGNMENT((#12568,#12573));
#12568 = SURFACE_STYLE_USAGE(.BOTH.,#12569);
#12569 = SURFACE_SIDE_STYLE('',(#12570));
#12570 = SURFACE_STYLE_FILL_AREA(#12571);
#12571 = FILL_AREA_STYLE('',(#12572));
#12572 = FILL_AREA_STYLE_COLOUR('',#10986);
#12573 = CURVE_STYLE('',#12574,POSITIVE_LENGTH_MEASURE(0.1),#10986);
#12574 = DRAUGHTING_PRE_DEFINED_CURVE_FONT('continuous');
#12575 = STYLED_ITEM('color',(#12576),#1129);
#12576 = PRESENTATION_STYLE_ASSIGNMENT((#12577,#12582));
#12577 = SURFACE_STYLE_USAGE(.BOTH.,#12578);
#12578 = SURFACE_SIDE_STYLE('',(#12579));
#12579 = SURFACE_STYLE_FILL_AREA(#12580);
#12580 = FILL_AREA_STYLE('',(#12581));
#12581 = FILL_AREA_STYLE_COLOUR('',#10603);
#12582 = CURVE_STYLE('',#12583,POSITIVE_LENGTH_MEASURE(0.1),#10603);
#12583 = DRAUGHTING_PRE_DEFINED_CURVE_FONT('continuous');
#12584 = STYLED_ITEM('color',(#12585),#1151);
#12585 = PRESENTATION_STYLE_ASSIGNMENT((#12586,#12591));
#12586 = SURFACE_STYLE_USAGE(.BOTH.,#12587);
#12587 = SURFACE_SIDE_STYLE('',(#12588));
#12588 = SURFACE_STYLE_FILL_AREA(#12589);
#12589 = FILL_AREA_STYLE('',(#12590));
#12590 = FILL_AREA_STYLE_COLOUR('',#10986);
#12591 = CURVE_STYLE('',#12592,POSITIVE_LENGTH_MEASURE(0.1),#10986);
#12592 = DRAUGHTING_PRE_DEFINED_CURVE_FONT('continuous');
#12593 = STYLED_ITEM('color',(#12594),#1195);
#12594 = PRESENTATION_STYLE_ASSIGNMENT((#12595,#12600));
#12595 = SURFACE_STYLE_USAGE(.BOTH.,#12596);
#12596 = SURFACE_SIDE_STYLE('',(#12597));
#12597 = SURFACE_STYLE_FILL_AREA(#12598);
#12598 = FILL_AREA_STYLE('',(#12599));
#12599 = FILL_AREA_STYLE_COLOUR('',#10603);
#12600 = CURVE_STYLE('',#12601,POSITIVE_LENGTH_MEASURE(0.1),#10603);
#12601 = DRAUGHTING_PRE_DEFINED_CURVE_FONT('continuous');
#12602 = STYLED_ITEM('color',(#12603),#1270);
#12603 = PRESENTATION_STYLE_ASSIGNMENT((#12604,#12609));
#12604 = SURFACE_STYLE_USAGE(.BOTH.,#12605);
#12605 = SURFACE_SIDE_STYLE('',(#12606));
#12606 = SURFACE_STYLE_FILL_AREA(#12607);
#12607 = FILL_AREA_STYLE('',(#12608));
#12608 = FILL_AREA_STYLE_COLOUR('',#10603);
#12609 = CURVE_STYLE('',#12610,POSITIVE_LENGTH_MEASURE(0.1),#10603);
#12610 = DRAUGHTING_PRE_DEFINED_CURVE_FONT('continuous');
#12611 = STYLED_ITEM('color',(#12612),#1294);
#12612 = PRESENTATION_STYLE_ASSIGNMENT((#12613,#12618));
#12613 = SURFACE_STYLE_USAGE(.BOTH.,#12614);
#12614 = SURFACE_SIDE_STYLE('',(#12615));
#12615 = SURFACE_STYLE_FILL_AREA(#12616);
#12616 = FILL_AREA_STYLE('',(#12617));
#12617 = FILL_AREA_STYLE_COLOUR('',#10603);
#12618 = CURVE_STYLE('',#12619,POSITIVE_LENGTH_MEASURE(0.1),#10603);
#12619 = DRAUGHTING_PRE_DEFINED_CURVE_FONT('continuous');
#12620 = STYLED_ITEM('color',(#12621),#1362);
#12621 = PRESENTATION_STYLE_ASSIGNMENT((#12622,#12627));
#12622 = SURFACE_STYLE_USAGE(.BOTH.,#12623);
#12623 = SURFACE_SIDE_STYLE('',(#12624));
#12624 = SURFACE_STYLE_FILL_AREA(#12625);
#12625 = FILL_AREA_STYLE('',(#12626));
#12626 = FILL_AREA_STYLE_COLOUR('',#10986);
#12627 = CURVE_STYLE('',#12628,POSITIVE_LENGTH_MEASURE(0.1),#10986);
#12628 = DRAUGHTING_PRE_DEFINED_CURVE_FONT('continuous');
#12629 = STYLED_ITEM('color',(#12630),#1379);
#12630 = PRESENTATION_STYLE_ASSIGNMENT((#12631,#12636));
#12631 = SURFACE_STYLE_USAGE(.BOTH.,#12632);
#12632 = SURFACE_SIDE_STYLE('',(#12633));
#12633 = SURFACE_STYLE_FILL_AREA(#12634);
#12634 = FILL_AREA_STYLE('',(#12635));
#12635 = FILL_AREA_STYLE_COLOUR('',#10603);
#12636 = CURVE_STYLE('',#12637,POSITIVE_LENGTH_MEASURE(0.1),#10603);
#12637 = DRAUGHTING_PRE_DEFINED_CURVE_FONT('continuous');
#12638 = STYLED_ITEM('color',(#12639),#1454);
#12639 = PRESENTATION_STYLE_ASSIGNMENT((#12640,#12645));
#12640 = SURFACE_STYLE_USAGE(.BOTH.,#12641);
#12641 = SURFACE_SIDE_STYLE('',(#12642));
#12642 = SURFACE_STYLE_FILL_AREA(#12643);
#12643 = FILL_AREA_STYLE('',(#12644));
#12644 = FILL_AREA_STYLE_COLOUR('',#10603);
#12645 = CURVE_STYLE('',#12646,POSITIVE_LENGTH_MEASURE(0.1),#10603);
#12646 = DRAUGHTING_PRE_DEFINED_CURVE_FONT('continuous');
#12647 = STYLED_ITEM('color',(#12648),#1478);
#12648 = PRESENTATION_STYLE_ASSIGNMENT((#12649,#12654));
#12649 = SURFACE_STYLE_USAGE(.BOTH.,#12650);
#12650 = SURFACE_SIDE_STYLE('',(#12651));
#12651 = SURFACE_STYLE_FILL_AREA(#12652);
#12652 = FILL_AREA_STYLE('',(#12653));
#12653 = FILL_AREA_STYLE_COLOUR('',#10603);
#12654 = CURVE_STYLE('',#12655,POSITIVE_LENGTH_MEASURE(0.1),#10603);
#12655 = DRAUGHTING_PRE_DEFINED_CURVE_FONT('continuous');
#12656 = STYLED_ITEM('color',(#12657),#1546);
#12657 = PRESENTATION_STYLE_ASSIGNMENT((#12658,#12663));
#12658 = SURFACE_STYLE_USAGE(.BOTH.,#12659);
#12659 = SURFACE_SIDE_STYLE('',(#12660));
#12660 = SURFACE_STYLE_FILL_AREA(#12661);
#12661 = FILL_AREA_STYLE('',(#12662));
#12662 = FILL_AREA_STYLE_COLOUR('',#10603);
#12663 = CURVE_STYLE('',#12664,POSITIVE_LENGTH_MEASURE(0.1),#10603);
#12664 = DRAUGHTING_PRE_DEFINED_CURVE_FONT('continuous');
#12665 = STYLED_ITEM('color',(#12666),#1621);
#12666 = PRESENTATION_STYLE_ASSIGNMENT((#12667,#12672));
#12667 = SURFACE_STYLE_USAGE(.BOTH.,#12668);
#12668 = SURFACE_SIDE_STYLE('',(#12669));
#12669 = SURFACE_STYLE_FILL_AREA(#12670);
#12670 = FILL_AREA_STYLE('',(#12671));
#12671 = FILL_AREA_STYLE_COLOUR('',#10603);
#12672 = CURVE_STYLE('',#12673,POSITIVE_LENGTH_MEASURE(0.1),#10603);
#12673 = DRAUGHTING_PRE_DEFINED_CURVE_FONT('continuous');
#12674 = STYLED_ITEM('color',(#12675),#1645);
#12675 = PRESENTATION_STYLE_ASSIGNMENT((#12676,#12681));
#12676 = SURFACE_STYLE_USAGE(.BOTH.,#12677);
#12677 = SURFACE_SIDE_STYLE('',(#12678));
#12678 = SURFACE_STYLE_FILL_AREA(#12679);
#12679 = FILL_AREA_STYLE('',(#12680));
#12680 = FILL_AREA_STYLE_COLOUR('',#10603);
#12681 = CURVE_STYLE('',#12682,POSITIVE_LENGTH_MEASURE(0.1),#10603);
#12682 = DRAUGHTING_PRE_DEFINED_CURVE_FONT('continuous');
#12683 = STYLED_ITEM('color',(#12684),#1713);
#12684 = PRESENTATION_STYLE_ASSIGNMENT((#12685,#12690));
#12685 = SURFACE_STYLE_USAGE(.BOTH.,#12686);
#12686 = SURFACE_SIDE_STYLE('',(#12687));
#12687 = SURFACE_STYLE_FILL_AREA(#12688);
#12688 = FILL_AREA_STYLE('',(#12689));
#12689 = FILL_AREA_STYLE_COLOUR('',#10603);
#12690 = CURVE_STYLE('',#12691,POSITIVE_LENGTH_MEASURE(0.1),#10603);
#12691 = DRAUGHTING_PRE_DEFINED_CURVE_FONT('continuous');
#12692 = STYLED_ITEM('color',(#12693),#1730);
#12693 = PRESENTATION_STYLE_ASSIGNMENT((#12694,#12699));
#12694 = SURFACE_STYLE_USAGE(.BOTH.,#12695);
#12695 = SURFACE_SIDE_STYLE('',(#12696));
#12696 = SURFACE_STYLE_FILL_AREA(#12697);
#12697 = FILL_AREA_STYLE('',(#12698));
#12698 = FILL_AREA_STYLE_COLOUR('',#10603);
#12699 = CURVE_STYLE('',#12700,POSITIVE_LENGTH_MEASURE(0.1),#10603);
#12700 = DRAUGHTING_PRE_DEFINED_CURVE_FONT('continuous');
#12701 = STYLED_ITEM('color',(#12702),#1747);
#12702 = PRESENTATION_STYLE_ASSIGNMENT((#12703,#12708));
#12703 = SURFACE_STYLE_USAGE(.BOTH.,#12704);
#12704 = SURFACE_SIDE_STYLE('',(#12705));
#12705 = SURFACE_STYLE_FILL_AREA(#12706);
#12706 = FILL_AREA_STYLE('',(#12707));
#12707 = FILL_AREA_STYLE_COLOUR('',#10986);
#12708 = CURVE_STYLE('',#12709,POSITIVE_LENGTH_MEASURE(0.1),#10986);
#12709 = DRAUGHTING_PRE_DEFINED_CURVE_FONT('continuous');
#12710 = STYLED_ITEM('color',(#12711),#1793);
#12711 = PRESENTATION_STYLE_ASSIGNMENT((#12712,#12717));
#12712 = SURFACE_STYLE_USAGE(.BOTH.,#12713);
#12713 = SURFACE_SIDE_STYLE('',(#12714));
#12714 = SURFACE_STYLE_FILL_AREA(#12715);
#12715 = FILL_AREA_STYLE('',(#12716));
#12716 = FILL_AREA_STYLE_COLOUR('',#10986);
#12717 = CURVE_STYLE('',#12718,POSITIVE_LENGTH_MEASURE(0.1),#10986);
#12718 = DRAUGHTING_PRE_DEFINED_CURVE_FONT('continuous');
#12719 = STYLED_ITEM('color',(#12720),#1809);
#12720 = PRESENTATION_STYLE_ASSIGNMENT((#12721,#12726));
#12721 = SURFACE_STYLE_USAGE(.BOTH.,#12722);
#12722 = SURFACE_SIDE_STYLE('',(#12723));
#12723 = SURFACE_STYLE_FILL_AREA(#12724);
#12724 = FILL_AREA_STYLE('',(#12725));
#12725 = FILL_AREA_STYLE_COLOUR('',#10986);
#12726 = CURVE_STYLE('',#12727,POSITIVE_LENGTH_MEASURE(0.1),#10986);
#12727 = DRAUGHTING_PRE_DEFINED_CURVE_FONT('continuous');
#12728 = STYLED_ITEM('color',(#12729),#1825);
#12729 = PRESENTATION_STYLE_ASSIGNMENT((#12730,#12735));
#12730 = SURFACE_STYLE_USAGE(.BOTH.,#12731);
#12731 = SURFACE_SIDE_STYLE('',(#12732));
#12732 = SURFACE_STYLE_FILL_AREA(#12733);
#12733 = FILL_AREA_STYLE('',(#12734));
#12734 = FILL_AREA_STYLE_COLOUR('',#10603);
#12735 = CURVE_STYLE('',#12736,POSITIVE_LENGTH_MEASURE(0.1),#10603);
#12736 = DRAUGHTING_PRE_DEFINED_CURVE_FONT('continuous');
#12737 = STYLED_ITEM('color',(#12738),#1842);
#12738 = PRESENTATION_STYLE_ASSIGNMENT((#12739,#12744));
#12739 = SURFACE_STYLE_USAGE(.BOTH.,#12740);
#12740 = SURFACE_SIDE_STYLE('',(#12741));
#12741 = SURFACE_STYLE_FILL_AREA(#12742);
#12742 = FILL_AREA_STYLE('',(#12743));
#12743 = FILL_AREA_STYLE_COLOUR('',#10986);
#12744 = CURVE_STYLE('',#12745,POSITIVE_LENGTH_MEASURE(0.1),#10986);
#12745 = DRAUGHTING_PRE_DEFINED_CURVE_FONT('continuous');
#12746 = STYLED_ITEM('color',(#12747),#1854);
#12747 = PRESENTATION_STYLE_ASSIGNMENT((#12748,#12753));
#12748 = SURFACE_STYLE_USAGE(.BOTH.,#12749);
#12749 = SURFACE_SIDE_STYLE('',(#12750));
#12750 = SURFACE_STYLE_FILL_AREA(#12751);
#12751 = FILL_AREA_STYLE('',(#12752));
#12752 = FILL_AREA_STYLE_COLOUR('',#10603);
#12753 = CURVE_STYLE('',#12754,POSITIVE_LENGTH_MEASURE(0.1),#10603);
#12754 = DRAUGHTING_PRE_DEFINED_CURVE_FONT('continuous');
#12755 = STYLED_ITEM('color',(#12756),#1871);
#12756 = PRESENTATION_STYLE_ASSIGNMENT((#12757,#12762));
#12757 = SURFACE_STYLE_USAGE(.BOTH.,#12758);
#12758 = SURFACE_SIDE_STYLE('',(#12759));
#12759 = SURFACE_STYLE_FILL_AREA(#12760);
#12760 = FILL_AREA_STYLE('',(#12761));
#12761 = FILL_AREA_STYLE_COLOUR('',#10603);
#12762 = CURVE_STYLE('',#12763,POSITIVE_LENGTH_MEASURE(0.1),#10603);
#12763 = DRAUGHTING_PRE_DEFINED_CURVE_FONT('continuous');
#12764 = STYLED_ITEM('color',(#12765),#1888);
#12765 = PRESENTATION_STYLE_ASSIGNMENT((#12766,#12771));
#12766 = SURFACE_STYLE_USAGE(.BOTH.,#12767);
#12767 = SURFACE_SIDE_STYLE('',(#12768));
#12768 = SURFACE_STYLE_FILL_AREA(#12769);
#12769 = FILL_AREA_STYLE('',(#12770));
#12770 = FILL_AREA_STYLE_COLOUR('',#10603);
#12771 = CURVE_STYLE('',#12772,POSITIVE_LENGTH_MEASURE(0.1),#10603);
#12772 = DRAUGHTING_PRE_DEFINED_CURVE_FONT('continuous');
#12773 = STYLED_ITEM('color',(#12774),#1905);
#12774 = PRESENTATION_STYLE_ASSIGNMENT((#12775,#12780));
#12775 = SURFACE_STYLE_USAGE(.BOTH.,#12776);
#12776 = SURFACE_SIDE_STYLE('',(#12777));
#12777 = SURFACE_STYLE_FILL_AREA(#12778);
#12778 = FILL_AREA_STYLE('',(#12779));
#12779 = FILL_AREA_STYLE_COLOUR('',#10603);
#12780 = CURVE_STYLE('',#12781,POSITIVE_LENGTH_MEASURE(0.1),#10603);
#12781 = DRAUGHTING_PRE_DEFINED_CURVE_FONT('continuous');
#12782 = STYLED_ITEM('color',(#12783),#1922);
#12783 = PRESENTATION_STYLE_ASSIGNMENT((#12784,#12789));
#12784 = SURFACE_STYLE_USAGE(.BOTH.,#12785);
#12785 = SURFACE_SIDE_STYLE('',(#12786));
#12786 = SURFACE_STYLE_FILL_AREA(#12787);
#12787 = FILL_AREA_STYLE('',(#12788));
#12788 = FILL_AREA_STYLE_COLOUR('',#10603);
#12789 = CURVE_STYLE('',#12790,POSITIVE_LENGTH_MEASURE(0.1),#10603);
#12790 = DRAUGHTING_PRE_DEFINED_CURVE_FONT('continuous');
#12791 = STYLED_ITEM('color',(#12792),#1939);
#12792 = PRESENTATION_STYLE_ASSIGNMENT((#12793,#12798));
#12793 = SURFACE_STYLE_USAGE(.BOTH.,#12794);
#12794 = SURFACE_SIDE_STYLE('',(#12795));
#12795 = SURFACE_STYLE_FILL_AREA(#12796);
#12796 = FILL_AREA_STYLE('',(#12797));
#12797 = FILL_AREA_STYLE_COLOUR('',#10603);
#12798 = CURVE_STYLE('',#12799,POSITIVE_LENGTH_MEASURE(0.1),#10603);
#12799 = DRAUGHTING_PRE_DEFINED_CURVE_FONT('continuous');
#12800 = STYLED_ITEM('color',(#12801),#1956);
#12801 = PRESENTATION_STYLE_ASSIGNMENT((#12802,#12807));
#12802 = SURFACE_STYLE_USAGE(.BOTH.,#12803);
#12803 = SURFACE_SIDE_STYLE('',(#12804));
#12804 = SURFACE_STYLE_FILL_AREA(#12805);
#12805 = FILL_AREA_STYLE('',(#12806));
#12806 = FILL_AREA_STYLE_COLOUR('',#10603);
#12807 = CURVE_STYLE('',#12808,POSITIVE_LENGTH_MEASURE(0.1),#10603);
#12808 = DRAUGHTING_PRE_DEFINED_CURVE_FONT('continuous');
#12809 = STYLED_ITEM('color',(#12810),#1968);
#12810 = PRESENTATION_STYLE_ASSIGNMENT((#12811,#12816));
#12811 = SURFACE_STYLE_USAGE(.BOTH.,#12812);
#12812 = SURFACE_SIDE_STYLE('',(#12813));
#12813 = SURFACE_STYLE_FILL_AREA(#12814);
#12814 = FILL_AREA_STYLE('',(#12815));
#12815 = FILL_AREA_STYLE_COLOUR('',#10603);
#12816 = CURVE_STYLE('',#12817,POSITIVE_LENGTH_MEASURE(0.1),#10603);
#12817 = DRAUGHTING_PRE_DEFINED_CURVE_FONT('continuous');
#12818 = STYLED_ITEM('color',(#12819),#1985);
#12819 = PRESENTATION_STYLE_ASSIGNMENT((#12820,#12825));
#12820 = SURFACE_STYLE_USAGE(.BOTH.,#12821);
#12821 = SURFACE_SIDE_STYLE('',(#12822));
#12822 = SURFACE_STYLE_FILL_AREA(#12823);
#12823 = FILL_AREA_STYLE('',(#12824));
#12824 = FILL_AREA_STYLE_COLOUR('',#10603);
#12825 = CURVE_STYLE('',#12826,POSITIVE_LENGTH_MEASURE(0.1),#10603);
#12826 = DRAUGHTING_PRE_DEFINED_CURVE_FONT('continuous');
#12827 = STYLED_ITEM('color',(#12828),#2002);
#12828 = PRESENTATION_STYLE_ASSIGNMENT((#12829,#12834));
#12829 = SURFACE_STYLE_USAGE(.BOTH.,#12830);
#12830 = SURFACE_SIDE_STYLE('',(#12831));
#12831 = SURFACE_STYLE_FILL_AREA(#12832);
#12832 = FILL_AREA_STYLE('',(#12833));
#12833 = FILL_AREA_STYLE_COLOUR('',#10603);
#12834 = CURVE_STYLE('',#12835,POSITIVE_LENGTH_MEASURE(0.1),#10603);
#12835 = DRAUGHTING_PRE_DEFINED_CURVE_FONT('continuous');
#12836 = STYLED_ITEM('color',(#12837),#2019);
#12837 = PRESENTATION_STYLE_ASSIGNMENT((#12838,#12843));
#12838 = SURFACE_STYLE_USAGE(.BOTH.,#12839);
#12839 = SURFACE_SIDE_STYLE('',(#12840));
#12840 = SURFACE_STYLE_FILL_AREA(#12841);
#12841 = FILL_AREA_STYLE('',(#12842));
#12842 = FILL_AREA_STYLE_COLOUR('',#10603);
#12843 = CURVE_STYLE('',#12844,POSITIVE_LENGTH_MEASURE(0.1),#10603);
#12844 = DRAUGHTING_PRE_DEFINED_CURVE_FONT('continuous');
#12845 = STYLED_ITEM('color',(#12846),#2036);
#12846 = PRESENTATION_STYLE_ASSIGNMENT((#12847,#12852));
#12847 = SURFACE_STYLE_USAGE(.BOTH.,#12848);
#12848 = SURFACE_SIDE_STYLE('',(#12849));
#12849 = SURFACE_STYLE_FILL_AREA(#12850);
#12850 = FILL_AREA_STYLE('',(#12851));
#12851 = FILL_AREA_STYLE_COLOUR('',#10603);
#12852 = CURVE_STYLE('',#12853,POSITIVE_LENGTH_MEASURE(0.1),#10603);
#12853 = DRAUGHTING_PRE_DEFINED_CURVE_FONT('continuous');
#12854 = STYLED_ITEM('color',(#12855),#2053);
#12855 = PRESENTATION_STYLE_ASSIGNMENT((#12856,#12861));
#12856 = SURFACE_STYLE_USAGE(.BOTH.,#12857);
#12857 = SURFACE_SIDE_STYLE('',(#12858));
#12858 = SURFACE_STYLE_FILL_AREA(#12859);
#12859 = FILL_AREA_STYLE('',(#12860));
#12860 = FILL_AREA_STYLE_COLOUR('',#10603);
#12861 = CURVE_STYLE('',#12862,POSITIVE_LENGTH_MEASURE(0.1),#10603);
#12862 = DRAUGHTING_PRE_DEFINED_CURVE_FONT('continuous');
#12863 = STYLED_ITEM('color',(#12864),#2065);
#12864 = PRESENTATION_STYLE_ASSIGNMENT((#12865,#12870));
#12865 = SURFACE_STYLE_USAGE(.BOTH.,#12866);
#12866 = SURFACE_SIDE_STYLE('',(#12867));
#12867 = SURFACE_STYLE_FILL_AREA(#12868);
#12868 = FILL_AREA_STYLE('',(#12869));
#12869 = FILL_AREA_STYLE_COLOUR('',#10603);
#12870 = CURVE_STYLE('',#12871,POSITIVE_LENGTH_MEASURE(0.1),#10603);
#12871 = DRAUGHTING_PRE_DEFINED_CURVE_FONT('continuous');
#12872 = STYLED_ITEM('color',(#12873),#2082);
#12873 = PRESENTATION_STYLE_ASSIGNMENT((#12874,#12879));
#12874 = SURFACE_STYLE_USAGE(.BOTH.,#12875);
#12875 = SURFACE_SIDE_STYLE('',(#12876));
#12876 = SURFACE_STYLE_FILL_AREA(#12877);
#12877 = FILL_AREA_STYLE('',(#12878));
#12878 = FILL_AREA_STYLE_COLOUR('',#10603);
#12879 = CURVE_STYLE('',#12880,POSITIVE_LENGTH_MEASURE(0.1),#10603);
#12880 = DRAUGHTING_PRE_DEFINED_CURVE_FONT('continuous');
#12881 = STYLED_ITEM('color',(#12882),#2099);
#12882 = PRESENTATION_STYLE_ASSIGNMENT((#12883,#12888));
#12883 = SURFACE_STYLE_USAGE(.BOTH.,#12884);
#12884 = SURFACE_SIDE_STYLE('',(#12885));
#12885 = SURFACE_STYLE_FILL_AREA(#12886);
#12886 = FILL_AREA_STYLE('',(#12887));
#12887 = FILL_AREA_STYLE_COLOUR('',#10603);
#12888 = CURVE_STYLE('',#12889,POSITIVE_LENGTH_MEASURE(0.1),#10603);
#12889 = DRAUGHTING_PRE_DEFINED_CURVE_FONT('continuous');
#12890 = STYLED_ITEM('color',(#12891),#2116);
#12891 = PRESENTATION_STYLE_ASSIGNMENT((#12892,#12897));
#12892 = SURFACE_STYLE_USAGE(.BOTH.,#12893);
#12893 = SURFACE_SIDE_STYLE('',(#12894));
#12894 = SURFACE_STYLE_FILL_AREA(#12895);
#12895 = FILL_AREA_STYLE('',(#12896));
#12896 = FILL_AREA_STYLE_COLOUR('',#10603);
#12897 = CURVE_STYLE('',#12898,POSITIVE_LENGTH_MEASURE(0.1),#10603);
#12898 = DRAUGHTING_PRE_DEFINED_CURVE_FONT('continuous');
#12899 = STYLED_ITEM('color',(#12900),#2133);
#12900 = PRESENTATION_STYLE_ASSIGNMENT((#12901,#12906));
#12901 = SURFACE_STYLE_USAGE(.BOTH.,#12902);
#12902 = SURFACE_SIDE_STYLE('',(#12903));
#12903 = SURFACE_STYLE_FILL_AREA(#12904);
#12904 = FILL_AREA_STYLE('',(#12905));
#12905 = FILL_AREA_STYLE_COLOUR('',#10603);
#12906 = CURVE_STYLE('',#12907,POSITIVE_LENGTH_MEASURE(0.1),#10603);
#12907 = DRAUGHTING_PRE_DEFINED_CURVE_FONT('continuous');
#12908 = STYLED_ITEM('color',(#12909),#2150);
#12909 = PRESENTATION_STYLE_ASSIGNMENT((#12910,#12915));
#12910 = SURFACE_STYLE_USAGE(.BOTH.,#12911);
#12911 = SURFACE_SIDE_STYLE('',(#12912));
#12912 = SURFACE_STYLE_FILL_AREA(#12913);
#12913 = FILL_AREA_STYLE('',(#12914));
#12914 = FILL_AREA_STYLE_COLOUR('',#10603);
#12915 = CURVE_STYLE('',#12916,POSITIVE_LENGTH_MEASURE(0.1),#10603);
#12916 = DRAUGHTING_PRE_DEFINED_CURVE_FONT('continuous');
#12917 = STYLED_ITEM('color',(#12918),#2162);
#12918 = PRESENTATION_STYLE_ASSIGNMENT((#12919,#12924));
#12919 = SURFACE_STYLE_USAGE(.BOTH.,#12920);
#12920 = SURFACE_SIDE_STYLE('',(#12921));
#12921 = SURFACE_STYLE_FILL_AREA(#12922);
#12922 = FILL_AREA_STYLE('',(#12923));
#12923 = FILL_AREA_STYLE_COLOUR('',#12301);
#12924 = CURVE_STYLE('',#12925,POSITIVE_LENGTH_MEASURE(0.1),#12301);
#12925 = DRAUGHTING_PRE_DEFINED_CURVE_FONT('continuous');
ENDSEC;
END-ISO-10303-21;
